quantity,bin,binBarcode,shelf,level,productName,productType,sku,option1,option2,option3,lotName,expiration,warehouse,minCost,avgCost,maxCost,price,committed,incoming,velocity
3,Grooming,1778252024408,Eliot's Trailer,1,Andis AGC Super 2-Speed Clipper with T-84 Blade,"Horse Care > Grooming & Bathing > Clippers, Blades & Accessories",23330,Title: Default Title,,,,,Corro Trailer 1,144310,144310,144310,209990,0,0,
2,Grooming,1778252024408,Eliot's Trailer,1,Lucky Braids All-in-One Horse Shampoo,"Horse Care > Grooming & Bathing > Shampoos, Conditioners, & Sprays > Shampoos",2325,Size: 1 Quart,,,,,Corro Trailer 1,20000,20000,20000,30990,0,0,0.075072736
4,Supplements,1778252144213,Eliot's Trailer,1,Finish Line Apple-A-Day Electrolytes,Horse Care > Supplements > Electrolytes & Salt,2005,Size: 5 Pounds,,,,,Corro Trailer 1,11930,11930,11930,16490,0,0,0.15248352
12,Tack,1778180207021,Eliot's Trailer,1,Carr & Day & Martin Belvoir Glycerin Conditioning Soap,Tack & Equipment > Leather Care,10020,Size: 250 Milligrams,,,,,Corro Trailer 1,5450,5450,5450,9990,0,0,
8,Fly Gear,1778252234584,Eliot's Trailer,1,Farnam Bronco Equine Fly Spray,Horse Care > Fly & Insect Control > Fly Sprays & Traps,100502328,Size: 1 Quart,,,,,Corro Trailer 1,5450,5450,5450,12990,0,7,
5,Fly Gear,1778252234584,Eliot's Trailer,1,Farnam Bronco Equine Fly Spray,Horse Care > Fly & Insect Control > Fly Sprays & Traps,100502327,Size: 1 Gallon,,,,,Corro Trailer 1,18380,18380,18380,29970,0,0,0.011413934
20,First Aid,1778252086689,Eliot's Trailer,1,Andover CoFlex Vet Cohesive Bandages - Single Roll,Horse Care > First Aid & Wellness > First Aid Supplies,3540WH-018,Size: 4-inch x 5 Yards,Color: White,,,,Corro Trailer 1,1500,1500,1500,1990,0,0,
4,First Aid,1778252086689,Eliot's Trailer,1,Sore No-More Classic Herbal Gelotion Liniment,Horse Care > First Aid & Wellness > Liniments,AD005,Size: 1 Gallon,,,,,Corro Trailer 1,73370,73370,73370,132920,0,0,
28,First Aid,1778252086689,Eliot's Trailer,1,Andover CoFlex Vet Cohesive Bandages - Single Roll,Horse Care > First Aid & Wellness > First Aid Supplies,3540BK-018,Size: 4-inch x 5 Yards,Color: Black,,,,Corro Trailer 1,1460,1460,1460,1990,0,0,0.434476
4,First Aid,1778252086689,Eliot's Trailer,1,Absorbine CoolDown Herbal Rinse,Horse Care > First Aid & Wellness > Liniments,427870,Size: 32 Ounces,,,,,Corro Trailer 1,18530,18687,18800,24490,0,0,0.042866185
6,Grooming,1778252024408,Eliot's Trailer,1,Cowboy Magic Detangler & Shine,"Horse Care > Grooming & Bathing > Shampoos, Conditioners & Sprays > Detanglers, Shines & Sprays",11815-2,Size: 16 Ounces,,,,,Corro Trailer 1,21080,21880,23480,28990,0,0,0.040535416
2,Grooming,1778252024408,Eliot's Trailer,1,Cowboy Magic GreenSpot Remover,"Horse Care > Grooming & Bathing > Shampoos, Conditioners, & Sprays > Stain Removers",320444,Size: Gallon,,,,,Corro Trailer 1,24470,24755,25040,39990,0,0,
6,Grooming,1778252024408,Eliot's Trailer,1,Cowboy Magic Detangler & Shine,"Horse Care > Grooming & Bathing > Shampoos, Conditioners & Sprays > Detanglers, Shines & Sprays",11815-3,Size: 32 Ounces,,,,,Corro Trailer 1,38300,39947,43240,49990,0,0,
2,Grooming,1778252024408,Eliot's Trailer,1,Cowboy Magic GreenSpot Remover,"Horse Care > Grooming & Bathing > Shampoos, Conditioners, & Sprays > Stain Removers",013-4000,Size: 32 Ounces,,,,,Corro Trailer 1,7410,7410,7410,14990,0,0,0.0342251
5,Treats / Toys,1778252144214,Eliot's Trailer,1,Cavalor Crunchies Healthy Horse Snacks,Horse Care > Treats & Toys > Treats,82696309,Size: 1.5 Kilograms,,,Lot# LL099,2026-09-10,Corro Trailer 1,13450,13450,13450,19990,0,0,0.13418974
6,Supplements,1778252144213,Eliot's Trailer,1,Cavalor An Energy Boost,Horse Care > Supplements > Performance & Energy,82193806,"Size: 60 cc, 6-pack",,,Lot# 25070021,2027-09-30,Corro Trailer 1,57190,57190,57190,83990,0,0,0.1533254
2,Supplements,1778252144213,Eliot's Trailer,1,Kentucky Performance Elevate Maintenance Powder,Horse Care > Supplements > Vitamins & Minerals,990011,Size: 10 Pounds Powder,,,Lot# 550,2027-10-01,Corro Trailer 1,196500,197230,198690,249950,0,0,0.030988999
3,Supplements,1778252144213,Eliot's Trailer,1,Kentucky Performance Elevate Maintenance Powder,Horse Care > Supplements > Vitamins & Minerals,14526-1,Size: 2 Pounds Powder,,,Lot# 550,2027-10-01,Corro Trailer 1,39940,39943,39950,54990,0,0,0.036702905
1,Supplements,1778252144213,Eliot's Trailer,1,Kentucky Performance Elevate Maintenance Powder,Horse Care > Supplements > Vitamins & Minerals,14526-1,Size: 2 Pounds Powder,,,Lot# 3306115,2027-06-01,Corro Trailer 1,39940,39943,39950,54990,0,0,0.036702905
4,First Aid,1778252086689,Eliot's Trailer,1,Cavalor FreeBute Pain Relief Gel,Horse Care > First Aid & Wellness > Liniments,82194852,Size: 200 Milliliters,,,,,Corro Trailer 1,26590,26590,26590,38990,0,0,
4,Hoof Care,1778252024407,Eliot's Trailer,1,Keratex Hoof Hardener,Horse Care > Grooming & Bathing > Hoof Oils & Conditioner,13477-1,Size: 250 Millileters,,,,,Corro Trailer 1,29140,29140,29140,39990,0,0,0.075048946
1,First Aid,1778252086689,Eliot's Trailer,1,Effol Hoof Oil,Horse Care > Grooming & Bathing > Hoof Oils & Conditioner,111475,Size: 475 Milliliters,,,,,Corro Trailer 1,14200,14200,14200,24990,0,0,0.061886486
11,Hoof Care,1778252024407,Eliot's Trailer,1,Absorbine Hooflex Thrush Remedy,Horse Care > First Aid & Wellness > Hoof Care > Thrush,428455,Size: 12 Ounces,,,,,Corro Trailer 1,11700,11700,11700,16990,0,0,0.12841044
1,First Aid,1778252086689,Eliot's Trailer,1,Absorbine Hooflex All Natural Dressing And Conditioner,Horse Care > Grooming & Bathing > Hoof Oils & Conditioner,14496-1,Size: 15 Ounces,,,,,Corro Trailer 1,13970,13970,13970,20890,0,0,0.040885072
2,First Aid,1778252086689,Eliot's Trailer,1,Effol Hoof Ointment,Horse Care > Grooming & Bathing > Hoof Oils & Conditioner,110112,Size: 1 Liter,Color: Green,,,,Corro Trailer 1,14500,14500,14500,21990,0,0,
2,First Aid,1778252086689,Eliot's Trailer,1,Absorbine Hooflex Therapeutic Conditioner Liquid,Horse Care > Grooming & Bathing > Hoof Oils & Conditioner,11713-1,Size: 15 Ounces,,,,,Corro Trailer 1,12720,12720,12720,19790,0,0,
0,Hoof Care,1778252024407,Eliot's Trailer,1,Cavalor Ice Clay,Horse Care > First Aid & Wellness > Poultices & Hoof Packing,82191704,Size: 4 kg,,,,,Corro Trailer 1,44190,44190,44190,64990,0,0,0.030467667
6,Fly Gear,1778252234584,Eliot's Trailer,1,Pyranha Insecticide,Horse Care > Fly & Insect Control > Fly Sprays & Traps,001AERO,Size: 15 Ounces,,,,,Corro Trailer 1,17260,17260,17260,24990,0,0,
2,Treats / Toys,1778252144214,Eliot's Trailer,1,Horsemen's Pride Jolly Ball,Horse Care > Treats & Toys > Toys & Licks,410PK,Flavor: Bubble Gum,Size: 10-inch,,,,Corro Trailer 1,15720,15720,15720,22990,0,0,0.09744014
3,Hoof Care,1778252024407,Eliot's Trailer,1,Absorbine Magic Cushion,Horse Care > First Aid & Wellness > Poultices & Hoof Packing,13671-2,Size: 4 Pounds,,,,,Corro Trailer 1,38320,41700,45080,56190,0,0,0.09412552
5,Hoof Care,1778252024407,Eliot's Trailer,1,Absorbine Magic Cushion,Horse Care > First Aid & Wellness > Poultices & Hoof Packing,13671-3,Size: 8 Pounds,,,,,Corro Trailer 1,64930,69655,74380,96190,0,0,
6,Supplements,1778252144213,Eliot's Trailer,1,Mare Magic Calming Supplement,Horse Care > Supplements > Calming & Focus,12416-3,Size: 32 Ounces,,,Lot #1623833,2027-04-01,Corro Trailer 1,34150,34150,34150,49990,0,0,0.05905591
1,Hoof Care,1778252024407,Eliot's Trailer,1,Absorbine Magic Cushion Xtreme,Horse Care > First Aid & Wellness > Poultices & Hoof Packing,13670-2,Size: 4 Pounds,,,,,Corro Trailer 1,50070,50070,50070,67590,0,2,0.12853113
0,Treats / Toys,1778252144214,Eliot's Trailer,1,Mrs. Pastures Cookies for Horses,Horse Care > Treats & Toys > Treats,708852000352,Size: 32 Ounces,,,,,Corro Trailer 1,7300,7300,7300,14990,0,0,0.07351338
8,Supplements,1778252144213,Eliot's Trailer,1,Panacur Powerpac Equine Dewormer,Horse Care > Supplements > Wormer,001-069276,"Size: 57 Grams, 5-Pack",,,Lot# A535B01,2028-06-01,Corro Trailer 1,79500,80030,81090,95990,0,0,
4,Grooming,1778252024408,Eliot's Trailer,1,exhibitor's QUIC BRAID Total Mane & Tail Control,Horse Care > Grooming & Bathing > Brushes & Tools > Braiding,12028-2,Size: 64 Ounces,,,,,Corro Trailer 1,19090,19090,19090,29990,0,0,0.012712601
3,Grooming,1778252024408,Eliot's Trailer,1,exhibitor's QUIC BRAID Total Mane & Tail Control,Horse Care > Grooming & Bathing > Brushes & Tools > Braiding,321326,Size: 16 Ounces,,,,,Corro Trailer 1,8060,8060,8060,15340,0,4,0.04108005
27,Grooming,1778252024408,Eliot's Trailer,1,exhibitor's QUIC SILVER Whitening Intensifier & Shampoo,"Horse Care > Grooming & Bathing > Shampoos, Conditioners, & Sprays > Shampoos",321164,Size: 64 Ounces,,,,,Corro Trailer 1,23230,23230,23230,35990,0,0,0.050456528
6,Grooming,1778252024408,Eliot's Trailer,1,exhibitor's QUIC SILVER Whitening Intensifier & Shampoo,"Horse Care > Grooming & Bathing > Shampoos, Conditioners, & Sprays > Shampoos",12029-1,Size: 16 Ounces,,,,,Corro Trailer 1,7630,7630,7630,13990,0,0,0.036325898
4,Supplements,1778252144213,Eliot's Trailer,1,Horse Health Products Red Cell Vitamin-Iron-Mineral Supplement,Horse Care > Supplements > Performance & Energy,74110,Size: 1 Gallon,,,,,Corro Trailer 1,21840,21840,21840,34970,0,0,
2,Cycle Counts Grooming,1785512013430,Eliot's Trailer,1,Shapley's Show Touch Ups,"Horse Care > Grooming & Bathing > Shampoos, Conditioners, & Sprays > Stain Removers",STUGDS,Size: 10 Ounces,Color: Gray,,,,Corro Trailer 1,9940,9940,9940,12990,0,0,
2,Cycle Counts Grooming,1785512013430,Eliot's Trailer,1,Shapley's Show Touch Ups,"Horse Care > Grooming & Bathing > Shampoos, Conditioners, & Sprays > Stain Removers",13018-3,Size: 10 Ounces,Color: Dark Brown,,,,Corro Trailer 1,9940,9940,9940,12990,0,0,
2,Cycle Counts Grooming,1785512013430,Eliot's Trailer,1,Shapley's Show Touch Ups,"Horse Care > Grooming & Bathing > Shampoos, Conditioners, & Sprays > Stain Removers",STUSDS,Size: 10 Ounces,Color: Sorrel,,,,Corro Trailer 1,9940,9940,9940,12990,0,0,0.011579682
2,Cycle Counts Grooming,1785512013430,Eliot's Trailer,1,Shapley's Show Touch Ups,"Horse Care > Grooming & Bathing > Shampoos, Conditioners, & Sprays > Stain Removers",STU-C DS,Size: 10 Ounces,Color: Chestnut,,,,Corro Trailer 1,9940,9940,9940,12990,0,0,
2,Cycle Counts Grooming,1785512013430,Eliot's Trailer,1,Shapley's Show Touch Ups,"Horse Care > Grooming & Bathing > Shampoos, Conditioners, & Sprays > Stain Removers",STUPDS,Size: 10 Ounces,Color: Palomino,,,,Corro Trailer 1,9940,9940,9940,12990,0,0,0.01806603
5,Cycle Counts Grooming,1785512013430,Eliot's Trailer,1,Shapley's Show Touch Ups,"Horse Care > Grooming & Bathing > Shampoos, Conditioners, & Sprays > Stain Removers",13018-5,Size: 10 Ounces,Color: Medium Brown,,,,Corro Trailer 1,9940,9940,9940,12990,0,0,0.011579682
0,Grooming,1778252024408,Eliot's Trailer,1,Absorbine ShowSheen Hair Polish & Detangler,"Horse Care > Grooming & Bathing > Shampoos, Conditioners & Sprays > Detanglers, Shines & Sprays",428940,Size: 1 Gallon,,,,,Corro Trailer 1,30160,30160,30160,43590,0,0,0.07378313
15,Cycle Counts Grooming,1785512013430,Eliot's Trailer,1,Absorbine ShowSheen Hair Polish & Detangler,"Horse Care > Grooming & Bathing > Shampoos, Conditioners & Sprays > Detanglers, Shines & Sprays",428940,Size: 1 Gallon,,,,,Corro Trailer 1,30160,30160,30160,43590,0,0,0.07378313
5,Cycle Counts Grooming,1785512013430,Eliot's Trailer,1,Shapley's Show Touch Ups,"Horse Care > Grooming & Bathing > Shampoos, Conditioners, & Sprays > Stain Removers",13018-8,Size: 10 Ounces,Color: White,,,,Corro Trailer 1,9940,9940,9940,12990,0,0,0.01806603
12,Grooming,1778252024408,Eliot's Trailer,1,Absorbine ShowSheen Hair Polish & Detangler,"Horse Care > Grooming & Bathing > Shampoos, Conditioners & Sprays > Detanglers, Shines & Sprays",11094-1,Size: 32-Ounce Spray,,,,,Corro Trailer 1,11940,11940,11940,17990,0,0,0.017362805
7,Cycle Counts Grooming,1785512013430,Eliot's Trailer,1,Shapley's Show Touch Ups,"Horse Care > Grooming & Bathing > Shampoos, Conditioners, & Sprays > Stain Removers",STU-BDS,Size: 10 Ounces,Color: Black,,,,Corro Trailer 1,9940,9940,9940,12990,0,0,
2,Hoof Care,1778252024407,Eliot's Trailer,1,Hawthorne Products Sole Pack Medicated Liquid Hoof Dressing,Horse Care > First Aid & Wellness > Poultices & Hoof Packing,1003,Size: 16 Ounces,,,,,Corro Trailer 1,8220,8220,8220,22990,0,0,0.064265564
2,Hoof Care,1778252024407,Eliot's Trailer,1,Hawthorne Products Sole Pack Medicated Hoof Packing Paste,Horse Care > First Aid & Wellness > Poultices & Hoof Packing,16824-2,Size: 8 Pounds,,,,,Corro Trailer 1,74770,74770,74770,94990,0,8,0.12652257
6,Fly Gear,1778252234584,Eliot's Trailer,1,Farnam SWAT Fly Repellent Ointment,Horse Care > Fly & Insect Control > Fly Sprays & Traps,100532426,Size: 7 Ounces,Color: Clear,,,,Corro Trailer 1,0,4920,9840,15490,0,0,0.023375543
2,Treats / Toys,1778252144214,Eliot's Trailer,1,Cavalor Sweeties Healthy Horse Snacks,Horse Care > Treats & Toys > Treats,82696304,Size: 750 Grams,,,Lot# LL297,2027-04-24,Corro Trailer 1,7290,7290,7290,10950,0,0,0.15811269
0,Grooming,1778252024408,Eliot's Trailer,1,Epona Tiger’s Tongue Horse Groomer,"Horse Care > Grooming & Bathing > Brushes & Tools > Grooming Gloves, Curry Combs & Deshedding Tools",TIGER-1010,Title: Default Title,,,,,Corro Trailer 1,3750,3750,3750,9950,0,0,0.12712601
46,Cycle Counts Grooming,1785512013430,Eliot's Trailer,1,Epona Tiger’s Tongue Horse Groomer,"Horse Care > Grooming & Bathing > Brushes & Tools > Grooming Gloves, Curry Combs & Deshedding Tools",TIGER-1010,Title: Default Title,,,,,Corro Trailer 1,3750,3750,3750,9950,0,0,0.12712601
2,Fly Gear,1778252234584,Eliot's Trailer,1,Absorbine UltraShield Green Natural Fly Repellent,Horse Care > Fly & Insect Control > Fly Sprays & Traps,429501,Size: 32 Ounces,,,,,Corro Trailer 1,15480,15480,15480,23590,0,0,
32,Supplements,1778252144213,Eliot's Trailer,1,Merial UlcerGard Oral Paste,Horse Care > Supplements > Digestive & Gut Health,126652,Size: 1 Syringe,,,Lot# AD017/25,2026-11-01,Corro Trailer 1,36650,37750,38850,42990,0,0,0.527868
4,First Aid,1778252086689,Eliot's Trailer,1,3M Vetrap Bandaging Tape,Horse Care > First Aid & Wellness > First Aid Supplies,1410BK,Size: 4-inch x 5 Yards,Color: Black,,,,Corro Trailer 1,2050,2160,2270,2890,0,0,0.13230708
10,First Aid,1778252086689,Eliot's Trailer,1,Absorbine Veterinary Liniment Gel,Horse Care > First Aid & Wellness > Liniments,11015-2,Size: 12 Ounces,,,,,Corro Trailer 1,11140,11140,11140,15450,0,0,0.045910724
20,First Aid,1778252086689,Eliot's Trailer,1,3M Vetrap Bandaging Tape,Horse Care > First Aid & Wellness > First Aid Supplies,1410B,Size: 4-inch x 5 Yards,Color: Blue,,,,Corro Trailer 1,2050,2160,2270,2890,0,0,0.014987774
5,First Aid,1778252086689,Eliot's Trailer,1,Farnam Vetrolin Liniment,Horse Care > First Aid & Wellness > Liniments,80193,Size: 1 Gallon,,,,,Corro Trailer 1,35590,35590,35590,44990,0,0,0.07381989
2,Grooming,1778252024408,Eliot's Trailer,1,Lucky Braids Whitener & Dry Wash Spray,"Horse Care > Grooming & Bathing > Shampoos, Conditioners, & Sprays > Stain Removers",2360,Size: 1 Gallon,,,,,Corro Trailer 1,52000,52000,52000,99950,0,0,0.02232903
5,First Aid,1778252086689,Eliot's Trailer,1,Farnam Vetrolin Liniment,Horse Care > First Aid & Wellness > Liniments,80192,Size: 32 Ounces,,,,,Corro Trailer 1,12730,12730,12730,15990,0,0,0.060263198
23,Fly Gear,1778252234584,Eliot's Trailer,1,Pyranha Wipe n' Spray,Horse Care > Fly & Insect Control > Fly Sprays & Traps,001WIPEG,Size: 1 Gallon,,,,,Corro Trailer 1,40520,40520,40520,77950,0,0,0.047331154
8,Fly Gear,1778252234584,Eliot's Trailer,1,Pyranha Wipe n' Spray,Horse Care > Fly & Insect Control > Fly Sprays & Traps,001WIPE,Size: 32 Ounces,,,,,Corro Trailer 1,13820,13820,13820,23990,0,0,0.013059528
0,Grooming,1778252024408,Eliot's Trailer,1,Lucky Braids Whitener & Dry Wash Spray,"Horse Care > Grooming & Bathing > Shampoos, Conditioners, & Sprays > Stain Removers",2362,Size: 1 Quart,,,,,Corro Trailer 1,25000,25000,25000,39950,0,0,0.04438248
3,Cycle Counts Grooming,1785512013430,Eliot's Trailer,1,Lucky Braids Whitener & Dry Wash Spray,"Horse Care > Grooming & Bathing > Shampoos, Conditioners, & Sprays > Stain Removers",2362,Size: 1 Quart,,,,,Corro Trailer 1,25000,25000,25000,39950,0,0,0.04438248
4,Fly Gear,1778252234584,Eliot's Trailer,1,Equicare Flysect Super-7 Repellent Spray,Horse Care > Fly & Insect Control > Fly Sprays & Traps,100502018,Size: 1 Gallon,,,,,Corro Trailer 1,63220,63220,63220,78990,0,0,0.04889326
1,Fly Gear,1778252234584,Eliot's Trailer,1,Equicare Flysect Citronella Spray with Lanolin,Horse Care > Fly & Insect Control > Fly Sprays & Traps,11301,Size: 32 Ounces,,,,,Corro Trailer 1,15530,15530,15530,25990,0,0,0.08237701
8,Fly Gear,1778252234584,Eliot's Trailer,1,Equicare Flysect Super-7 Repellent Spray,Horse Care > Fly & Insect Control > Fly Sprays & Traps,100502019,Size: 32 Ounce,,,,,Corro Trailer 1,20060,20060,20060,29950,0,0,0.07205827
2,Supplements,1778252144213,Eliot's Trailer,1,Ramard Total Calm & Focus Supplement,Horse Care > Supplements > Calming & Focus,RAM-04J,Size: 1.12LB (30 day supply),,,Lot #F242422,2027-03-01,Corro Trailer 1,42150,42150,42150,63480,0,0,
24,Supplements,1778252144213,Eliot's Trailer,1,Ramard Total Calm & Focus Show Safe Syringe,Horse Care > Supplements > Calming & Focus,RAM-04S,Size: 1 Ounce,,,,,Corro Trailer 1,8030,8030,8030,11990,0,0,0.4691985
3,Stable,1778252234586,Eliot's Trailer,1,Fortiflex Rubber Stall Feeder Reinforced Rubber Pan,Stable > Stable Supplies > Feed & Water Buckets,CR-80,Size: 8 Quarts,Color: Black,,,,Corro Trailer 1,5540,5540,5540,8990,0,0,0.06944207
2,Supplements,1778252144213,Eliot's Trailer,1,Ramard Total Calm & Focus Supplement,Horse Care > Supplements > Calming & Focus,RAM-04P,Size: 6.75LB (180 day supply),,,Lot# F253607,2028-04-01,Corro Trailer 1,259970,259970,259970,315990,0,0,
2,First Aid,1778252086689,Eliot's Trailer,1,Sore No-More Performance Liniment,Horse Care > First Aid & Wellness > Liniments,14900-2,Size: 16 Ounces,,,,,Corro Trailer 1,15230,15885,16540,28130,0,0,0.05163955
1,Fly Gear,1778252234584,Eliot's Trailer,1,E3 All Natural Fly Repellent Spray,Horse Care > Fly & Insect Control > Fly Sprays & Traps,30128,Size: Gallon,,,,,Corro Trailer 1,25890,25890,25890,34990,0,0,0.12558872
4,Fly Gear,1778252234584,Eliot's Trailer,1,E3 All Natural Fly Repellent Spray,Horse Care > Fly & Insect Control > Fly Sprays & Traps,30032,Size: 32 Ounces,,,,,Corro Trailer 1,10400,10400,10400,17000,0,0,0.038156103
4,Grooming,1778252024408,Eliot's Trailer,1,E3 Antibacterial & Antifungal Shampoo,"Horse Care > Grooming & Bathing > Shampoos, Conditioners, & Sprays > Shampoos",17230-2,Size: 1 Gallon,,,,,Corro Trailer 1,31820,31820,31820,47780,0,0,0.09359683
8,Grooming,1778252024408,Eliot's Trailer,1,E3 Argan Oil Conditioner,"Horse Care > Grooming & Bathing > Shampoos, Conditioners, & Sprays > Conditioners",17235-1,Size: 32 Ounces,,,,,Corro Trailer 1,9620,9620,9620,17980,0,0,0.022337839
4,Grooming,1778252024408,Eliot's Trailer,1,E3 Argan Oil Shampoo,"Horse Care > Grooming & Bathing > Shampoos, Conditioners, & Sprays > Shampoos",17231-3,Size: 1 Gallon,,,,,Corro Trailer 1,28670,28670,28670,49950,0,12,0.1144134
1,Grooming,1778252024408,Eliot's Trailer,1,E3 Antibacterial & Antifungal Shampoo,"Horse Care > Grooming & Bathing > Shampoos, Conditioners, & Sprays > Shampoos",17230-1,Size: 32 Ounces,,,,,Corro Trailer 1,0,6950,13900,25170,0,12,0.054043703
11,Grooming,1778252024408,Eliot's Trailer,1,E3 Argan Oil Shampoo,"Horse Care > Grooming & Bathing > Shampoos, Conditioners, & Sprays > Shampoos",120032,Size: 32 Ounces,,,,,Corro Trailer 1,12040,12040,12040,21290,0,0,0.051076535
1,Grooming,1778252024408,Eliot's Trailer,1,Lucky Braids Horse Braiding Yarn,Horse Care > Grooming & Bathing > Brushes & Tools > Braiding,2440,Color: Charcoal/Salt & Pepper,,,,,Corro Trailer 1,5750,5750,5750,17950,0,0,
13,Treats / Toys,1778252144214,Eliot's Trailer,1,German Horse Minty Muffins,Horse Care > Treats & Toys > Treats,15497-1,Size: 1 Pound,,,,,Corro Trailer 1,7530,7530,7530,10990,0,0,0.23336922
2,Grooming,1778252024408,Eliot's Trailer,1,Lucky Braids Horse Braiding Yarn,Horse Care > Grooming & Bathing > Brushes & Tools > Braiding,2420,Color: Chestnut/Sorrel,,,,,Corro Trailer 1,5750,5750,5750,17950,0,0,
1,Grooming,1778252024408,Eliot's Trailer,1,Lucky Braids Horse Braiding Yarn,Horse Care > Grooming & Bathing > Brushes & Tools > Braiding,2422,Color: Liver Chestnut,,,,,Corro Trailer 1,5750,5750,5750,17950,0,0,
2,Grooming,1778252024408,Eliot's Trailer,1,Lucky Braids Horse Braiding Yarn,Horse Care > Grooming & Bathing > Brushes & Tools > Braiding,2430,Color: Light Grey/Flaxen,,,,,Corro Trailer 1,5750,5750,5750,17950,0,0,0.021051686
28,Treats / Toys,1778252144214,Eliot's Trailer,1,German Horse Muffins,Horse Care > Treats & Toys > Treats,011-1001001,Size: 1 Pound,,,,,Corro Trailer 1,5120,5120,5120,9990,0,0,0.16163187
2,Grooming,1778252024408,Eliot's Trailer,1,Lucky Braids Horse Braiding Yarn,Horse Care > Grooming & Bathing > Brushes & Tools > Braiding,2410,Color: Black,,,,,Corro Trailer 1,5750,5750,5750,17950,0,0,
1,Tack,1778180207021,Eliot's Trailer,1,EquiFit Belly Band,Tack & Equipment > Girths & Cinches > English Girths > Hunter/Jumper Girths,02018O,Size: Oversized,,,,,Corro Trailer 1,81180,81180,81180,164000,0,0,
1,Horse Wear,1778252234587,Eliot's Trailer,1,EquiFit Ear Bonnet,Tack & Equipment > Ear Plugs & Bonnets > Bonnets,02016O,Size: Oversized,Color: Black,,,,Corro Trailer 1,54970,54970,54970,108000,0,0,0.01659058
2,Boots/Wraps,1778252009218,Eliot's Trailer,1,EquiFit Essential Everyday Front Boots,Tack & Equipment > Boots & Wraps > Protective Boots > Front Boots,11277FMB,Size: Medium,Color: Black,,,,Corro Trailer 1,57490,57490,57490,116000,0,0,
1,Horse Wear,1778252234587,Eliot's Trailer,1,EquiFit Ear Bonnet,Tack & Equipment > Ear Plugs & Bonnets > Bonnets,02016H,Size: Horse,Color: Black,,,,Corro Trailer 1,54970,54970,54970,108000,0,0,
2,Tack,1778180207021,Eliot's Trailer,1,EquiFit D-Teq Hind Boots with ImpacTeq Liners,Tack & Equipment > Boots & Wraps > Protective Boots > Hind Boots,01602HLB,Size: Large,Color: Black with Black Binding,,,,Corro Trailer 1,156450,156450,156450,302000,0,0,
2,Boots/Wraps,1778252009218,Eliot's Trailer,1,EquiFit Essential Everyday Front Boots,Tack & Equipment > Boots & Wraps > Protective Boots > Front Boots,11277FXLB,Size: Extra Large,Color: Black,,,,Corro Trailer 1,57490,57490,57490,116000,0,0,
2,Tack,1778180207021,Eliot's Trailer,1,EquiFit D-Teq Hind Boots with ImpacTeq Liners,Tack & Equipment > Boots & Wraps > Protective Boots > Hind Boots,01604-LGBLKOST,Size: Large,Color: Black Ostrich with Black Binding,,,,Corro Trailer 1,156450,156450,156450,302000,0,0,
1,Boots/Wraps,1778252009218,Eliot's Trailer,1,EquiFit D-Teq Front Boot with ImpacTeq Liner,Tack & Equipment > Boots & Wraps > Protective Boots > Front Boots,01601FXLB,Size: Extra Large,Color: Black with Black Binding,,,,Corro Trailer 1,162750,162750,162750,314000,0,0,
1,Tack,1778180207021,Eliot's Trailer,1,EquiFit D-Teq Hind Boots with ImpacTeq Liners,Tack & Equipment > Boots & Wraps > Protective Boots > Hind Boots,01608-LGBN,Size: Large,Color: Black Ostrich with Brown Binding,,,,Corro Trailer 1,156450,156450,156450,302000,0,0,
1,Tack,1778180207021,Eliot's Trailer,1,EquiFit Belly Band,Tack & Equipment > Girths & Cinches > English Girths > Hunter/Jumper Girths,02018C,Size: Cob,,,,,Corro Trailer 1,81180,81180,81180,164000,0,0,
1,Boots/Wraps,1778252009218,Eliot's Trailer,1,EquiFit D-Teq Front Boot with ImpacTeq Liner,Tack & Equipment > Boots & Wraps > Protective Boots > Front Boots,01603-Large,Size: Large,Color: Black Ostrich with Black Binding,,,,Corro Trailer 1,162750,162750,162750,314000,0,0,0.01231158
2,Boots/Wraps,1778252009218,Eliot's Trailer,1,EquiFit Essential Everyday Hind Boot,Tack & Equipment > Boots & Wraps > Protective Boots > Hind Boots,11278HXLB,Size: Extra Large,Color: Black,,,,Corro Trailer 1,51220,51220,51220,103000,0,0,
1,Boots/Wraps,1778252009218,Eliot's Trailer,1,EquiFit Essential Everyday Hind Boot,Tack & Equipment > Boots & Wraps > Protective Boots > Hind Boots,11278HMB,Size: Medium,Color: Black,,,,Corro Trailer 1,51220,51220,51220,103000,0,0,
3,Treats / Toys,1778252144214,Eliot's Trailer,1,Likit Holder,Horse Care > Treats & Toys > Toys & Licks,LH01US10,Color: Red,,,,,Corro Trailer 1,11430,11430,11430,21990,0,0,0.22303827
4,Grooming,1778252024408,Eliot's Trailer,1,Tough-1 Great Grip Finishing Brush,Horse Care > Grooming & Bathing > Brushes & Tools > Brushes & Combs,68-905-4-0,Color: Royal Blue,,,,,Corro Trailer 1,4190,4190,4190,7990,0,0,
2,Grooming,1778252024408,Eliot's Trailer,1,Tough-1 Great Grip Finishing Brush,Horse Care > Grooming & Bathing > Brushes & Tools > Brushes & Combs,68-905-10-0,Color: Purple,,,,,Corro Trailer 1,4190,4190,4190,7990,0,0,0.02763733
4,Grooming,1778252024408,Eliot's Trailer,1,Tough-1 Great Grips Stiff Brush,Horse Care > Grooming & Bathing > Brushes & Tools > Brushes & Combs,68-900-4-0,Color: Royal Blue,,,,,Corro Trailer 1,4090,4090,4090,8990,0,0,
2,Grooming,1778252024408,Eliot's Trailer,1,Tough-1 Great Grip Mane & Tail Brush,Horse Care > Grooming & Bathing > Brushes & Tools > Brushes & Combs,68-907-10-0,Color: Purple,,,,,Corro Trailer 1,3690,3690,3690,6990,0,0,0.06019114
2,Grooming,1778252024408,Eliot's Trailer,1,Tough-1 Great Grip Mane & Tail Brush,Horse Care > Grooming & Bathing > Brushes & Tools > Brushes & Combs,68-907-4-0,Color: Royal Blue,,,,,Corro Trailer 1,3690,3690,3690,6990,0,0,
2,Fly Gear,1778252234584,Eliot's Trailer,1,Farnam Repel-X Pe Emulsifiable Fly Spray,Horse Care > Fly & Insect Control > Fly Sprays & Traps,100512028,Size: 32 Ounces,,,,,Corro Trailer 1,27210,27210,27210,46990,0,0,
6,First Aid,1778252086689,Eliot's Trailer,1,Silver Honey Rapid Wound Repair,Horse Care > First Aid & Wellness > Wound Care & Topicals,18471-2,Size: 8 Ounces - Spray Gel,,,,,Corro Trailer 1,14650,14650,14650,24090,0,0,
4,First Aid,1778252086689,Eliot's Trailer,1,Silver Honey Rapid Wound Repair,Horse Care > First Aid & Wellness > Wound Care & Topicals,18471-1,Size: 2 Ounces - Ointment Tube,,,,,Corro Trailer 1,14380,14380,14380,24090,0,0,0.04192124
4,Stable,1778252234586,Eliot's Trailer,1,Weaver Leather Goods Slow Feed Hay Net,Stable > Stable Supplies > Hay Nets & Bags,35-4043-BL,Color: Blue,,,,,Corro Trailer 1,9330,9330,9330,12990,0,0,0.3132904
1,Supplements,1778252144213,Eliot's Trailer,1,Cavalor Lactatec Powder,Horse Care > Supplements > Inflammation & Pain Relief,82194702,Size: 2 Kilograms,,,Lot# 25100024,2027-10-30,Corro Trailer 1,164590,164590,164590,241990,0,0,0.020168522
31,Supplements,1778252144213,Eliot's Trailer,1,Cavalor Take It Easy Forte,Horse Care > Supplements > Calming & Focus,82194676-SINGLE,Size: 1 tube,,,Lot# 2507002,2027-09-30,Corro Trailer 1,19620,19620,19620,28990,0,0,0.65007514
2,Supplements,1778252144213,Eliot's Trailer,1,Cavalor Lactatec Powder,Horse Care > Supplements > Inflammation & Pain Relief,82194705,Size: 5 Kilograms,,,Lot# US25080001,2027-06-30,Corro Trailer 1,305390,305390,305390,448990,0,0,
6,Grooming,1778252024408,Eliot's Trailer,1,"Healthy HairCare Horse Moisturizer Concentrate for Coat, Mane, and Tail","Horse Care > Grooming & Bathing > Shampoos, Conditioners & Sprays > Detanglers, Shines & Sprays",16906-3,Size: 32 Ounces,,,,,Corro Trailer 1,17500,17500,17500,27990,0,0,0.06615274
16,Grooming,1778252024408,Eliot's Trailer,1,"Healthy HairCare Horse Moisturizer Concentrate for Coat, Mane, and Tail","Horse Care > Grooming & Bathing > Shampoos, Conditioners & Sprays > Detanglers, Shines & Sprays",16906-4,Size: 1 Gallon,,,,,Corro Trailer 1,37060,39513,40740,59990,0,0,0.06779697
10,Grooming,1778252024408,Eliot's Trailer,1,Andis UltraEdge Detachable Blade,"Horse Care > Grooming & Bathing > Clippers, Blades & Accessories",13235-10,Size: T-10,,,,,Corro Trailer 1,29720,29720,29720,47990,0,0,0.050860453
10,Grooming,1778252024408,Eliot's Trailer,1,Andis UltraEdge Detachable Blade,"Horse Care > Grooming & Bathing > Clippers, Blades & Accessories",13235-11,Size: T-84,,,,,Corro Trailer 1,25020,25020,25020,39990,0,0,
10,Grooming,1778252024408,Eliot's Trailer,1,Andis UltraEdge Detachable Blade,"Horse Care > Grooming & Bathing > Clippers, Blades & Accessories",64071,Size: #10 (Medium),,,,,Corro Trailer 1,18500,18500,18500,30950,0,0,
12,Supplements,1778252144213,Eliot's Trailer,1,Nupafeed Magnesium Horse Calming Concentrated Paste,Horse Care > Supplements > Calming & Focus,MAHBOX10,Size: 10-Pack,,,,,Corro Trailer 1,92000,92000,92000,131000,0,0,0.25439665
1,Supplements,1778252144213,Eliot's Trailer,1,Nupafeed MAH Magnesium Daily Liquid,Horse Care > Supplements > Calming & Focus,MAH5,Size: 5 Liters,,,,,Corro Trailer 1,161000,161000,161000,233000,0,4,0.06760568
1,Supplements,1778252144213,Eliot's Trailer,1,Nupafeed MAH Magnesium Daily Liquid,Horse Care > Supplements > Calming & Focus,MAH3,Size: 3 Liters,,,Lot# 038981,2028-02-01,Corro Trailer 1,107000,107000,107000,165000,0,0,0.10280855
2,Supplements,1778252144213,Eliot's Trailer,1,Nupafeed MAH Magnesium Daily Liquid,Horse Care > Supplements > Calming & Focus,MAH3,Size: 3 Liters,,,,,Corro Trailer 1,107000,107000,107000,165000,0,0,0.10280855
6,Fly Gear,1778252234584,Eliot's Trailer,1,Equiderma Neem & Aloe Spray,Horse Care > Fly & Insect Control > Fly Sprays & Traps,TEOS,Size: 32-Ounce Spray,,,,,Corro Trailer 1,15980,17413,18130,22990,0,0,0.05733154
3,Grooming,1778252024408,Eliot's Trailer,1,Orvus Paste Soap,"Horse Care > Grooming & Bathing > Shampoos, Conditioners, & Sprays > Shampoos",11068-1,Size: 120 Ounces,,,,,Corro Trailer 1,22210,22210,22210,31990,0,0,
3,First Aid,1778252086689,Eliot's Trailer,1,Horse Health Products Cool Pack Green Jelly Liniment,Horse Care > First Aid & Wellness > Liniments,82603,Size: 64 fl oz,,,,,Corro Trailer 1,23590,24570,25550,29990,0,0,0.05423742
0,Grooming,1778252024408,Eliot's Trailer,1,Epona April Power Shower Horse Sponge,Horse Care > Grooming & Bathing > Brushes & Tools > Sponges,1089,Title: Default Title,,,,,Corro Trailer 1,3750,3750,3750,9950,0,0,0.08267411
23,Cycle Counts Grooming,1785512013430,Eliot's Trailer,1,Epona April Power Shower Horse Sponge,Horse Care > Grooming & Bathing > Brushes & Tools > Sponges,1089,Title: Default Title,,,,,Corro Trailer 1,3750,3750,3750,9950,0,0,0.08267411
4,Grooming,1778252024408,Eliot's Trailer,1,Epona Ulta Mitt,"Horse Care > Grooming & Bathing > Brushes & Tools > Grooming Gloves, Curry Combs & Deshedding Tools",12423-1,Title: Default Title,,,,,Corro Trailer 1,7260,7260,7260,14970,0,0,0.09138538
6,Hoof Care,1778252024407,Eliot's Trailer,1,E3 Hoof Oil Conditioner and Dressing,Horse Care > Grooming & Bathing > Hoof Oils & Conditioner,001-80032,Size: 32 Ounces,,,,,Corro Trailer 1,16110,18810,21510,30410,0,0,
8,Treats / Toys,1778252144214,Eliot's Trailer,1,Likit Granola Horse Treat Refill,Horse Care > Treats & Toys > Toys & Licks,GRANAPX8US,Size: 550 Grams,Flavor: Apple,,,,Corro Trailer 1,0,1850,3700,7990,0,0,0.05303322
10,Treats / Toys,1778252144214,Eliot's Trailer,1,Likit Granola Horse Treat Refill,Horse Care > Treats & Toys > Toys & Licks,GRANORX8US,Size: 550 Grams,Flavor: Multigrain,,,,Corro Trailer 1,3700,3840,3980,7990,0,0,0.34633172
9,Treats / Toys,1778252144214,Eliot's Trailer,1,Likit Granola Horse Treat Refill,Horse Care > Treats & Toys > Toys & Licks,GRANMBX8US,Size: 550 Grams,Flavor: Mixed Berry,,,,Corro Trailer 1,0,1850,3700,7990,0,0,0.017677741
3,Treats / Toys,1778252144214,Eliot's Trailer,1,Likit Granola Horse Treat Refill,Horse Care > Treats & Toys > Toys & Licks,GRANMIX8US,Size: 550 Grams,Flavor: Mixed Peppermint,,,,Corro Trailer 1,0,1850,3700,7990,0,0,0.12374418
1,Treats / Toys,1778252144214,Eliot's Trailer,1,Kelcie's Treats Pumpkin Spice Horse Treat,Horse Care > Treats & Toys > Treats,19718-3,Size: 5 Pounds,,,,,Corro Trailer 1,23870,24935,26000,42950,0,0,0.07167465
4,Treats / Toys,1778252144214,Eliot's Trailer,1,Kelcie's Treats Pumpkin Spice Horse Treat,Horse Care > Treats & Toys > Treats,19718-2,Size: 1 Pound,,,,,Corro Trailer 1,8000,8000,8000,18490,0,0,0.04465806
-2,,,,,Kelcie's Treats Pumpkin Spice Horse Treat,Horse Care > Treats & Toys > Treats,WINTER411,Size: 8 Ounces,,,,,Corro Trailer 1,4000,4000,4000,13950,0,0,0.11658638
1,Supplements,1778252144213,Eliot's Trailer,1,Perfect Prep EQ Gold Calming Paste,Horse Care > Supplements > Calming & Focus,851393005024,Size: 60 cc (1-2 Doses),,,Lot# 3386755,2027-11-01,Corro Trailer 1,17000,17000,17000,25490,0,20,0.134848
1,Supplements,1778252144213,Eliot's Trailer,1,Perfect Prep EQ Gold Pellets,Horse Care > Supplements > Calming & Focus,851393005420,Size: 10 Pounds,,,3326811,2027-02-01,Corro Trailer 1,270000,270000,270000,429000,0,0,
27,Supplements,1778252144213,Eliot's Trailer,1,Perfect Prep EQ Supreme Paste,Horse Care > Supplements > Calming & Focus,851393005017,Size: 80 cc (1 Dose),,,Lot#3385399,2027-11-01,Corro Trailer 1,15600,15600,15600,23990,0,0,0.1947766
3,Hoof Care,1778252024407,Eliot's Trailer,1,SORE NO-MORE Performance Poultice,Horse Care > First Aid & Wellness > Poultices & Hoof Packing,AE007,Size: 23 Pounds,,,,,Corro Trailer 1,108770,108770,108770,177020,0,0,0.021000037
0,First Aid,1778252086689,Eliot's Trailer,1,SORE NO-MORE Performance Poultice,Horse Care > First Aid & Wellness > Poultices & Hoof Packing,AE006,Size: 5 Pounds,,,,,Corro Trailer 1,27780,27780,27780,44400,0,0,0.05905591
0,Hoof Care,1778252024407,Eliot's Trailer,1,SORE NO-MORE Performance Poultice,Horse Care > First Aid & Wellness > Poultices & Hoof Packing,AE006,Size: 5 Pounds,,,,,Corro Trailer 1,27780,27780,27780,44400,0,0,0.05905591
3,Grooming,1778252024408,Eliot's Trailer,1,Tail Tamer Slick Bands,Horse Care > Grooming & Bathing > Brushes & Tools > Braiding,SBND-BLK,Quantity: 400-count,Color: Black,,,,Corro Trailer 1,3750,3750,3750,6950,0,6,0.09698197
4,Hoof Care,1778252024407,Eliot's Trailer,1,Cavalor Dry Feet Natural,Horse Care > First Aid & Wellness > Hoof Care > Thrush,82990904,Size: 250 Milliliters,,,,,Corro Trailer 1,20390,20390,20390,29990,0,0,
10,Treats / Toys,1778252144214,Eliot's Trailer,1,Likit Himalayan Rock Salt,Horse Care > Treats & Toys > Toys & Licks,BLIC6US,Title: Default Title,,,,,Corro Trailer 1,4680,4680,4680,7990,0,0,0.22096121
24,Grooming,1778252024408,Eliot's Trailer,1,Super Bands Braiding Bands,Horse Care > Grooming & Bathing > Brushes & Tools > Braiding,BNDWH,Color: White,,,,,Corro Trailer 1,4590,4825,5060,8990,0,0,0.050472055
6,Grooming,1778252024408,Eliot's Trailer,1,Super Bands Braiding Bands,Horse Care > Grooming & Bathing > Brushes & Tools > Braiding,BNDRD,Color: Red/Sorrel,,,,,Corro Trailer 1,5060,5060,5060,8990,0,0,
19,Grooming,1778252024408,Eliot's Trailer,1,Super Bands Braiding Bands,Horse Care > Grooming & Bathing > Brushes & Tools > Braiding,BNDBK,Color: Black,,,,,Corro Trailer 1,4590,4825,5060,8990,0,0,0.14856905
12,Grooming,1778252024408,Eliot's Trailer,1,Super Bands Braiding Bands,Horse Care > Grooming & Bathing > Brushes & Tools > Braiding,BNDBN,Color: Brown/Chestnut,,,,,Corro Trailer 1,4590,4890,5190,8990,0,0,0.07449958
16,Grooming,1778252024408,Eliot's Trailer,1,Super Bands Braiding Bands,Horse Care > Grooming & Bathing > Brushes & Tools > Braiding,13446-3,Color: Grey,,,,,Corro Trailer 1,5060,5060,5060,8990,0,0,0.107763
5,Tack,1778180207021,Eliot's Trailer,1,Farnam Leather New Glycerine Saddle Soap,Tack & Equipment > Leather Care,32602,Size: 32 Ounces,,,,,Corro Trailer 1,11780,11780,11780,14950,0,0,0.115483716
2,Tack,1778180207021,Eliot's Trailer,1,Hydra Honeycomb Tack Sponge,Tack & Equipment > Leather Care,HST-1,Title: Default Title,,,,,Corro Trailer 1,3260,3260,3260,5990,0,2,0.07225826
3,Grooming,1778252024408,Eliot's Trailer,1,Absorbine Santa Fe Coat Conditioner and Sunscreen,"Horse Care > Grooming & Bathing > Shampoos, Conditioners & Sprays > Detanglers, Shines & Sprays",12319-1,Size: 32 Ounces,,,,,Corro Trailer 1,11380,11617,12090,15090,0,18,0.19722684
0,Grooming,1778252024408,Eliot's Trailer,1,Aloe Advantage Concentrated Shampoo,"Horse Care > Grooming & Bathing > Shampoos, Conditioners, & Sprays > Shampoos",077-00345,Size: 1 Gallon,,,,,Corro Trailer 1,12880,12880,12880,16490,0,6,0.264825
2,Cycle Counts Grooming,1785512013430,Eliot's Trailer,1,Aloe Advantage Concentrated Shampoo,"Horse Care > Grooming & Bathing > Shampoos, Conditioners, & Sprays > Shampoos",077-00345,Size: 1 Gallon,,,,,Corro Trailer 1,12880,12880,12880,16490,0,6,0.264825
2,Boots/Wraps,1778252009218,Eliot's Trailer,1,EquiFit T-Sport Wrap,Tack & Equipment > Boots & Wraps > Leg Wraps,01267HW,Size: Horse,Color: White,,,,Corro Trailer 1,53030,53030,53030,124000,0,0,0.011656912
2,Hoof Care,1778252024407,Eliot's Trailer,1,EquiFit Pack-N-Stick Hoof Tape,Horse Care > First Aid & Wellness > First Aid Supplies,02009,Size: 24-pack,Color: Black,,,,Corro Trailer 1,88400,88400,88400,140000,0,0,0.40636557
1,Boots/Wraps,1778252009218,Eliot's Trailer,1,EquiFit HorseSox Individual Pack,Tack & Equipment > Boots & Wraps > Leg Wraps,20045,Size: Horse,Color: White,,,,Corro Trailer 1,12250,12250,12250,25000,0,0,
2,Hoof Care,1778252024407,Eliot's Trailer,1,EquiFit Pack-N-Stick Hoof Tape,Horse Care > First Aid & Wellness > First Aid Supplies,2008,Size: 6-pack,Color: Black,,,,Corro Trailer 1,22100,22100,22100,44000,0,0,0.09950756
3,Boots/Wraps,1778252009218,Eliot's Trailer,1,EquiFit HorseSox Individual Pack,Tack & Equipment > Boots & Wraps > Leg Wraps,20046,Size: Pony,Color: Black,,,,Corro Trailer 1,12250,12250,12250,25000,0,0,
1,First Aid,1778252086689,Eliot's Trailer,1,Fiebing's Hoof Dressing,Horse Care > Grooming & Bathing > Hoof Oils & Conditioner,11017-1,Size: 32 Ounces,,,,,Corro Trailer 1,12650,12650,12650,15990,0,0,0.13745569
4,Supplements,1778252144213,Eliot's Trailer,1,Ramard Total Tendon Repair for Horses,Horse Care > Supplements > Inflammation & Pain Relief,RAM-TTR,Size: 30 Day (1.12lb),,,,,Corro Trailer 1,71240,71240,71240,101640,0,0,
29,Supplements,1778252144213,Eliot's Trailer,1,Ramard Total Equine Relief Paste,Horse Care > Supplements > Inflammation & Pain Relief,RAM-TERS,Size: 15 cc,,,,,Corro Trailer 1,10300,10300,10300,14990,0,0,0.2226089
2,Supplements,1778252144213,Eliot's Trailer,1,Ramard Total Tendon Repair for Horses,Horse Care > Supplements > Inflammation & Pain Relief,RAM-TTR-P,Size: 90 Day (3.36lb),,,,,Corro Trailer 1,199100,199100,199100,299970,0,0,0.033702284
4,Grooming,1778252024408,Eliot's Trailer,1,Tough-1 Ultimate Sweat Scraper,Horse Care > Grooming & Bathing > Brushes & Tools > Sweat Scrapers,68-7082-4-0,Color: Royal Blue,,,,,Corro Trailer 1,1190,1190,1190,1990,0,0,
8,Grooming,1778252024408,Eliot's Trailer,1,Tough-1 Ultimate Sweat Scraper,Horse Care > Grooming & Bathing > Brushes & Tools > Sweat Scrapers,68-7082-2-0,Color: Black,,,,,Corro Trailer 1,990,990,990,1990,0,0,0.16582398
8,Grooming,1778252024408,Eliot's Trailer,1,Tough-1 Aluminum Sweat Scraper,Horse Care > Grooming & Bathing > Brushes & Tools > Sweat Scrapers,68-7081-0-0,Title: Default Title,,,,,Corro Trailer 1,1690,1690,1690,3990,0,0,0.061782755
8,Grooming,1778252024408,Eliot's Trailer,1,Tough-1 Rubber Grooming Glove,"Horse Care > Grooming & Bathing > Brushes & Tools > Grooming Gloves, Curry Combs & Deshedding Tools",68-24485-2-0,Color: Black,,,,,Corro Trailer 1,1990,1990,1990,3950,0,0,0.13371155
1,Boots/Wraps,1778252009218,Eliot's Trailer,1,EquiFit Eq-Teq Front Boot with ImpacTeq Liner,Tack & Equipment > Boots & Wraps > Protective Boots > Front Boots,11254FMBL,Size: Medium,Color: Black,,,,Corro Trailer 1,184530,184530,184530,365000,0,0,
3,Hoof Care,1778252024407,Eliot's Trailer,1,Equifit HoofIce,Tack & Equipment > Boots & Wraps > Therapeutic Boots,52593,Size: 1 Pair,Color: Black,,,,Corro Trailer 1,9000,9000,9000,26000,0,1,0.029509006
2,First Aid,1778252086689,Eliot's Trailer,1,Valhoma DMSO Dimethyl Sulfoxide Solution 99%,Horse Care > First Aid & Wellness > Liniments,DMSOROLLON,Size: 3 Ounces (Roll On),,,,,Corro Trailer 1,6880,6880,6880,9950,0,0,0.14589164
1,First Aid,1778252086689,Eliot's Trailer,1,Ramard ReliefGel,Horse Care > First Aid & Wellness > Liniments,17183-1,Size: 16 Ounces,,,,,Corro Trailer 1,52080,52080,52080,69990,0,0,0.14756626
2,First Aid,1778252086689,Eliot's Trailer,1,Valhoma DMSO Dimethyl Sulfoxide Solution 99%,Horse Care > First Aid & Wellness > Liniments,SO99PT,Size: 16 Ounces,,,,,Corro Trailer 1,14600,14600,14600,18950,0,0,0.026185172
4,Supplements,1778252144213,Eliot's Trailer,1,Kentucky Performance Products Summer Games Electrolyte,Horse Care > Supplements > Electrolytes & Salt,630995,Size: 5 Pounds,,,Lot #0001179099,2027-07-01,Corro Trailer 1,13740,13740,13740,19950,0,0,0.038644537
2,First Aid,1778252086689,Eliot's Trailer,1,Tenda Witch Hazel,Horse Care > First Aid & Wellness > Wound Care & Topicals,8022,Size: 32 Ounces,,,,,Corro Trailer 1,12850,12850,12850,21990,0,0,0.019322269
1,First Aid,1778252086689,Eliot's Trailer,1,Valhoma DMSO Gel,Horse Care > First Aid & Wellness > Liniments,764782001906,Size: 16 Ounces,,,,,Corro Trailer 1,18390,18390,18390,24990,0,0,0.07843741
6,First Aid,1778252086689,Eliot's Trailer,1,Aspen Alu-Mend Spray-on Bandage,Horse Care > First Aid & Wellness > Wound Care & Topicals,21278832,Size: 120 Grams,,,,,Corro Trailer 1,10360,10410,10510,16990,0,0,0.108988546
1,Boots/Wraps,1778252009218,Eliot's Trailer,1,EquiFit Essential Bell Boot with Ultrawool Top,Tack & Equipment > Boots & Wraps > Bell Boots,11270MD,Size: Medium,Color: Black / Natural,,,,Corro Trailer 1,32170,32170,32170,62000,0,0,
2,Tack,1778180207021,Eliot's Trailer,1,Stubben Glycerin Saddle Soap,Tack & Equipment > Leather Care,31132011,Size: 250 Grams,,,,,Corro Trailer 1,9000,9000,9000,18000,0,0,0.060446147
10,Grooming,1778252024408,Eliot's Trailer,1,Jack's Aluminum Mane Pulling Comb,Horse Care > Grooming & Bathing > Brushes & Tools > Brushes & Combs,10238-JM,Title: Default Title,,,,,Corro Trailer 1,870,870,870,1950,0,0,0.05389851
3,Rider,1778252234585,Eliot's Trailer,1,Belle & Bow Equestrian Bows,Rider > Accessories & Apparel > Accessories,851007066960,Color: Smarties Navy,,,,,Corro Trailer 1,17000,17000,17000,35000,0,0,0.016856078
1,Rider,1778252234585,Eliot's Trailer,1,Belle & Bow Equestrian Bows,Rider > Accessories & Apparel > Accessories,853900000126,Color: Bit of Blue,,,,,Corro Trailer 1,17000,17000,17000,35000,0,0,
3,Tack,1778180207021,Eliot's Trailer,1,Effax Glycerin-Soap,Tack & Equipment > Leather Care,12602000,Size: 250 Milliliters,,,,,Corro Trailer 1,9500,9500,9500,14990,0,0,0.026360083
5,Horse Wear,1778252234587,Eliot's Trailer,1,Pomms Original,Tack & Equipment > Ear Plugs & Bonnets > Ear Plugs,1000_EHI,Size: Horse,Color: Black,,,,Corro Trailer 1,6500,6500,6500,11000,0,0,0.05796681
5,Horse Wear,1778252234587,Eliot's Trailer,1,"Pomms Smooth Style, 4 Pack",Tack & Equipment > Ear Plugs & Bonnets > Ear Plugs,1301,Size: Pony,Color: Black,,,,Corro Trailer 1,6500,6500,6500,13990,0,0,
2,Horse Wear,1778252234587,Eliot's Trailer,1,"Pomms Smooth Style, 4 Pack",Tack & Equipment > Ear Plugs & Bonnets > Ear Plugs,1300,Size: Horse,Color: Black,,,,Corro Trailer 1,5670,5670,5670,13990,0,0,
4,Horse Wear,1778252234587,Eliot's Trailer,1,Pomms Original,Tack & Equipment > Ear Plugs & Bonnets > Ear Plugs,1001_EHI,Size: Pony,Color: Black,,,,Corro Trailer 1,6500,6500,6500,8990,0,0,0.017941244
1,Boots/Wraps,1778252009218,Eliot's Trailer,1,EquiFit PasternWrap,Tack & Equipment > Boots & Wraps > Leg Wraps,02011-WD,Size: Wide,,,,,Corro Trailer 1,15290,15290,15290,34000,0,2,1
2,Boots/Wraps,1778252009218,Eliot's Trailer,1,EquiFit PasternWrap,Tack & Equipment > Boots & Wraps > Leg Wraps,02011-REG,Size: Regular,,,,,Corro Trailer 1,15290,15290,15290,34000,0,2,
-2,,,,,EnviroEquine ElectroBalance,Horse Care > Supplements > Electrolytes & Salt,759687538305,Size: 8 Pound Bucket,,,,,Corro Trailer 1,94000,94000,94000,145000,0,0,0.042047087
-1,,,,,EnviroEquine Stain Away Spray,"Horse Care > Grooming & Bathing > Shampoos, Conditioners, & Sprays > Stain Removers",691037928070,Size: 32 Ounces,,,,,Corro Trailer 1,22720,22720,22720,34950,0,0,1
-2,,,,,EnviroEquine CocoTea Hoof Oil,Horse Care > Grooming & Bathing > Hoof Oils & Conditioner,707129259448,Size: 16 Ounces,,,,,Corro Trailer 1,26000,26000,26000,39950,0,0,0.1729755
-2,,,,,EnviroEquine CocoTea Salve,Horse Care > First Aid & Wellness > Wound Care & Topicals,707129259479,Size: 16 Ounces,,,,,Corro Trailer 1,22750,22750,22750,34950,0,0,0.13636015
4,Tack,1778180207021,Eliot's Trailer,1,Walsh Leather Lead with 24-Inch Chain,Tack & Equipment > Halters & Leads > Lead Ropes,58024-HV,Color: Havana,,,,,Corro Trailer 1,47000,47000,47000,85000,0,0,
0,Boots/Wraps,1778252009218,Eliot's Trailer,1,Walsh Quarter Boots,Tack & Equipment > Boots & Wraps > Hoof Boots,RT485M,Size: Medium,Color: Black,,,,Corro Trailer 1,25000,25000,25000,49000,0,0,0.07409075
2,Fly Gear,1778252234584,Eliot's Trailer,1,EquiFit Essential FlyMask,Horse Wear > Fly & Insect Control > Fly Masks,52600,Size: Pony,Color: Black,,,,Corro Trailer 1,22050,22050,22050,40000,0,0,
2,Fly Gear,1778252234584,Eliot's Trailer,1,EquiFit Essential FlyMask,Horse Wear > Fly & Insect Control > Fly Masks,52601,Size: Cob,Color: Black,,,,Corro Trailer 1,22050,22050,22050,40000,0,0,
2,Fly Gear,1778252234584,Eliot's Trailer,1,EquiFit Essential FlyMask,Horse Wear > Fly & Insect Control > Fly Masks,52603,Size: Oversize,Color: Black,,,,Corro Trailer 1,22050,22050,22050,40000,0,0,0.022934724
4,Grooming,1778252024408,Eliot's Trailer,1,"Spitfire Poultice Paper, Single Roll",Horse Care > First Aid & Wellness > Poultices & Hoof Packing,SFPP,Title: Default Title,,,,,Corro Trailer 1,5500,5500,5500,9990,0,0,0.033891097
2,Tack,1778180207021,Eliot's Trailer,1,Equifit Belly Band +,Tack & Equipment > Girths & Cinches > English Girths > Hunter/Jumper Girths,52614HORSE,Size: Horse,,,,,Corro Trailer 1,99750,99750,99750,194000,0,0,
1,Tack,1778180207021,Eliot's Trailer,1,Equifit Belly Band +,Tack & Equipment > Girths & Cinches > English Girths > Hunter/Jumper Girths,52614COB,Size: Cob,,,,,Corro Trailer 1,99750,99750,99750,194000,0,0,
4,Fly Gear,1778252234584,Eliot's Trailer,1,Absorbine UltraShield EX Insecticide and Repellent,Horse Care > Fly & Insect Control > Fly Sprays & Traps,430854,Size: 32 Ounces,,,,,Corro Trailer 1,18200,18200,18200,26990,0,6,0.10917071
15,Fly Gear,1778252234584,Eliot's Trailer,1,Absorbine UltraShield EX Insecticide and Repellent,Horse Care > Fly & Insect Control > Fly Sprays & Traps,430870,Size: Gallon,,,,,Corro Trailer 1,54830,54830,54830,79190,0,0,0.11717074
12,First Aid,1778252086689,Eliot's Trailer,1,Elastikon Elastic Tape,Horse Care > First Aid & Wellness > First Aid Supplies,16711494,"Size: 4"" x 2.5yd",,,,,Corro Trailer 1,9690,9690,9690,13990,0,0,
3,Rider,1778252234585,Eliot's Trailer,1,One Knot Hair Net,Rider > Accessories & Apparel > Accessories,18911-4,Color: Dark Brown,,,,,Corro Trailer 1,5960,5960,5960,9990,0,0,0.1453076
4,Hoof Care,1778252024407,Eliot's Trailer,1,Epsom Salt Poultice,Horse Care > First Aid & Wellness > Poultices & Hoof Packing,15640544,Size: 20 Ounces,,,,,Corro Trailer 1,9960,9960,9960,15990,0,0,
4,Rider,1778252234585,Eliot's Trailer,1,One Knot Hair Net,Rider > Accessories & Apparel > Accessories,18911-2,Color: Light Brown,,,,,Corro Trailer 1,5960,5960,5960,9990,0,0,
3,Rider,1778252234585,Eliot's Trailer,1,One Knot Hair Net,Rider > Accessories & Apparel > Accessories,18911-1,Color: Blonde,,,,,Corro Trailer 1,5960,5960,5960,9990,0,0,0.052805405
5,Rider,1778252234585,Eliot's Trailer,1,One Knot Hair Net,Rider > Accessories & Apparel > Accessories,18911-3,Color: Medium Brown,,,,,Corro Trailer 1,5960,5960,5960,9990,0,0,0.022337839
4,First Aid,1778252086689,Eliot's Trailer,1,Aspen Nitrile Gloves,Horse Care > First Aid & Wellness > First Aid Supplies,21274982,Size: Large,,,,,Corro Trailer 1,5250,5250,5250,9990,0,0,0.019776283
3,First Aid,1778252086689,Eliot's Trailer,1,Aspen Nitrile Gloves,Horse Care > First Aid & Wellness > First Aid Supplies,21274981,Size: Medium,,,,,Corro Trailer 1,5250,5250,5250,9990,0,0,0.2568484
4,First Aid,1778252086689,Eliot's Trailer,1,Aspen Nitrile Gloves,Horse Care > First Aid & Wellness > First Aid Supplies,21274983,Size: Extra Large,,,,,Corro Trailer 1,5250,5250,5250,9990,0,0,
4,First Aid,1778252086689,Eliot's Trailer,1,Aspen Nitrile Gloves,Horse Care > First Aid & Wellness > First Aid Supplies,21274980,Size: Small,,,,,Corro Trailer 1,5250,5250,5250,9990,0,0,
5,Tack,1778180207021,Eliot's Trailer,1,TackHack Half Dozen Donut Tack Sponges,Tack & Equipment > Leather Care,SUM502,Title: Default Title,,,,,Corro Trailer 1,6670,6670,6670,13950,0,0,0.034766447
40,Grooming,1778252024408,Eliot's Trailer,1,"Quick Knot Deluxe Braiding Pins, Multi-Pack",Horse Care > Grooming & Bathing > Brushes & Tools > Braiding,SUM408,Color: Black,,,,,Corro Trailer 1,3000,3000,3000,9990,0,0,0.10081046
1,Tack,1778180207021,Eliot's Trailer,1,Walsh 50' Cotton Lunge Line with Chain,Tack & Equipment > Training & Lunging > Lunge Lines,5830-50-CH,Title: Default Title,,,,,Corro Trailer 1,80000,80000,80000,144000,0,0,
2,Tack,1778180207021,Eliot's Trailer,1,Fiebing's Boot Cream Polish,Tack & Equipment > Leather Care,088-11001,Color: Black,,,,,Corro Trailer 1,2790,2790,2790,4990,0,3,0.07172873
3,Tack,1778180207021,Eliot's Trailer,1,Fiebing's Boot Cream Polish,Tack & Equipment > Leather Care,088-11028,Color: Dark Brown,,,,,Corro Trailer 1,2790,2790,2790,4990,0,5,0.06873462
5,Rider,1778252234585,Eliot's Trailer,1,Back On Track Physio Nikki Support Boot Socks,Rider > Accessories & Apparel > Socks,15700001,Size: Small,,,,,Corro Trailer 1,19000,19000,19000,38000,0,0,0.015016152
5,Rider,1778252234585,Eliot's Trailer,1,Back On Track Physio Nikki Support Boot Socks,Rider > Accessories & Apparel > Socks,15700002,Size: Medium,,,,,Corro Trailer 1,19000,19000,19000,38000,0,0,0.014964065
8,Tack,1778180207021,Eliot's Trailer,1,Carr & Day & Martin Belvoir Tack Cleaning Mitt,Tack & Equipment > Leather Care,LC053,Title: Default Title,,,,,Corro Trailer 1,7200,7200,7200,15950,0,0,0.60812384
5,Rider,1778252234585,Eliot's Trailer,1,Back On Track Physio Nikki Support Boot Socks,Rider > Accessories & Apparel > Socks,SPR403Large,Size: Large,,,,,Corro Trailer 1,19000,19000,19000,38000,0,0,
1,Boots/Wraps,1778252009218,Eliot's Trailer,1,Jack's Pull On Ribbed Bell Boots,Tack & Equipment > Boots & Wraps > Bell Boots,2126Large,Size: Large,,,,,Corro Trailer 1,8500,8500,8500,16990,0,0,
5,Boots/Wraps,1778252009218,Eliot's Trailer,1,Jack's Pull On Ribbed Bell Boots,Tack & Equipment > Boots & Wraps > Bell Boots,2126Medium,Size: Medium,,,,,Corro Trailer 1,8500,8500,8500,16990,0,0,
10,Rider,1778252234585,Eliot's Trailer,1,Cavali Club Junior Elastic Belt,Rider > Accessories & Apparel > Belts,FALL508,Title: Default Title,,,,,Corro Trailer 1,3150,3150,3150,19990,0,0,0.0789066
8,Rider,1778252234585,Eliot's Trailer,1,Cavali Club Exclusive Bows,Rider > Accessories & Apparel > Accessories,FALL507,Title: Default Title,,,,,Corro Trailer 1,2690,2690,2690,14990,0,0,0.13288468
1,Tack,1778180207021,Eliot's Trailer,1,Dy'on Figure 8 Noseband Bridle - D Collection,"Tack & Equipment > Bridles, Headstalls & Reins > English Bridles & Reins > Bridles",DYAAAC-BR-F,Size: Full,Color: Brown,,,,Corro Trailer 1,193770,193770,193770,629990,0,0,
1,Tack,1778180207021,Eliot's Trailer,1,Dy'on Cavesson Noseband Bridle - US Collection,"Tack & Equipment > Bridles, Headstalls & Reins > English Bridles & Reins > Bridles",USKDAJ-BR-F,Size: Full,Color: Brown,,,,Corro Trailer 1,186850,186850,186850,604990,0,0,
1,Tack,1778180207021,Eliot's Trailer,1,Dy'on Bridge Breastplate - D Collection,Tack & Equipment > Martingales & Breastplates,DY06D-BR-C,Size: Cob,Color: Brown,,,,Corro Trailer 1,152240,152240,152240,494990,0,0,
0,Tack,1778180207021,Eliot's Trailer,1,Dy'on Cavesson Noseband Bridle - US Collection,"Tack & Equipment > Bridles, Headstalls & Reins > English Bridles & Reins > Bridles",USKDAJ-BR-C,Size: Cob,Color: Brown,,,,Corro Trailer 1,186850,186850,186850,604990,0,1,0.0784238
0,Tack,1778180207021,Eliot's Trailer,1,Dy'on Standing Martingale - US Collection,Tack & Equipment > Martingales & Breastplates,US07H-BR-C,Size: Cob,Color: Brown,,,,Corro Trailer 1,100340,100340,100340,324990,0,0,0.0784238
2,Tack,1778180207021,Eliot's Trailer,1,Dy'on 5/8 Rubber Reins - D Collection,"Tack & Equipment > Bridles, Headstalls & Reins > English Bridles & Reins > Reins",DY05B-BR-C,Size: Cob,Color: Brown,,,,Corro Trailer 1,72660,72660,72660,234990,0,0,
1,Tack,1778180207021,Eliot's Trailer,1,Dy'on Double Noseband - D Collection,"Tack & Equipment > Bridles, Headstalls & Reins > English Bridles & Reins > Bridles",DY04HBRF,Size: Full,Color: Brown,,,,Corro Trailer 1,86500,86500,86500,279990,0,0,
1,Tack,1778180207021,Eliot's Trailer,1,Dy'on 5/8 Rubber Reins - D Collection,"Tack & Equipment > Bridles, Headstalls & Reins > English Bridles & Reins > Reins",DY05B-BR-F,Size: Full,Color: Brown,,,,Corro Trailer 1,72660,72660,72660,234990,0,0,0.024199575
1,Tack,1778180207021,Eliot's Trailer,1,Dy'on Bridge Breastplate - D Collection,Tack & Equipment > Martingales & Breastplates,DY06D-BR-F,Size: Full,Color: Brown,,,,Corro Trailer 1,152240,152240,152240,494990,0,0,0.014585576
1,Tack,1778180207021,Eliot's Trailer,1,Dy'on Running Martingale - D Collection,Tack & Equipment > Martingales & Breastplates,DY07G-BR-C,Size: Cob,Color: Brown,,,,Corro Trailer 1,83040,83040,83040,269990,0,0,
2,Tack,1778180207021,Eliot's Trailer,1,Kentucky Horsewear Sheepskin Breastplate Cover,Tack & Equipment > Martingales & Breastplates,42601-02-60,Color: Natural,,,,,Corro Trailer 1,30420,30420,30420,79990,0,0,0.0788293
2,Tack,1778180207021,Eliot's Trailer,1,Kentucky Horsewear Sheepskin Noseband Cover,"Tack & Equipment > Bridles, Headstalls & Reins > English Bridles & Reins > Bridle Accessories",42602-05-28,Color: Brown,,,,,Corro Trailer 1,17380,17380,17380,44990,0,0,
3,Tack,1778180207021,Eliot's Trailer,1,Dy'on 5/8 Laced Reins - US Collection,"Tack & Equipment > Bridles, Headstalls & Reins > English Bridles & Reins > Reins",US05RBRF,Size: Full,Color: Brown,,,,Corro Trailer 1,93420,93420,93420,304990,0,0,0.011602909
2,Stable,1778252234586,Eliot's Trailer,1,Kentucky Horsewear Stable Guard,Stable > Stable Supplies > Stall Supplies,82102-17,Color: Bordeaux,,,,,Corro Trailer 1,43470,43470,43470,119990,0,0,0.027733209
1,,,,,Kentucky Horsewear Cotton Sheet,Horse Wear > Blankets & Sheets > Stable Blankets & Sheets > Lightweight,52115-03-130,Size: 72-Inch,Color: Navy,,,,Corro Trailer 1,121710,121710,121710,324990,0,0,0.021824578
2,Tack,1778180207021,Eliot's Trailer,1,Kentucky Horsewear Sheepskin Noseband Cover,"Tack & Equipment > Bridles, Headstalls & Reins > English Bridles & Reins > Bridle Accessories",42602-02-28,Color: Natural,,,,,Corro Trailer 1,17380,17380,17380,44990,0,0,0.011467389
2,Tack,1778180207021,Eliot's Trailer,1,Dy'on Anatomic Flash Noseband Bridle - D Collection,"Tack & Equipment > Bridles, Headstalls & Reins > English Bridles & Reins > Bridles",DYABAB-BR-F,Size: Full,Color: Brown,,,,Corro Trailer 1,207610,207610,207610,674990,0,0,0.06886609
2,Tack,1778180207021,Eliot's Trailer,1,Dy'on Anatomic Flash Noseband Bridle - D Collection,"Tack & Equipment > Bridles, Headstalls & Reins > English Bridles & Reins > Bridles",DYABAB-BR-C,Size: Cob,Color: Brown,,,,Corro Trailer 1,207610,207610,207610,674990,0,0,
1,Tack,1778180207021,Eliot's Trailer,1,Dy'on 5/8 Laced Reins - US Collection,"Tack & Equipment > Bridles, Headstalls & Reins > English Bridles & Reins > Reins",US05RBRC,Size: Cob,Color: Brown,,,,Corro Trailer 1,93420,93420,93420,304990,0,0,0.0784238
1,Tack,1778180207021,Eliot's Trailer,1,Kentucky Horsewear Bamboo Elastic Tendon Boots,Tack & Equipment > Boots & Wraps > Protective Boots > Front Boots,88101-01-L,Size: Large,Color: Black,,,,Corro Trailer 1,62490,62490,62490,349990,0,0,
2,Boots/Wraps,1778252009218,Eliot's Trailer,1,Walsh Velcro Bell Boots,Tack & Equipment > Boots & Wraps > Bell Boots,147-M-BLK,Size: Medium,Color: Black,,,,Corro Trailer 1,19000,19000,19000,34000,0,0,0.06352541
2,Tack,1778180207021,Eliot's Trailer,1,Kentucky Horsewear Vegan Sheepskin Bamboo Elastic Tendon Boots,Tack & Equipment > Boots & Wraps > Protective Boots > Front Boots,88102-01-M,Size: Medium,Color: Black,,,,Corro Trailer 1,74990,74990,74990,414990,0,0,
2,Tack,1778180207021,Eliot's Trailer,1,Kentucky Horsewear Bamboo Elastic Tendon Boots,Tack & Equipment > Boots & Wraps > Protective Boots > Front Boots,88101-01-M,Size: Medium,Color: Black,,,,Corro Trailer 1,62490,62490,62490,349990,0,0,
2,Tack,1778180207021,Eliot's Trailer,1,Kentucky Horsewear Vegan Sheepskin Bamboo Elastic Tendon Boots,Tack & Equipment > Boots & Wraps > Protective Boots > Front Boots,88102-01-L,Size: Large,Color: Black,,,,Corro Trailer 1,74990,74990,74990,414990,0,0,0.015729083
3,Tack,1778180207021,Eliot's Trailer,1,Kentucky Horsewear Leather Rope Halter,Tack & Equipment > Halters & Leads > Halters > Leather Halters,42540-05-COB,Size: Cob,,,,,Corro Trailer 1,95630,95630,95630,259990,0,0,0.020185249
2,Boots/Wraps,1778252009218,Eliot's Trailer,1,Kentucky Horsewear Sheepskin Leather Overreach Boots,Tack & Equipment > Boots & Wraps > Bell Boots,88295-01-L,Size: Large,Color: Black/Natural,,,,Corro Trailer 1,52150,52150,52150,144990,0,0,
2,Tack,1778180207021,Eliot's Trailer,1,Kentucky Horsewear Leather Anatomic Halter,Tack & Equipment > Halters & Leads > Halters > Leather Halters,42513-05-COB,Size: Cob,Color: Brown,,,,Corro Trailer 1,76120,76120,76120,259990,0,0,0.030498268
2,Stable,1778252234586,Eliot's Trailer,1,Kentucky Horsewear Waterproof Saddle Cover,"Tack & Equipment > Bags, Cases & Covers",82152-01-SJ,Color: Black,,,,,Corro Trailer 1,56510,56510,56510,159990,0,0,
1,Boots/Wraps,1778252009218,Eliot's Trailer,1,Kentucky Horsewear Sheepskin Leather Overreach Boots,Tack & Equipment > Boots & Wraps > Bell Boots,88295-01-01-M,Size: Medium,Color: Black/Black,,,,Corro Trailer 1,52150,52150,52150,144990,0,0,0.07378313
2,Boots/Wraps,1778252009218,Eliot's Trailer,1,Kentucky Horsewear Sheepskin Leather Overreach Boots,Tack & Equipment > Boots & Wraps > Bell Boots,88295-01-XXL,Size: Extra Extra Large,Color: Black/Natural,,,,Corro Trailer 1,52150,52150,52150,144990,0,0,
2,Boots/Wraps,1778252009218,Eliot's Trailer,1,Kentucky Horsewear Sheepskin Leather Overreach Boots,Tack & Equipment > Boots & Wraps > Bell Boots,88295-01-M,Size: Medium,Color: Black/Natural,,,,Corro Trailer 1,52150,52150,52150,144990,0,0,
2,Boots/Wraps,1778252009218,Eliot's Trailer,1,Kentucky Horsewear Sheepskin Leather Overreach Boots,Tack & Equipment > Boots & Wraps > Bell Boots,88295-01-XL,Size: Extra Large,Color: Black/Natural,,,,Corro Trailer 1,52150,52150,52150,144990,0,0,0.03162547
3,Tack,1778180207021,Eliot's Trailer,1,Kentucky Horsewear Leather Anatomic Halter,Tack & Equipment > Halters & Leads > Halters > Leather Halters,42513-05-F,Size: Full,Color: Brown,,,,Corro Trailer 1,76120,76120,76120,259990,0,0,
2,Tack,1778180207021,Eliot's Trailer,1,Kentucky Horsewear Waterproof Saddle Cover,"Tack & Equipment > Bags, Cases & Covers",82152-03-SJ,Color: Navy,,,,,Corro Trailer 1,56510,56510,56510,159990,0,0,
15,Boots/Wraps,1778252009218,Eliot's Trailer,1,Tesa Tape,Horse Care > First Aid & Wellness > First Aid Supplies,44541-50-50,Size: 50mm x 50m,,,,,Corro Trailer 1,30660,30660,30660,114990,0,0,
1,Stable,1778252234586,Eliot's Trailer,1,Uline Electrical Tape,Stable > Stable Supplies > Misc,S-10521,Size: 20-Yard Length x 3/4-Inch Width,Color: Brown,,,,Corro Trailer 1,1000,1000,1000,2950,0,0,0.22350796
4,Stable,1778252234586,Eliot's Trailer,1,Uline Electrical Tape,Stable > Stable Supplies > Misc,S-5143,Size: 20-Yard Length x 3/4-Inch Width,Color: Black,,,,Corro Trailer 1,1150,1150,1150,2950,0,0,
1,Stable,1778252234586,Eliot's Trailer,1,Uline Electrical Tape,Stable > Stable Supplies > Misc,S-7858,Size: 20-Yard Length x 3/4-Inch Width,Color: White,,,,Corro Trailer 1,1000,1000,1000,2950,0,0,0.22350796
2,First Aid,1778252086689,Eliot's Trailer,1,Monojet Poly Hub Needle,Horse Care > First Aid & Wellness > First Aid Supplies > Needles and Syringes,8881251840,Size: 21 Gauge x 1 Inch,Quantity: Box of 100,,,,Corro Trailer 1,10650,10650,10650,15990,0,0,
2,First Aid,1778252086689,Eliot's Trailer,1,Monojet Poly Hub Needle,Horse Care > First Aid & Wellness > First Aid Supplies > Needles and Syringes,8881251790,Size: 20 Gauge x 1 1/2 Inch,Quantity: Box of 100,,,,Corro Trailer 1,10650,10650,10650,18990,0,0,
4,First Aid,1778252086689,Eliot's Trailer,1,Monojet Poly Hub Needle,Horse Care > First Aid & Wellness > First Aid Supplies > Needles and Syringes,8881250081,Size: 19 Gauge x 1 Inch,Quantity: Box of 100,,,,Corro Trailer 1,10600,10600,10600,14990,0,0,
2,First Aid,1778252086689,Eliot's Trailer,1,Monojet Poly Hub Needle,Horse Care > First Aid & Wellness > First Aid Supplies > Needles and Syringes,8881251782,Size: 20 Gauge x 1 Inch,Quantity: Box of 100,,,,Corro Trailer 1,9540,9540,9540,15990,0,0,0.041853435
3,Grooming,1778252024408,Eliot's Trailer,1,Epona Queen's Brush,Horse Care > Grooming & Bathing > Brushes & Tools > Brushes & Combs,1096,Title: Default Title,,,,,Corro Trailer 1,7260,8050,8840,14990,0,0,0.035771992
4,Tack,1778180207021,Eliot's Trailer,1,Mustang Poly Lead,Tack & Equipment > Halters & Leads > Lead Ropes,6000-F,Color: Navy,,,,,Corro Trailer 1,5200,5200,5200,9990,0,0,0.0411787
-1,,,,,Veltri Sport Bedford Boot Bag,Rider > Bags > Boot Bags,sku-45594331349213,Color: Black/Rose Gold,,,,,Corro Trailer 1,84360,84360,84360,148000,0,0,0.085055575
2,First Aid,1778252086689,Eliot's Trailer,1,Monoject Disposable Regular Tip Syringe,Horse Care > First Aid & Wellness > First Aid Supplies > Needles and Syringes,8881512852,Size: 12cc / Box of 80,,,,,Corro Trailer 1,27050,27050,27050,35990,0,0,
8,Treats / Toys,1778252144214,Eliot's Trailer,1,Likit Granola Stall Ball,Horse Care > Treats & Toys > Toys & Licks,GRANBALLMIUS,Size: 3.53 Pounds,Flavor: Peppermint,,,,Corro Trailer 1,0,7740,15480,22990,0,0,0.34148926
2,First Aid,1778252086689,Eliot's Trailer,1,Monoject Disposable Regular Tip Syringe,Horse Care > First Aid & Wellness > First Aid Supplies > Needles and Syringes,8881516911,Size: 6cc / Box of 50,,,,,Corro Trailer 1,12500,12500,12500,18990,0,0,0.033702284
7,Treats / Toys,1778252144214,Eliot's Trailer,1,Likit Granola Stall Ball,Horse Care > Treats & Toys > Toys & Licks,GRANBALLNAUS,Size: 3.53 Pounds,Flavor: Molasses,,,,Corro Trailer 1,15480,15480,15480,22990,0,0,0.48620123
4,First Aid,1778252086689,Eliot's Trailer,1,Monoject Disposable Luer Lock Tip Syringe,Horse Care > First Aid & Wellness > First Aid Supplies > Needles and Syringes,8881516937,Size: 6cc / Box of 50,,,,,Corro Trailer 1,11530,11530,11530,16950,0,0,0.03820258
5,Treats / Toys,1778252144214,Eliot's Trailer,1,Likit Granola Stall Ball,Horse Care > Treats & Toys > Toys & Licks,GRANBALLAP,Size: 3.53 Pounds,Flavor: Apple,,,,Corro Trailer 1,15480,15480,15480,22990,0,0,0.17726515
1,First Aid,1778252086689,Eliot's Trailer,1,Monoject Disposable Regular Tip Syringe,Horse Care > First Aid & Wellness > First Aid Supplies > Needles and Syringes,8881560224,Size: 60cc / Box of 20,,,,,Corro Trailer 1,24740,24740,24740,36990,0,0,0.015494499
0,Grooming,1778252024408,Eliot's Trailer,1,Rubber Curry Comb,"Horse Care > Grooming & Bathing > Brushes & Tools > Grooming Gloves, Curry Combs & Deshedding Tools",65-2141,Title: Default Title,,,,,Corro Trailer 1,4410,4410,4410,6990,0,0,
4,Cycle Counts Grooming,1785512013430,Eliot's Trailer,1,Rubber Curry Comb,"Horse Care > Grooming & Bathing > Brushes & Tools > Grooming Gloves, Curry Combs & Deshedding Tools",65-2141,Title: Default Title,,,,,Corro Trailer 1,4410,4410,4410,6990,0,0,
2,Supplements,1778252144213,Eliot's Trailer,1,Peak Performance Nutrients Perfect Balance Electrolite,Horse Care > Supplements > Electrolytes & Salt,1336,Size: 3 Doses / 80cc,,,Lot #2426,2027-04-30,Corro Trailer 1,11550,11550,11550,16990,0,0,0.18078645
1,Hoof Care,1778252024407,Eliot's Trailer,1,"Tough-1 Professional 15"" Shoe Puller",Horse Care > Grooming & Bathing > Brushes & Tools > Hoof Picks & Hoof Brushes,79-716-0-0,Title: Default Title,,,,,Corro Trailer 1,25980,25980,25980,44950,0,0,
2,Stable,1778252234586,Eliot's Trailer,1,Equiline Ozzy Stable Head Protector,Stable > Stable Supplies > Stall Supplies,F03018-002,Color: Navy,,,,,Corro Trailer 1,45000,45000,45000,89000,0,0,0.042539585
2,Boots/Wraps,1778252009218,Eliot's Trailer,1,Equiline Cotton Quilted Leg Wraps (Set of 4),Tack & Equipment > Boots & Wraps > Leg Wraps,EC018-D00071-006,Color: Black,,,,,Corro Trailer 1,129000,129000,129000,259000,0,0,0.011816615
1,Boots/Wraps,1778252009218,Eliot's Trailer,1,Equiline Fleece Polo Wraps (Set of 4),Tack & Equipment > Boots & Wraps > Leg Wraps,EC018-D04000-006,Color: Black,,,,,Corro Trailer 1,37500,37500,37500,75000,0,0,0.114533044
1,Horse Wear,1778252234587,Eliot's Trailer,1,Equiline Dave Soundproof Ear Net With Square Edge,Tack & Equipment > Ear Plugs & Bonnets > Bonnets,E01043-006F,Color: Black,Size: Full,,,,Corro Trailer 1,55000,55000,55000,109000,0,0,
1,Horse Wear,1778252234587,Eliot's Trailer,1,Equiline Loop Tie Down Ear Bonnet,Tack & Equipment > Ear Plugs & Bonnets > Bonnets,E00057-006,Color: Black,,,,,Corro Trailer 1,42500,42500,42500,85000,0,0,0.0127029335
1,Grooming,1778252024408,Eliot's Trailer,1,ShowBarn Secret Braiding Spray,Horse Care > Grooming & Bathing > Brushes & Tools > Braiding,SBSBS32,Size: 32 Ounces,,,,,Corro Trailer 1,10500,10500,10500,20990,0,0,0.014065075
2,Tack,1778180207021,Eliot's Trailer,1,Kentucky Horseware Vegan Sheepskin Fetlock Boots Elastic,Tack & Equipment > Boots & Wraps > Protective Boots > Hind Boots,88208-01-M,Size: Medium,Color: Black,,,,Corro Trailer 1,96880,96880,96880,324990,0,0,0.015729083
1,Tack,1778180207021,Eliot's Trailer,1,Equifit Belly Band+ With Fleece,Tack & Equipment > Girths & Cinches > English Girths > Hunter/Jumper Girths,52615H,Size: Horse,,,,,Corro Trailer 1,104250,104250,104250,208000,0,0,
1,Tack,1778180207021,Eliot's Trailer,1,Equifit Belly Band+ With Fleece,Tack & Equipment > Girths & Cinches > English Girths > Hunter/Jumper Girths,52615O,Size: Oversize,,,,,Corro Trailer 1,104250,104250,104250,208000,0,0,
3,Tack,1778180207021,Eliot's Trailer,1,Dy'on 5/8 Leather/Nylon Draw Reins - D Collection,"Tack & Equipment > Bridles, Headstalls & Reins > English Bridles & Reins > Reins",DY08B-BR-F,Size: Full,Color: Brown,,,,Corro Trailer 1,76120,76120,76120,249990,0,0,
3,Tack,1778180207021,Eliot's Trailer,1,Dy'on Blinkers,"Tack & Equipment > Bridles, Headstalls & Reins > English Bridles & Reins > Bridle Accessories",AB99KBRC,Size: Cob,Color: Brown,,,,Corro Trailer 1,17290,17290,17290,59990,0,0,
1,Tack,1778180207021,Eliot's Trailer,1,Dy'on 5/8 Web Reins With 9 Leather Loops - D Collection,"Tack & Equipment > Bridles, Headstalls & Reins > English Bridles & Reins > Reins",DY05K-BR-F,Size: Full,Color: Brown,,,,Corro Trailer 1,65740,65740,65740,214990,0,0,0.012099788
1,Tack,1778180207021,Eliot's Trailer,1,Dy'on 5/8 Leather/Nylon Draw Reins - D Collection,"Tack & Equipment > Bridles, Headstalls & Reins > English Bridles & Reins > Reins",DY08B-BR-C,Size: Cob,Color: Brown,,,,Corro Trailer 1,76120,76120,76120,249990,0,0,
2,Tack,1778180207021,Eliot's Trailer,1,Dy'on Rope Noseband - D Collection,"Tack & Equipment > Bridles, Headstalls & Reins > English Bridles & Reins > Bridles",DY04F-BR-C,Size: Cob,Color: Brown,,,,Corro Trailer 1,51900,51900,51900,169990,0,0,
1,Tack,1778180207021,Eliot's Trailer,1,Dy'on Rope Noseband - D Collection,"Tack & Equipment > Bridles, Headstalls & Reins > English Bridles & Reins > Bridles",DY04F-BR-F,Size: Full,Color: Brown,,,,Corro Trailer 1,51900,51900,51900,169990,0,0,0.20799308
3,Tack,1778180207021,Eliot's Trailer,1,Dy'on 3/8 Flash Nose Strap - D Collection,"Tack & Equipment > Bridles, Headstalls & Reins > English Bridles & Reins > Bridle Accessories",DY99A-BR-C,Size: Cob,Color: Brown,,,,Corro Trailer 1,13830,13830,13830,44990,0,0,
2,Tack,1778180207021,Eliot's Trailer,1,Dy'on Fig 8 Noseband- D Collection,"Tack & Equipment > Bridles, Headstalls & Reins > English Bridles & Reins > Bridles",DY04C-BR-C,Size: Cob,Color: Brown,,,,Corro Trailer 1,76120,76120,76120,249990,0,0,
-1,,,,,Veltri Sport Delaire Backpack,Rider > Bags > Backpacks,VSP12001BN,Color: Black/Nickel,,,,,Corro Trailer 1,141360,141360,141360,248000,0,0,0.07913824
1,Rider,1778252234585,Eliot's Trailer,1,Back On Track Human Physio Wrist Brace,Rider > Accessories & Apparel > Accessories,13070003,Size: Large,Color: Black,,,,Corro Trailer 1,12500,12500,12500,25000,0,0,
2,Rider,1778252234585,Eliot's Trailer,1,Back On Track Human Physio Wrist Brace,Rider > Accessories & Apparel > Accessories,13070001,Size: Small,Color: Black,,,,Corro Trailer 1,12500,12500,12500,25000,0,0,0.01462125
2,Rider,1778252234585,Eliot's Trailer,1,Back On Track Human Physio Wrist Brace,Rider > Accessories & Apparel > Accessories,13070002,Size: Medium,Color: Black,,,,Corro Trailer 1,12500,12500,12500,25000,0,0,
-1,,,,,EnviroEquine ReLyte,Horse Care > Supplements > Performance & Energy,EEIPRL1KG5,Size: 1.5kg,,,,,Corro Trailer 1,63700,63700,63700,98000,0,0,0.65337515
1,Rider,1778252234585,Eliot's Trailer,1,Equisite Alesia Shirt,Rider > Accessories & Apparel > Shirts,sku-51085713244451,Size: M,Color: Eucalyptus,,,,Corro Trailer 1,58800,58800,58800,98000,0,0,0.11419094
6,Fly Gear,1778252234584,Eliot's Trailer,1,The Infused Equestrian Wham Bam Fly Spray,Horse Care > Fly & Insect Control > Fly Sprays & Traps,WHAMBAM16,Size: 16 Ounces,,,,,Corro Trailer 1,9960,9960,9960,22000,0,0,
6,Tack,1778180207021,Eliot's Trailer,1,Equi-Care Clean & Care Saddle Soap,Tack & Equipment > Leather Care,CCSS19,Size: 19.5 Ounces,,,,,Corro Trailer 1,9500,9500,9500,15000,0,0,0.046353165
2,Tack,1778180207021,Eliot's Trailer,1,Equi-Care Clean & Care Ointment,Tack & Equipment > Leather Care,CCO15,Size: 15 Ounces,,,,,Corro Trailer 1,10130,10130,10130,17000,0,0,
4,Tack,1778180207021,Eliot's Trailer,1,Equi-Care Clean & Care EquiSoft,Tack & Equipment > Leather Care,CCES15,Size: 15 Ounces,,,,,Corro Trailer 1,8190,8190,8190,13900,0,0,
2,Horse Wear,1778252234587,Eliot's Trailer,1,Amigo Net Cooler,"Horse Wear > Blankets & Sheets > Coolers, Fleece & Covers",ACRN24-BJI0-81,Color: Navy/Titanium Grey & Silver,Size: 81-Inch,,,,Corro Trailer 1,31520,31520,31520,71950,0,0,
1,Horse Wear,1778252234587,Eliot's Trailer,1,Amigo Net Cooler,"Horse Wear > Blankets & Sheets > Coolers, Fleece & Covers",ACRN24-BJI0-72,Color: Navy/Titanium Grey & Silver,Size: 72-Inch,,,,Corro Trailer 1,31520,31520,31520,71950,0,0,0.04671234
2,Horse Wear,1778252234587,Eliot's Trailer,1,Amigo Net Cooler,"Horse Wear > Blankets & Sheets > Coolers, Fleece & Covers",ACRN24-BJI0-78,Color: Navy/Titanium Grey & Silver,Size: 78-Inch,,,,Corro Trailer 1,31520,31520,31520,71950,0,0,
1,Horse Wear,1778252234587,Eliot's Trailer,1,Amigo Net Cooler,"Horse Wear > Blankets & Sheets > Coolers, Fleece & Covers",ACRN24-BJI0-75,Color: Navy/Titanium Grey & Silver,Size: 75-Inch,,,,Corro Trailer 1,31520,31520,31520,71950,0,0,
1,Horse Wear,1778252234587,Eliot's Trailer,1,Amigo Net Cooler,"Horse Wear > Blankets & Sheets > Coolers, Fleece & Covers",ACRN24-BJI0-84,Color: Navy/Titanium Grey & Silver,Size: 84-Inch,,,,Corro Trailer 1,31520,31520,31520,71950,0,0,0.023333944
6,Hoof Care,1778252024407,Eliot's Trailer,1,ComfortMix Thrush Treatment,Horse Care > First Aid & Wellness > Hoof Care > Thrush,90.195.900100000,Size: Gel - 2 oz,,,,,Corro Trailer 1,11200,11200,11200,14950,0,0,0.08506268
5,Grooming,1778252024408,Eliot's Trailer,1,Braiding Bands,Horse Care > Grooming & Bathing > Brushes & Tools > Braiding,368-CS,Color: Chestnut,,,,,Corro Trailer 1,2980,2980,2980,4980,0,0,0.021025058
1,Tack,1778180207021,Eliot's Trailer,1,Pharmaka Sporty Stick Spray,Rider > Accessories & Apparel > Accessories,803550,Size: 200ml,,,,,Corro Trailer 1,12300,12300,12300,22500,0,0,0.06803177
8,Hoof Care,1778252024407,Eliot's Trailer,1,Groom's Hand Deep Thrush Gel,Horse Care > First Aid & Wellness > Hoof Care > Thrush,GHDT3AR,Size: 3 Ounces,,,,,Corro Trailer 1,14300,14300,14300,19500,0,0,0.011592986
2,Stable,1778252234586,Eliot's Trailer,1,Tough-1 Box Fan Holder,Stable > Stable Supplies > Stall Supplies,88-497-0-0,Title: Default Title,,,,,Corro Trailer 1,10980,10980,10980,17990,0,0,0.24618277
8,Tack,1778180207021,Eliot's Trailer,1,Sealtex Latex Bandage,Tack & Equipment > Bits > Bit Accessories,391,Size: 3” x 36”,,,,,Corro Trailer 1,7950,7950,7950,15950,0,0,
1,First Aid,1778252086689,Eliot's Trailer,1,Monoject 60cc Catheter Tip Syringe,Horse Care > First Aid & Wellness > First Aid Supplies > Needles and Syringes,8881560141,Size: 20 Pack,,,,,Corro Trailer 1,24740,24740,24740,29950,0,0,0.1322181
4,Rider,1778252234585,Eliot's Trailer,1,Bhoof Eyewear 1.1 Wide,Rider > Accessories & Apparel > Eyewear,BH20010001,Color: Black,,,,,Corro Trailer 1,137000,137000,137000,249000,0,0,0.25753206
10,Tack,1778180207021,Eliot's Trailer,1,Bhoof CO2 Cartridge 1,Rider > Accessories & Apparel > Safety Vest,BH20050007,Size: 33 Grams,,,,,Corro Trailer 1,21000,21000,21000,39000,0,0,
0,Other,1778252254016,Eliot's Trailer,1,Bhoof Eyewear 2 Slim,Rider > Accessories & Apparel > Eyewear,BH20010004,Color: Slate Grey/Brown Contrast,,,,,Corro Trailer 1,148000,148000,148000,269000,0,0,
10,Tack,1778180207021,Eliot's Trailer,1,Bhoof CO2 Cartridge 1,Rider > Accessories & Apparel > Safety Vest,BH20050006,Size: 24 Grams,,,,,Corro Trailer 1,21000,21000,21000,39000,0,0,0.14505924
1,Tack,1778180207021,Eliot's Trailer,1,Bhoof Bridle 2 - Y-fit,"Tack & Equipment > Bridles, Headstalls & Reins > English Bridles & Reins > Bridles",BH10010012,Size: Full,,,,,Corro Trailer 1,307000,307000,307000,559000,0,0,
2,Tack,1778180207021,Eliot's Trailer,1,Bhoof Bit 3 Leather,Tack & Equipment > Bits > English Bits,BH10120013,Style: Titanium / Leather,Size: 125 mm,,,,Corro Trailer 1,149000,149000,149000,229000,0,0,
2,Tack,1778180207021,Eliot's Trailer,1,Bhoof Bit 1 Single-jointed,Tack & Equipment > Bits > English Bits,BH10120003,Size: 125 mm,,,,,Corro Trailer 1,129000,129000,129000,199000,0,0,
1,Tack,1778180207021,Eliot's Trailer,1,Bhoof Bit 3 Leather,Tack & Equipment > Bits > English Bits,BH10120014,Style: Titanium / Leather,Size: 135 mm,,,,Corro Trailer 1,149000,149000,149000,229000,0,0,
1,Tack,1778180207021,Eliot's Trailer,1,Bhoof Bit 1 Single-jointed,Tack & Equipment > Bits > English Bits,BH10120004,Size: 135 mm,,,,,Corro Trailer 1,129000,129000,129000,199000,0,0,
2,Tack,1778180207021,Eliot's Trailer,1,Bhoof Bit 3 Leather,Tack & Equipment > Bits > English Bits,BH10120012,Style: Titanium / Leather,Size: 115 mm,,,,Corro Trailer 1,149000,149000,149000,229000,0,0,
2,Tack,1778180207021,Eliot's Trailer,1,Bhoof Bit 1 Single-jointed,Tack & Equipment > Bits > English Bits,BH10120002,Size: 115 mm,,,,,Corro Trailer 1,129000,129000,129000,199000,0,0,
0,Tack,1778180207021,Eliot's Trailer,1,Bhoof Martingale 1 - Classic,Tack & Equipment > Martingales & Breastplates,BH10030002,Size: Cob,,,,,Corro Trailer 1,142000,142000,142000,259000,0,0,0.080007076
1,Tack,1778180207021,Eliot's Trailer,1,Bhoof Rein 1 - Safety,"Tack & Equipment > Bridles, Headstalls & Reins > English Bridles & Reins > Reins",BH10020003,Size: Full 22mm,,,,,Corro Trailer 1,98000,98000,98000,179000,0,0,
2,First Aid,1778252086689,Eliot's Trailer,1,Cotton Roll Non-Sterile,Horse Care > First Aid & Wellness > First Aid Supplies,21300729,Title: Default Title,,,,,Corro Trailer 1,3540,3540,3540,8990,0,0,
1,Boots/Wraps,1778252009218,Eliot's Trailer,1,Ryde Adjustable Safety Stirrup,Tack & Equipment > Stirrups & Leathers > English Stirrups,002,Color: Silver,,,,,Corro Trailer 1,0,0,0,650000,0,0,
2,Rider,1778252234585,Eliot's Trailer,1,Yagya Leather Buckle Belt,Rider > Accessories & Apparel > Belts,1000000000717,Color: Brown,Size: XS/S,,,,Corro Trailer 1,90000,90000,90000,190000,0,0,
1,Rider,1778252234585,Eliot's Trailer,1,Yagya Compression Performance Breeches,Rider > Accessories & Apparel > Breeches,1000000000375,Size: Medium,Color: Black,,,,Corro Trailer 1,167000,167000,167000,350000,0,0,
1,Rider,1778252234585,Eliot's Trailer,1,Yagya Compression Performance Breeches,Rider > Accessories & Apparel > Breeches,1000000000475,Size: Large,Color: Tan,,,,Corro Trailer 1,167000,167000,167000,350000,0,0,
0,Rider,1778252234585,Eliot's Trailer,1,Yagya Compression Performance Breeches,Rider > Accessories & Apparel > Breeches,1000000000374,Size: Small,Color: Black,,,,Corro Trailer 1,167000,167000,167000,350000,0,0,0.08680273
0,Rider,1778252234585,Eliot's Trailer,1,Yagya Compression Performance Breeches,Rider > Accessories & Apparel > Breeches,1000000000294,Size: Extra Small,Color: White,,,,Corro Trailer 1,167000,167000,167000,350000,0,0,1
1,Rider,1778252234585,Eliot's Trailer,1,Yagya High-Rise Compression Breeches,Rider > Accessories & Apparel > Breeches,1000000000516,Size: Medium,Color: Navy,,,,Corro Trailer 1,167000,167000,167000,350000,0,0,
1,Rider,1778252234585,Eliot's Trailer,1,Yagya Compression Performance Breeches,Rider > Accessories & Apparel > Breeches,1000000000296,Size: Medium,Color: White,,,,Corro Trailer 1,167000,167000,167000,350000,0,0,
1,Rider,1778252234585,Eliot's Trailer,1,Yagya High-Rise Compression Breeches,Rider > Accessories & Apparel > Breeches,1000000000509,Size: Medium,Color: Tan,,,,Corro Trailer 1,167000,167000,167000,350000,0,0,
1,Rider,1778252234585,Eliot's Trailer,1,Yagya Compression Performance Breeches,Rider > Accessories & Apparel > Breeches,1000000000297,Size: Large,Color: White,,,,Corro Trailer 1,167000,167000,167000,350000,0,0,
1,Rider,1778252234585,Eliot's Trailer,1,Yagya High-Rise Compression Breeches,Rider > Accessories & Apparel > Breeches,1000000000510,Size: Large,Color: Tan,,,,Corro Trailer 1,167000,167000,167000,350000,0,0,
0,Rider,1778252234585,Eliot's Trailer,1,Yagya Leather Buckle Belt,Rider > Accessories & Apparel > Belts,1000000001461,Color: Black,Size: XS/S,,,,Corro Trailer 1,90000,90000,90000,190000,0,0,0.017621757
1,Rider,1778252234585,Eliot's Trailer,1,Yagya Signature Riding Jacket,Rider > Accessories & Apparel > Jackets,1000000000018,Size: XS,Color: Black,,,,Corro Trailer 1,144000,144000,144000,260000,0,0,
1,Rider,1778252234585,Eliot's Trailer,1,Yagya Performance Show Jacket,Rider > Accessories & Apparel > Jackets,1000000000753,Color: Black,Size: Medium,,,,Corro Trailer 1,250000,250000,250000,580000,0,0,
5,Grooming,1778252024408,Eliot's Trailer,1,Cavali Club Body Brush,Horse Care > Grooming & Bathing > Brushes & Tools > Brushes & Combs,WINTER601,Title: Default Title,,,,,Corro Trailer 1,7350,7350,7350,30000,0,0,0.119336404
1,Rider,1778252234585,Eliot's Trailer,1,Yagya Short Padded Jacket,Rider > Accessories & Apparel > Jackets,1000000000995,Color: Green,Size: Medium,,,,Corro Trailer 1,150000,150000,150000,340000,0,0,
1,Rider,1778252234585,Eliot's Trailer,1,Yagya Performance Show Jacket,Rider > Accessories & Apparel > Jackets,1000000000751,Color: Black,Size: XS,,,,Corro Trailer 1,250000,250000,250000,580000,0,0,
1,Rider,1778252234585,Eliot's Trailer,1,Yagya Performance Show Jacket,Rider > Accessories & Apparel > Jackets,1000000000752,Color: Black,Size: Small,,,,Corro Trailer 1,250000,250000,250000,580000,0,0,
1,Rider,1778252234585,Eliot's Trailer,1,Yagya Short Padded Jacket,Rider > Accessories & Apparel > Jackets,1000000000996,Color: Green,Size: Large,,,,Corro Trailer 1,150000,150000,150000,340000,0,0,
1,Rider,1778252234585,Eliot's Trailer,1,Yagya Performance Show Jacket,Rider > Accessories & Apparel > Jackets,1000000000754,Color: Black,Size: Large,,,,Corro Trailer 1,250000,250000,250000,580000,0,0,
1,Rider,1778252234585,Eliot's Trailer,1,Yagya Short Padded Jacket,Rider > Accessories & Apparel > Jackets,1000000000989,Color: Black,Size: Large,,,,Corro Trailer 1,150000,150000,150000,340000,0,0,
2,Rider,1778252234585,Eliot's Trailer,1,Roeckl Roeck-Grip Riding Gloves - Unisex,Rider > Accessories & Apparel > Gloves,15-3301208BK-95,Color: Black,Size: 9.5,,,,Corro Trailer 1,30000,30000,30000,59950,0,0,0.078885995
0,Rider,1778252234585,Eliot's Trailer,1,Roeckl Roeck-Grip Riding Gloves - Unisex,Rider > Accessories & Apparel > Gloves,15-3301208BK-7,Color: Black,Size: 7,,,,Corro Trailer 1,30000,30000,30000,59950,0,0,0.14797728
0,Rider,1778252234585,Eliot's Trailer,1,Roeckl Roeck-Grip Riding Gloves - Unisex,Rider > Accessories & Apparel > Gloves,15-3301208BK-6,Color: Black,Size: 6,,,,Corro Trailer 1,30000,30000,30000,59950,0,0,0.2040043
1,Rider,1778252234585,Eliot's Trailer,1,Roeckl Roeck-Grip Riding Gloves - Unisex,Rider > Accessories & Apparel > Gloves,15-3301208BK-8,Color: Black,Size: 8,,,,Corro Trailer 1,30000,30000,30000,59950,0,0,0.044311803
0,Rider,1778252234585,Eliot's Trailer,1,Roeckl Roeck-Grip Riding Gloves - Unisex,Rider > Accessories & Apparel > Gloves,15-3301208BK-65,Color: Black,Size: 6.5,,,,Corro Trailer 1,30000,30000,30000,59950,0,0,0.06782538
0,Rider,1778252234585,Eliot's Trailer,1,Roeckl Roeck-Grip Riding Gloves - Unisex,Rider > Accessories & Apparel > Gloves,15-3301208BK-85,Color: Black,Size: 8.5,,,,Corro Trailer 1,30000,30000,30000,59950,0,0,0.023375543
1,Tack,1778180207021,Eliot's Trailer,1,Bhoof Breastplate 1 - Mid position,Tack & Equipment > Martingales & Breastplates,BH10040002,Size: Cob,,,,,Corro Trailer 1,241000,241000,241000,439000,0,0,
1,Tack,1778180207021,Eliot's Trailer,1,Bhoof Bit 2 Double-jointed,Tack & Equipment > Bits > English Bits,BH10120010,Size: 145 mm,,,,,Corro Trailer 1,129000,129000,129000,199000,0,0,
2,Tack,1778180207021,Eliot's Trailer,1,Bhoof Bit 2 Double-jointed,Tack & Equipment > Bits > English Bits,BH10120009,Size: 135 mm,,,,,Corro Trailer 1,129000,129000,129000,199000,0,0,
1,Tack,1778180207021,Eliot's Trailer,1,Bhoof Bit 2 Double-jointed,Tack & Equipment > Bits > English Bits,BH10120007,Size: 115 mm,,,,,Corro Trailer 1,129000,129000,129000,199000,0,0,
1,Tack,1778180207021,Eliot's Trailer,1,Bhoof Breastplate 2 - High position,Tack & Equipment > Martingales & Breastplates,BH10040005,Size: Cob,,,,,Corro Trailer 1,241000,241000,241000,439000,0,0,
2,Tack,1778180207021,Eliot's Trailer,1,Bhoof Bit 2 Double-jointed,Tack & Equipment > Bits > English Bits,BH10120008,Size: 125 mm,,,,,Corro Trailer 1,129000,129000,129000,199000,0,0,
1,Tack,1778180207021,Eliot's Trailer,1,Bhoof Breastplate 2 - High position,Tack & Equipment > Martingales & Breastplates,BH10040004,Size: Pony,,,,,Corro Trailer 1,241000,241000,241000,439000,0,0,
1,Tack,1778180207021,Eliot's Trailer,1,Bhoof Martingale 2 - Elastic,Tack & Equipment > Martingales & Breastplates,BH10030006,Size: Full,,,,,Corro Trailer 1,142000,142000,142000,259000,0,0,
1,Tack,1778180207021,Eliot's Trailer,1,Bhoof Bit 2 Double-jointed,Tack & Equipment > Bits > English Bits,BH10120006,Size: 105 mm,,,,,Corro Trailer 1,129000,129000,129000,199000,0,0,
2,Tack,1778180207021,Eliot's Trailer,1,Dy'on Leather Covered Rope Noseband - New English Collection,"Tack & Equipment > Bridles, Headstalls & Reins > English Bridles & Reins > Bridles",NE04IBRC,Size: Cob,Color: Brown,,,,Corro Trailer 1,58820,58820,58820,189990,0,0,
2,Boots/Wraps,1778252009218,Eliot's Trailer,1,Kentucky Horsewear Wool Bandages,Tack & Equipment > Boots & Wraps > Leg Wraps,42103-01-F,Size: Full,Color: Black,,,,Corro Trailer 1,47810,47810,47810,129990,0,0,0.01621017
2,Boots/Wraps,1778252009218,Eliot's Trailer,1,Kentucky Horsewear Stable Bandage Wrap,Tack & Equipment > Boots & Wraps > Leg Wraps,42119-01-50X50,Size: 50 x 50cm,Color: Black,,,,Corro Trailer 1,52150,52150,52150,139990,0,0,
2,Boots/Wraps,1778252009218,Eliot's Trailer,1,Kentucky Horsewear Tendon Grip Sock,Tack & Equipment > Boots & Wraps > Leg Wraps,42101-01,Size: Full,Color: Black,,,,Corro Trailer 1,34770,34770,34770,94990,0,0,
2,Boots/Wraps,1778252009218,Eliot's Trailer,1,Kentucky Horsewear Tendon Grip Gel Sock,Tack & Equipment > Boots & Wraps > Leg Wraps,42101-01-GEL,Size: Full,Color: Black,,,,Corro Trailer 1,34770,34770,34770,94990,0,0,0.55220926
1,Fly Gear,1778252234584,Eliot's Trailer,1,Flysect Super-C Repellent Concentrate,Horse Care > Fly & Insect Control > Fly Sprays & Traps,3006290,Size: 32 Ounces,,,,,Corro Trailer 1,41320,41320,41320,49950,0,1,0.04194096
3,First Aid,1778252086689,Eliot's Trailer,1,Telfa Non-Adherent Dressing,Horse Care > First Aid & Wellness > First Aid Supplies,2132,Size: 3x4 Inch 100 Count,,,,,Corro Trailer 1,20700,20700,20700,26990,0,0,
7,Rider,1778252234585,Eliot's Trailer,1,HIRZL Grippp Elite Gloves,Rider > Accessories & Apparel > Gloves,HR-72176-9,Color: Black,Size: 9,,,,Corro Trailer 1,31450,31450,31450,79990,0,0,
4,Rider,1778252234585,Eliot's Trailer,1,HIRZL Grippp Elite Gloves,Rider > Accessories & Apparel > Gloves,HR-72176-10.5,Color: Black,Size: 10.5,,,,Corro Trailer 1,31450,31450,31450,79990,0,0,
5,Rider,1778252234585,Eliot's Trailer,1,HIRZL Grippp Elite Gloves,Rider > Accessories & Apparel > Gloves,HR-72176-7.5,Color: Black,Size: 7.5,,,,Corro Trailer 1,31450,31450,31450,79990,0,0,0.022843447
4,Rider,1778252234585,Eliot's Trailer,1,HIRZL Grippp Elite Gloves,Rider > Accessories & Apparel > Gloves,HR-72176-11,Color: Black,Size: 11,,,,Corro Trailer 1,31450,31450,31450,79990,0,0,
5,Rider,1778252234585,Eliot's Trailer,1,HIRZL Grippp Elite Gloves,Rider > Accessories & Apparel > Gloves,HR-72176-8.5,Color: Black,Size: 8.5,,,,Corro Trailer 1,31450,31450,31450,79990,0,0,0.11432966
2,Rider,1778252234585,Eliot's Trailer,1,HIRZL Grippp Elite Driver Gloves,Rider > Accessories & Apparel > Gloves,HR-72237-7.5,Color: Brown,Size: 7.5,,,,Corro Trailer 1,31450,31450,31450,79990,0,0,0.23396157
1,Rider,1778252234585,Eliot's Trailer,1,HIRZL Grippp Elite Driver Gloves,Rider > Accessories & Apparel > Gloves,HR-72237-12,Color: Brown,Size: 12,,,,Corro Trailer 1,31450,31450,31450,79990,0,0,
2,Rider,1778252234585,Eliot's Trailer,1,HIRZL Grippp Elite Driver Gloves,Rider > Accessories & Apparel > Gloves,HR-72237-7,Color: Brown,Size: 7,,,,Corro Trailer 1,31450,31450,31450,79990,0,0,0.020106375
1,Rider,1778252234585,Eliot's Trailer,1,HIRZL Grippp Elite Driver Gloves,Rider > Accessories & Apparel > Gloves,HR-72237-10.5,Color: Brown,Size: 10.5,,,,Corro Trailer 1,31450,31450,31450,79990,0,0,
1,Rider,1778252234585,Eliot's Trailer,1,HIRZL Grippp Elite Gloves,Rider > Accessories & Apparel > Gloves,HR-72176-7,Color: Black,Size: 7,,,,Corro Trailer 1,31450,31450,31450,79990,0,0,
2,Rider,1778252234585,Eliot's Trailer,1,HIRZL Grippp Elite Driver Gloves,Rider > Accessories & Apparel > Gloves,HR-72237-6.5,Color: Brown,Size: 6.5,,,,Corro Trailer 1,31450,31450,31450,79990,0,0,
3,Rider,1778252234585,Eliot's Trailer,1,HIRZL Grippp Elite Gloves,Rider > Accessories & Apparel > Gloves,HR-72176-10,Color: Black,Size: 10,,,,Corro Trailer 1,31450,31450,31450,79990,0,0,
2,Rider,1778252234585,Eliot's Trailer,1,HIRZL Grippp Elite Driver Gloves,Rider > Accessories & Apparel > Gloves,HR-72237-8,Color: Brown,Size: 8,,,,Corro Trailer 1,31450,31450,31450,79990,0,0,0.23396157
2,Rider,1778252234585,Eliot's Trailer,1,HIRZL Grippp Elite Driver Gloves,Rider > Accessories & Apparel > Gloves,HR-72237-9,Color: Brown,Size: 9,,,,Corro Trailer 1,31450,31450,31450,79990,0,0,
1,Rider,1778252234585,Eliot's Trailer,1,HIRZL Grippp Elite Driver Gloves,Rider > Accessories & Apparel > Gloves,HR-72237-9.5,Color: Brown,Size: 9.5,,,,Corro Trailer 1,31450,31450,31450,79990,0,0,
2,Rider,1778252234585,Eliot's Trailer,1,HIRZL Grippp Elite Driver Gloves,Rider > Accessories & Apparel > Gloves,HR-72237-8.5,Color: Brown,Size: 8.5,,,,Corro Trailer 1,31450,31450,31450,79990,0,0,
1,Rider,1778252234585,Eliot's Trailer,1,HIRZL Grippp Elite Gloves,Rider > Accessories & Apparel > Gloves,HR-72176-8,Color: Black,Size: 8,,,,Corro Trailer 1,31450,31450,31450,79990,0,0,
5,Rider,1778252234585,Eliot's Trailer,1,HIRZL Grippp Elite Gloves,Rider > Accessories & Apparel > Gloves,HR-72176-9.5,Color: Black,Size: 9.5,,,,Corro Trailer 1,31450,31450,31450,79990,0,0,0.078885995
2,Rider,1778252234585,Eliot's Trailer,1,HIRZL Grippp Elite Gloves,Rider > Accessories & Apparel > Gloves,HR-72176-12,Color: Black,Size: 12,,,,Corro Trailer 1,31450,31450,31450,79990,0,0,
1,Rider,1778252234585,Eliot's Trailer,1,HIRZL Grippp Elite Driver Gloves,Rider > Accessories & Apparel > Gloves,HR-72237-11,Color: Brown,Size: 11,,,,Corro Trailer 1,31450,31450,31450,79990,0,0,
1,Tack,1778180207021,Eliot's Trailer,1,Dy'on Anatomic Flash Noseband US Collection,"Tack & Equipment > Bridles, Headstalls & Reins > English Bridles & Reins > Bridle Accessories",US04BBRC,Size: Cob,,,,,Corro Trailer 1,75240,75240,75240,269990,0,0,
1,Tack,1778180207021,Eliot's Trailer,1,Dy'on Rope Crank Drop Noseband D Collection,"Tack & Equipment > Bridles, Headstalls & Reins > English Bridles & Reins > Bridle Accessories",DY04GBRF,Size: Full,,,,,Corro Trailer 1,41870,41870,41870,159990,0,0,
1,Tack,1778180207021,Eliot's Trailer,1,Dy'on Anatomic Flash Noseband US Collection,"Tack & Equipment > Bridles, Headstalls & Reins > English Bridles & Reins > Bridle Accessories",US04BBRO,Size: Oversized,,,,,Corro Trailer 1,75240,75240,75240,269990,0,0,
3,Grooming,1778252024408,Eliot's Trailer,1,Grooming Deluxe Middle Brush Long,Horse Care > Grooming & Bathing > Brushes & Tools > Brushes & Combs,82138-05,Color: Natural,,,,,Corro Trailer 1,20580,20580,20580,39990,0,0,
1,Grooming,1778252024408,Eliot's Trailer,1,Grooming Deluxe Middle Brush Long,Horse Care > Grooming & Bathing > Brushes & Tools > Brushes & Combs,82139-05,Color: Brown,,,,,Corro Trailer 1,20580,20580,20580,39990,0,0,0.11573044
2,Rider,1778252234585,Eliot's Trailer,1,Kentucky Horsewear Socks,Rider > Accessories & Apparel > Socks,42208-61-35/40,Color: Light Blue,Size: 35/40,,,,Corro Trailer 1,13040,13040,13040,39990,0,0,
2,Rider,1778252234585,Eliot's Trailer,1,Kentucky Horsewear Sunglasses,Rider > Accessories & Apparel > Accessories,42804-01,Type: La Paz,,,,,Corro Trailer 1,104320,104320,104320,269990,0,0,
2,Rider,1778252234585,Eliot's Trailer,1,Kentucky Horsewear Socks,Rider > Accessories & Apparel > Socks,42208-10-41/46,Color: Pink,Size: 41/46,,,,Corro Trailer 1,13040,13040,13040,39990,0,0,
2,Rider,1778252234585,Eliot's Trailer,1,Kentucky Horsewear Socks,Rider > Accessories & Apparel > Socks,42208-61-41/46,Color: Light Blue,Size: 41/46,,,,Corro Trailer 1,13040,13040,13040,39990,0,0,
2,Rider,1778252234585,Eliot's Trailer,1,Kentucky Horsewear Sunglasses,Rider > Accessories & Apparel > Accessories,42804-05,Type: Adele,,,,,Corro Trailer 1,104320,104320,104320,269990,0,0,
1,Rider,1778252234585,Eliot's Trailer,1,Kentucky Horsewear Socks Set of 3,Rider > Accessories & Apparel > Socks,42705-01-41/46,Color: Black,Size: 41/46,,,,Corro Trailer 1,30420,30420,30420,84990,0,0,0.06871702
0,Rider,1778252234585,Eliot's Trailer,1,Kentucky Horsewear Socks Set of 3,Rider > Accessories & Apparel > Socks,42705-03-41/46,Color: Navy,Size: 41/46,,,,Corro Trailer 1,30420,30420,30420,84990,0,0,0.020630661
3,Rider,1778252234585,Eliot's Trailer,1,Kentucky Horsewear Socks Set of 3,Rider > Accessories & Apparel > Socks,42705-03-35/40,Color: Navy,Size: 35/40,,,,Corro Trailer 1,30420,30420,30420,84990,0,0,0.08555799
2,Rider,1778252234585,Eliot's Trailer,1,Kentucky Horsewear Socks,Rider > Accessories & Apparel > Socks,42208-10-35/40,Color: Pink,Size: 35/40,,,,Corro Trailer 1,13040,13040,13040,39990,0,0,
2,Rider,1778252234585,Eliot's Trailer,1,Kentucky Horsewear Socks Set of 3,Rider > Accessories & Apparel > Socks,42705-01-35/40,Color: Black,Size: 35/40,,,,Corro Trailer 1,30420,30420,30420,84990,0,0,0.078235894
2,Rider,1778252234585,Eliot's Trailer,1,Kentucky Horsewear Sunglasses,Rider > Accessories & Apparel > Accessories,42804-55,Type: Alvin,,,,,Corro Trailer 1,104320,104320,104320,269990,0,0,
1,Horse Wear,1778252234587,Eliot's Trailer,1,Kentucky Horsewear Wellington Ear Bonnet,Tack & Equipment > Ear Plugs & Bonnets > Bonnets,42608-01-L,Size: Oversized,Color: Black,,,,Corro Trailer 1,52160,52160,52160,149990,0,0,
1,Horse Wear,1778252234587,Eliot's Trailer,1,Kentucky Horsewear Wellington Ear Bonnet,Tack & Equipment > Ear Plugs & Bonnets > Bonnets,42608-33-L,Size: Oversized,Color: Navy,,,,Corro Trailer 1,52160,52160,52160,149990,0,0,
1,Horse Wear,1778252234587,Eliot's Trailer,1,Kentucky Horsewear Wellington Ear Bonnet,Tack & Equipment > Ear Plugs & Bonnets > Bonnets,42608-33-F,Size: Full,Color: Navy,,,,Corro Trailer 1,52160,52160,52160,149990,0,0,
1,Horse Wear,1778252234587,Eliot's Trailer,1,Kentucky Horsewear Wellington Soundless Ear Bonnet,Tack & Equipment > Ear Plugs & Bonnets > Bonnets,42609-33-L,Size: Oversized,Color: Navy,,,,Corro Trailer 1,56510,56510,56510,159990,0,0,
1,Horse Wear,1778252234587,Eliot's Trailer,1,Kentucky Horsewear Wellington Ear Bonnet,Tack & Equipment > Ear Plugs & Bonnets > Bonnets,42608-33-C,Size: Cob,Color: Navy,,,,Corro Trailer 1,52160,52160,52160,149990,0,0,
1,Horse Wear,1778252234587,Eliot's Trailer,1,Kentucky Horsewear Wellington Ear Bonnet,Tack & Equipment > Ear Plugs & Bonnets > Bonnets,42608-01-C,Size: Cob,Color: Black,,,,Corro Trailer 1,52160,52160,52160,149990,0,0,
1,Horse Wear,1778252234587,Eliot's Trailer,1,Kentucky Horsewear Wellington Soundless Ear Bonnet,Tack & Equipment > Ear Plugs & Bonnets > Bonnets,42609-01-C,Size: Cob,Color: Black,,,,Corro Trailer 1,56510,56510,56510,159990,0,0,
1,Horse Wear,1778252234587,Eliot's Trailer,1,Kentucky Horsewear Wellington Soundless Ear Bonnet,Tack & Equipment > Ear Plugs & Bonnets > Bonnets,42609-33-C,Size: Cob,Color: Navy,,,,Corro Trailer 1,56510,56510,56510,159990,0,0,0.07282152
1,Horse Wear,1778252234587,Eliot's Trailer,1,Kentucky Horsewear Wellington Soundless Ear Bonnet,Tack & Equipment > Ear Plugs & Bonnets > Bonnets,42609-01-L,Size: Oversized,Color: Black,,,,Corro Trailer 1,56510,56510,56510,159990,0,0,
10,Stable,1778252234586,Eliot's Trailer,1,Kentucky Horsewear Nylon Holder Hook & Ring,Stable > Stable Supplies > Misc,42564-01-65,Color: Black,Size: 18-30 inch,,,,Corro Trailer 1,8680,8680,8680,19990,0,0,
2,Boots/Wraps,1778252009218,Eliot's Trailer,1,Kentucky Horsewear Recuptex Magnetic Bandages,Tack & Equipment > Boots & Wraps > Leg Wraps,62102-01-F,Title: Default Title,,,,,Corro Trailer 1,108670,108670,108670,294990,0,0,
5,Stable,1778252234586,Eliot's Trailer,1,Kentucky Horsewear Nylon Holder Hook & Hook,Stable > Stable Supplies > Misc,42729-03-25,Color: Navy,,,,,Corro Trailer 1,2700,2700,2700,19990,0,0,
0,Stable,1778252234586,Eliot's Trailer,1,Kentucky Horsewear Nylon Holder Hook & Ring,Stable > Stable Supplies > Misc,42564-03-65,Color: Navy,Size: 18-30 inch,,,,Corro Trailer 1,8680,8680,8680,19990,0,0,1.2841045
5,Stable,1778252234586,Eliot's Trailer,1,Kentucky Horsewear Nylon Holder Hook & Hook,Stable > Stable Supplies > Misc,42729-01-25,Color: Black,,,,,Corro Trailer 1,2700,2700,2700,19990,0,0,
2,Boots/Wraps,1778252009218,Eliot's Trailer,1,Kentucky Horsewear Travel Boots,Tack & Equipment > Boots & Wraps > Travel Boots,82144-03-F,Color: Navy,,,,,Corro Trailer 1,93580,93580,93580,324990,0,0,
2,Stable,1778252234586,Eliot's Trailer,1,Kentucky Horsewear Stable Curtain,Stable > Stable Supplies > Misc,82101-03,Color: Navy,,,,,Corro Trailer 1,117370,117370,117370,314990,0,0,
1,Stable,1778252234586,Eliot's Trailer,1,Kentucky Horsewear Stanley Box Cover,"Tack & Equipment > Bags, Cases & Covers",82171-03,Color: Navy,,,,,Corro Trailer 1,99970,99970,99970,269990,0,0,
4,Stable,1778252234586,Eliot's Trailer,1,Kentucky Horsewear Silicone Cross Ties,Stable > Stable Supplies > Cross Ties & Trailer Ties,82158-01-140,Color: Black,Size: 55 inches,Material: Silicone,,,Corro Trailer 1,17370,17370,17370,44990,0,0,
4,Stable,1778252234586,Eliot's Trailer,1,Kentucky Horsewear Silicone Cross Ties,Stable > Stable Supplies > Cross Ties & Trailer Ties,82158-01-90,Color: Black,Size: 35 inches,Material: Silicone,,,Corro Trailer 1,14770,14770,14770,34990,0,0,0.011647581
4,Stable,1778252234586,Eliot's Trailer,1,Kentucky Horsewear Silicone Cross Ties,Stable > Stable Supplies > Cross Ties & Trailer Ties,82158-01-70,Color: Black,Size: 27 inches,Material: Silicone,,,Corro Trailer 1,13020,13020,13020,34990,0,0,
1,Treats / Toys,1778252144214,Eliot's Trailer,1,Kentucky Horsewear Relax Horse Play & Hay Ball,Horse Care > Treats & Toys > Toys & Licks,82153-62-L,Color: Royal blue,Size: L / 40cm,,,,Corro Trailer 1,60840,60840,60840,164990,0,0,
2,Boots/Wraps,1778252009218,Eliot's Trailer,1,Kentucky Horsewear Tailguard Pro,Horse Care > Grooming & Bathing > Tails & Tail Bags,88111-01,Title: Default Title,,,,,Corro Trailer 1,26080,26080,26080,74990,0,0,0.01180432
0,Treats / Toys,1778252144214,Eliot's Trailer,1,Kentucky Horsewear Relax Horse Toy,Horse Care > Treats & Toys > Toys & Licks,82155-25-ALVIN,Type: Alvin,,,,,Corro Trailer 1,34770,34770,34770,89990,0,2,
4,Stable,1778252234586,Eliot's Trailer,1,Kentucky Horsewear Silicone Cross Ties,Stable > Stable Supplies > Cross Ties & Trailer Ties,82158-01-55,Color: Black,Size: 21 inches,Material: Silicone,,,Corro Trailer 1,12150,12150,12150,34990,0,0,0.8543091
4,Stable,1778252234586,Eliot's Trailer,1,Kentucky Horsewear Silicone Cross Ties,Stable > Stable Supplies > Cross Ties & Trailer Ties,82158-01-120,Color: Black,Size: 47 inches,Material: Silicone,,,Corro Trailer 1,16510,16510,16510,44990,0,0,
2,Boots/Wraps,1778252009218,Eliot's Trailer,1,Kentucky Horsewear Tail guard & Tail bag combo,Horse Care > Grooming & Bathing > Tails & Tail Bags,88196-01,Title: Default Title,,,,,Corro Trailer 1,30420,30420,30420,84990,0,0,
1,Stable,1778252234586,Eliot's Trailer,1,Kentucky Horsewear Waterproof Stanley Box Cover,"Tack & Equipment > Bags, Cases & Covers",82172-03,Color: Navy,,,,,Corro Trailer 1,86940,86940,86940,234990,0,0,
2,Stable,1778252234586,Eliot's Trailer,1,Kentucky Horsewear Waterproof Stanley Box Cover,"Tack & Equipment > Bags, Cases & Covers",82172-01,Color: Black,,,,,Corro Trailer 1,86940,86940,86940,234990,0,0,
1,Treats / Toys,1778252144214,Eliot's Trailer,1,Kentucky Horsewear Relax Horse Toy,Horse Care > Treats & Toys > Toys & Licks,82155-32-SAMMY,Type: Sammy,,,,,Corro Trailer 1,34770,34770,34770,89990,0,3,
2,Stable,1778252234586,Eliot's Trailer,1,Kentucky Horsewear Stanley Box Cover,"Tack & Equipment > Bags, Cases & Covers",82171-01,Color: Black,,,,,Corro Trailer 1,99970,99970,99970,269990,0,0,
1,Tack,1778180207021,Eliot's Trailer,1,Dy'on Premium Soft Leather Stirrup Leathers,Tack & Equipment > Stirrups & Leathers > Stirrup Leathers & Accessories,SA01BR135,Size: 53 inches,,,,,Corro Trailer 1,66190,66190,66190,249990,0,0,
1,Tack,1778180207021,Eliot's Trailer,1,Dy'on Premium Soft Leather Stirrup Leathers,Tack & Equipment > Stirrups & Leathers > Stirrup Leathers & Accessories,SA01BR145,Size: 57 inches,,,,,Corro Trailer 1,66190,66190,66190,249990,0,0,
1,Boots/Wraps,1778252009218,Eliot's Trailer,1,Cool on Track Bell Boots,Tack & Equipment > Boots & Wraps > Bell Boots,43250504,Size: Extra Large,,,,,Corro Trailer 1,18000,18000,18000,36000,0,0,0.037384626
1,Boots/Wraps,1778252009218,Eliot's Trailer,1,Cool on Track Bell Boots,Tack & Equipment > Boots & Wraps > Bell Boots,43250502,Size: Medium,,,,,Corro Trailer 1,18000,18000,18000,36000,0,0,0.030333908
3,Stable,1778252234586,Eliot's Trailer,1,Weaver Bridle and Halter Rack,Stable > Stable Organizers > Racks & Hooks,65-4415,Title: Default Title,,,,,Corro Trailer 1,8700,8700,8700,12690,0,0,
1,Tack,1778180207021,Eliot's Trailer,1,Dy'on Anatomic Flash Noseband with Chain,"Tack & Equipment > Bridles, Headstalls & Reins > English Bridles & Reins > Bridle Accessories",DY043BRF,Color: Havana,Size: Full,,,,Corro Trailer 1,79730,79730,79730,294990,0,0,
2,Tack,1778180207021,Eliot's Trailer,1,Grooming Deluxe Soft Leather Almond Cream,Tack & Equipment > Leather Care,42422,Title: Default Title,,,,,Corro Trailer 1,13830,13830,13830,44990,0,3,0.082515314
10,Tack,1778180207021,Eliot's Trailer,1,Stubben Hamanol Leather Dressing,Tack & Equipment > Leather Care,32001,Size: 8.8oz,,,,,Corro Trailer 1,10000,10000,10000,20000,0,0,0.046353165
6,First Aid,1778252086689,Eliot's Trailer,1,Flair Nasal Strip,Tack & Equipment > Training & Lunging > Accessories,SS-BRN6PK-BK,Size: 6-Pack,Color: Brown,,,,Corro Trailer 1,31580,31580,31580,49950,0,0,
7,First Aid,1778252086689,Eliot's Trailer,1,Flair Nasal Strip,Tack & Equipment > Training & Lunging > Accessories,SS-BLK6PK-IA,Size: 6-Pack,Color: Black,,,,Corro Trailer 1,31580,31580,31580,49950,0,0,0.041194946
5,First Aid,1778252086689,Eliot's Trailer,1,Flair Nasal Strip,Tack & Equipment > Training & Lunging > Accessories,SS-WHT6PK-AF,Size: 6-Pack,Color: White,,,,Corro Trailer 1,31580,31580,31580,49950,0,0,
5,First Aid,1778252086689,Eliot's Trailer,1,Horseware Ireland LED Red Light Therapy Wand,Horse Care > Equine Therapy > Light Therapy,TLHAT1-KK00-EA,Title: Default Title,,,,,Corro Trailer 1,150150,150150,150150,329950,0,0,0.023452956
1,Rider,1778252234585,Eliot's Trailer,1,LeMieux Britney Seamless Long Sleeve Top,Rider > Accessories & Apparel > Shirts,IT07485004,Size: Medium,Color: Damson,,,,Corro Trailer 1,37350,37350,37350,49990,0,0,0.07419274
1,Rider,1778252234585,Eliot's Trailer,1,LeMieux Britney Seamless Long Sleeve Top,Rider > Accessories & Apparel > Shirts,IT07485002,Size: X-Small,Color: Damson,,,,Corro Trailer 1,37350,37350,37350,49990,0,0,
1,Rider,1778252234585,Eliot's Trailer,1,LeMieux Britney Seamless Long Sleeve Top,Rider > Accessories & Apparel > Shirts,IT07485005,Size: Large,Color: Damson,,,,Corro Trailer 1,37350,37350,37350,49990,0,0,
0,Rider,1778252234585,Eliot's Trailer,1,LeMieux Britney Seamless Long Sleeve Top,Rider > Accessories & Apparel > Shirts,IT07485003,Size: Small,Color: Damson,,,,Corro Trailer 1,37350,37350,37350,49990,0,0,0.041257657
7,Tack,1778180207021,Eliot's Trailer,1,Ace PRO4MANCE Number ID,"Tack & Equipment > Bridles, Headstalls & Reins > English Bridles & Reins > Bridle Accessories",IDBLK,Color: Black,,,,,Corro Trailer 1,17500,17500,17500,35000,0,0,0.05082573
2,Tack,1778180207021,Eliot's Trailer,1,Ace PRO4MANCE Number ID,"Tack & Equipment > Bridles, Headstalls & Reins > English Bridles & Reins > Bridle Accessories",IDBR,Color: Brown,,,,,Corro Trailer 1,17500,17500,17500,35000,0,0,
4,Tack,1778180207021,Eliot's Trailer,1,Ace PRO4MANCE Number ID,"Tack & Equipment > Bridles, Headstalls & Reins > English Bridles & Reins > Bridle Accessories",IDWHT,Color: White,,,,,Corro Trailer 1,17500,17500,17500,35000,0,0,0.019722685
5,Grooming,1778252024408,Eliot's Trailer,1,Jack's Synthetic Sponge,Horse Care > Grooming & Bathing > Brushes & Tools > Sponges,513-L,Title: Default Title,,,,,Corro Trailer 1,0,0,0,3990,0,0,0.034269515
1,Rider,1778252234585,Eliot's Trailer,1,Yagya Lightweight Long Sleeve,Rider > Accessories & Apparel > Shirts,1000000001148,Size: Large,Color: Dark Brown,,,,Corro Trailer 1,55000,55000,55000,160000,0,0,
1,Rider,1778252234585,Eliot's Trailer,1,Yagya Timeless Show Shirt,Rider > Accessories & Apparel > Shirts,1000000001304,Size: Large,Color: White/White,,,,Corro Trailer 1,80000,80000,80000,230000,0,0,
1,Rider,1778252234585,Eliot's Trailer,1,Yagya Timeless Show Shirt,Rider > Accessories & Apparel > Shirts,1000000001302,Size: Small,Color: White/White,,,,Corro Trailer 1,80000,80000,80000,230000,0,0,
0,Rider,1778252234585,Eliot's Trailer,1,Yagya Timeless Show Shirt,Rider > Accessories & Apparel > Shirts,1000000001303,Size: Medium,Color: White/White,,,,Corro Trailer 1,80000,80000,80000,230000,0,0,0.021374153
1,Rider,1778252234585,Eliot's Trailer,1,Yagya Timeless Show Shirt,Rider > Accessories & Apparel > Shirts,1000000001301,Size: XS,Color: White/White,,,,Corro Trailer 1,80000,80000,80000,230000,0,0,
1,Tack,1778180207021,Eliot's Trailer,1,AJR Sport Hard Rubber Mullen Baby Pelham Bit,Tack & Equipment > Bits > English Bits,PHRMB1113,Size: 135mm,,,,,Corro Trailer 1,71500,71500,71500,130000,0,0,
1,Tack,1778180207021,Eliot's Trailer,1,AJR Sport Hard Rubber Port D Bit,Tack & Equipment > Bits > English Bits,DHRP5026,Size: 135 mm,,,,,Corro Trailer 1,0,0,0,130000,0,0,
1,Tack,1778180207021,Eliot's Trailer,1,AJR Sport Hard Rubber Port Kimberwick Bit,Tack & Equipment > Bits > English Bits,KHRP1405,Size: 135 mm,,,,,Corro Trailer 1,122000,122000,122000,167000,0,0,0.014889283
1,Tack,1778180207021,Eliot's Trailer,1,AJR Sport Hard Rubber Mullen Full Cheek Bit,Tack & Equipment > Bits > English Bits,FCHRM3071,Size: 135mm,,,,,Corro Trailer 1,71500,71500,71500,130000,0,0,
1,Tack,1778180207021,Eliot's Trailer,1,AJR Sport Hard Rubber Mullen D Bit,Tack & Equipment > Bits > English Bits,DHRM5071,Size: 135mm,,,,,Corro Trailer 1,71500,71500,71500,130000,0,0,
1,Tack,1778180207021,Eliot's Trailer,1,AJR Sport Hard Rubber Mullen Kimberwick Bit,Tack & Equipment > Bits > English Bits,KHRM1112,Size: 135mm,,,,,Corro Trailer 1,71500,71500,71500,130000,0,0,
1,Tack,1778180207021,Eliot's Trailer,1,AJR Sport Hard Rubber Port Full Cheek Bit,Tack & Equipment > Bits > English Bits,FCHRP3072,Size: 135 mm,,,,,Corro Trailer 1,74250,74250,74250,135000,0,0,
1,Tack,1778180207021,Eliot's Trailer,1,AJR Sport Hard Rubber Mullen Pelham,Tack & Equipment > Bits > English Bits,PHRM1112,Size: 135mm,,,,,Corro Trailer 1,71500,71500,71500,130000,0,0,
1,Rider,1778252234585,Eliot's Trailer,1,AJR Sport Block End Stainless Steel Spur,Tack & Equipment > Spurs & Straps > English Spurs,SPBE35,Size: 35mm,,,,,Corro Trailer 1,43500,43500,43500,75000,0,0,
1,Rider,1778252234585,Eliot's Trailer,1,AJR Sport Matte Black Square End Spur (Block Design),Tack & Equipment > Spurs & Straps > English Spurs,SPMBS35,Size: 35mm,,,,,Corro Trailer 1,49500,49500,49500,90000,0,0,
0,Rider,1778252234585,Eliot's Trailer,1,AJR Sport Matte Black Round End Spur,Tack & Equipment > Spurs & Straps > English Spurs,SPMBE35,Size: 35mm,,,,,Corro Trailer 1,46750,46750,46750,85000,0,0,0.04061182
1,Rider,1778252234585,Eliot's Trailer,1,AJR Sport Matte Black Prince of Wales Spur,Tack & Equipment > Spurs & Straps > English Spurs,SPMBP35,Size: 35 mm,,,,,Corro Trailer 1,41250,41250,41250,75000,0,0,
1,Rider,1778252234585,Eliot's Trailer,1,AJR Sport Rubber Grip Round End Spur,Tack & Equipment > Spurs & Straps > English Spurs,SPRG25,Size: 25mm,,,,,Corro Trailer 1,46400,46400,46400,80000,0,0,
1,Rider,1778252234585,Eliot's Trailer,1,AJR Sport Matte Black Round End Spur,Tack & Equipment > Spurs & Straps > English Spurs,SPMBE25,Size: 25mm,,,,,Corro Trailer 1,46750,46750,46750,85000,0,0,
1,Rider,1778252234585,Eliot's Trailer,1,AJR Sport Rubber Grip Round End Spur,Tack & Equipment > Spurs & Straps > English Spurs,SPRG35,Size: 35mm,,,,,Corro Trailer 1,46400,46400,46400,80000,0,0,
2,Tack,1778180207021,Eliot's Trailer,1,AJR Sport Flat End Spur,Tack & Equipment > Spurs & Straps > English Spurs,SPFE12,Size: 12mm,,,,,Corro Trailer 1,49300,49300,49300,75000,0,0,
0,Rider,1778252234585,Eliot's Trailer,1,AJR Sport Hammerhead Thick Spur,Tack & Equipment > Spurs & Straps > English Spurs,SPHT35,Size: 35mm,,,,,Corro Trailer 1,43500,43500,43500,75000,0,0,0.020111514
1,Rider,1778252234585,Eliot's Trailer,1,AJR Sport Hammerhead Thin Spur,Tack & Equipment > Spurs & Straps > English Spurs,SPTHIN25,Size: 25mm,,,,,Corro Trailer 1,43500,43500,43500,75000,0,0,
1,Rider,1778252234585,Eliot's Trailer,1,AJR Sport Block End Stainless Steel Spur,Tack & Equipment > Spurs & Straps > English Spurs,SPBE15,Size: 15mm,,,,,Corro Trailer 1,43500,43500,43500,75000,0,0,
1,Rider,1778252234585,Eliot's Trailer,1,AJR Sport Matte Black Prince of Wales Spur,Tack & Equipment > Spurs & Straps > English Spurs,SPMBP15,Size: 15 mm,,,,,Corro Trailer 1,41250,41250,41250,75000,0,0,
1,Rider,1778252234585,Eliot's Trailer,1,AJR Sport Block End Stainless Steel Spur,Tack & Equipment > Spurs & Straps > English Spurs,SPBE25,Size: 25mm,,,,,Corro Trailer 1,43500,43500,43500,75000,0,0,
1,Rider,1778252234585,Eliot's Trailer,1,AJR Sport Hammerhead Thin Spur,Tack & Equipment > Spurs & Straps > English Spurs,SPTHIN15,Size: 15mm,,,,,Corro Trailer 1,43500,43500,43500,75000,0,0,
1,Rider,1778252234585,Eliot's Trailer,1,AJR Sport Matte Black Square End Spur (Block Design),Tack & Equipment > Spurs & Straps > English Spurs,SPMBS25,Size: 25mm,,,,,Corro Trailer 1,49500,49500,49500,90000,0,0,
1,Rider,1778252234585,Eliot's Trailer,1,AJR Sport Rubber Covered Block Spur,Tack & Equipment > Spurs & Straps > English Spurs,SPRCB15,Size: 15mm,,,,,Corro Trailer 1,50460,50460,50460,87000,0,0,
1,Rider,1778252234585,Eliot's Trailer,1,AJR Sport Hammerhead Thin Spur,Tack & Equipment > Spurs & Straps > English Spurs,SPTHIN35,Size: 35mm,,,,,Corro Trailer 1,43500,43500,43500,75000,0,0,
1,Rider,1778252234585,Eliot's Trailer,1,AJR Sport Hammerhead Thick Spur,Tack & Equipment > Spurs & Straps > English Spurs,SPHT15,Size: 15mm,,,,,Corro Trailer 1,43500,43500,43500,75000,0,0,
1,Rider,1778252234585,Eliot's Trailer,1,AJR Sport Matte Black Square End Spur (Block Design),Tack & Equipment > Spurs & Straps > English Spurs,SPMBS15,Size: 15mm,,,,,Corro Trailer 1,49500,49500,49500,90000,0,0,
1,Rider,1778252234585,Eliot's Trailer,1,AJR Sport Matte Black Prince of Wales Spur,Tack & Equipment > Spurs & Straps > English Spurs,SPMBP25,Size: 25 mm,,,,,Corro Trailer 1,41250,41250,41250,75000,0,0,
1,Rider,1778252234585,Eliot's Trailer,1,AJR Sport Rubber Covered Block Spur,Tack & Equipment > Spurs & Straps > English Spurs,SPRCB35,Size: 35mm,,,,,Corro Trailer 1,50460,50460,50460,87000,0,0,
1,Rider,1778252234585,Eliot's Trailer,1,AJR Sport Matte Black Round End Spur,Tack & Equipment > Spurs & Straps > English Spurs,SPMBE15,Size: 15mm,,,,,Corro Trailer 1,46750,46750,46750,85000,0,0,
1,Rider,1778252234585,Eliot's Trailer,1,AJR Sport UFO Spur,Tack & Equipment > Spurs & Straps > English Spurs,SPUFO30,Size: 30mm,,,,,Corro Trailer 1,46400,46400,46400,80000,0,0,
1,Rider,1778252234585,Eliot's Trailer,1,AJR Sport Smooth Rowel Spur Vertical,Tack & Equipment > Spurs & Straps > English Spurs,SPSRSV25,Size: 25mm,,,,,Corro Trailer 1,46400,46400,46400,80000,0,0,
1,Tack,1778180207021,Eliot's Trailer,1,AJR Sport Anatomic Jumper Bridle,"Tack & Equipment > Bridles, Headstalls & Reins > English Bridles & Reins > Bridles",BRD-019-C,Color: Brown,Size: Cob,,,,Corro Trailer 1,196620,196620,196620,339000,0,0,
1,Rider,1778252234585,Eliot's Trailer,1,AJR Sport Stainless Steel Roller Ball Vertical Spur,Tack & Equipment > Spurs & Straps > English Spurs,SPRBV35,SIze: 35mm,,,,,Corro Trailer 1,37700,37700,37700,65000,0,0,
1,Rider,1778252234585,Eliot's Trailer,1,AJR Sport TeffleX Horizontal Roller Spur,Tack & Equipment > Spurs & Straps > English Spurs,SPTH35,Size: 35mm,,,,,Corro Trailer 1,50460,50460,50460,87000,0,0,
1,Rider,1778252234585,Eliot's Trailer,1,AJR Sport Stainless Steel Roller Ball Vertical Spur,Tack & Equipment > Spurs & Straps > English Spurs,SPRBV30,SIze: 30mm,,,,,Corro Trailer 1,37700,37700,37700,65000,0,0,
1,Rider,1778252234585,Eliot's Trailer,1,AJR Sport UFO Spur,Tack & Equipment > Spurs & Straps > English Spurs,SPUFO35,Size: 35mm,,,,,Corro Trailer 1,46400,46400,46400,80000,0,0,
1,Rider,1778252234585,Eliot's Trailer,1,AJR Sport Smooth Rowel Spur Vertical,Tack & Equipment > Spurs & Straps > English Spurs,SPSRSV35,Size: 35mm,,,,,Corro Trailer 1,46400,46400,46400,80000,0,0,
1,Rider,1778252234585,Eliot's Trailer,1,AJR Sport Stainless Steel Roller Ball Vertical Spur,Tack & Equipment > Spurs & Straps > English Spurs,SPRBV25,SIze: 25mm,,,,,Corro Trailer 1,37700,37700,37700,65000,0,0,
1,Rider,1778252234585,Eliot's Trailer,1,AJR Sport Stainless Steel Roller Ball Horizontal Spur,Tack & Equipment > Spurs & Straps > English Spurs,SPRBH035,Size: 35mm,,,,,Corro Trailer 1,37700,37700,37700,65000,0,0,
1,Rider,1778252234585,Eliot's Trailer,1,AJR Sport Stainless Steel Roller Ball Horizontal Spur,Tack & Equipment > Spurs & Straps > English Spurs,SPRBH30,Size: 30mm,,,,,Corro Trailer 1,37700,37700,37700,65000,0,0,
1,Rider,1778252234585,Eliot's Trailer,1,AJR Sport Smooth Rowel Spur Vertical,Tack & Equipment > Spurs & Straps > English Spurs,SPSRSV30,Size: 30mm,,,,,Corro Trailer 1,46400,46400,46400,80000,0,0,
1,Rider,1778252234585,Eliot's Trailer,1,AJR Sport Smooth Rowel Horizontal Spur,Tack & Equipment > Spurs & Straps > English Spurs,SPRH25,Size: 25mm,,,,,Corro Trailer 1,46400,46400,46400,80000,0,0,
1,Tack,1778180207021,Eliot's Trailer,1,AJR Sport Anatomic Jumper Bridle,"Tack & Equipment > Bridles, Headstalls & Reins > English Bridles & Reins > Bridles",BRD-019-F,Color: Brown,Size: Full,,,,Corro Trailer 1,196620,196620,196620,339000,0,0,
1,Rider,1778252234585,Eliot's Trailer,1,AJR Sport Smooth Rowel Horizontal Spur,Tack & Equipment > Spurs & Straps > English Spurs,SPRH35,Size: 35mm,,,,,Corro Trailer 1,46400,46400,46400,80000,0,0,
1,Rider,1778252234585,Eliot's Trailer,1,AJR Sport TeffleX Vertical Roller Spur,Tack & Equipment > Spurs & Straps > English Spurs,SPTV30,Size: 30mm,,,,,Corro Trailer 1,50460,50460,50460,87000,0,0,
1,Rider,1778252234585,Eliot's Trailer,1,AJR Sport Smooth Rowel Horizontal Spur,Tack & Equipment > Spurs & Straps > English Spurs,SPRH30,Size: 30mm,,,,,Corro Trailer 1,46400,46400,46400,80000,0,0,
1,Rider,1778252234585,Eliot's Trailer,1,AJR Sport Stainless Steel Square End Spur (Block Design),Tack & Equipment > Spurs & Straps > English Spurs,SPSSE35,Size: 35mm,,,,,Corro Trailer 1,49300,49300,49300,85000,0,0,
1,Rider,1778252234585,Eliot's Trailer,1,AJR Sport TeffleX Horizontal Roller Spur,Tack & Equipment > Spurs & Straps > English Spurs,SPTH25,Size: 25mm,,,,,Corro Trailer 1,50460,50460,50460,87000,0,0,
1,Rider,1778252234585,Eliot's Trailer,1,AJR Sport Stainless Steel Square End Spur (Block Design),Tack & Equipment > Spurs & Straps > English Spurs,SPSSE25,Size: 25mm,,,,,Corro Trailer 1,49300,49300,49300,85000,0,0,
1,Tack,1778180207021,Eliot's Trailer,1,AJR Sport TeffleX Horizontal Roller Spur,Tack & Equipment > Spurs & Straps > English Spurs,SPTH30,Size: 30mm,,,,,Corro Trailer 1,50460,50460,50460,87000,0,0,
1,Rider,1778252234585,Eliot's Trailer,1,AJR Sport Stainless Steel Square End Spur (Block Design),Tack & Equipment > Spurs & Straps > English Spurs,SPSSE15,Size: 15mm,,,,,Corro Trailer 1,49300,49300,49300,85000,0,0,
1,Rider,1778252234585,Eliot's Trailer,1,AJR Sport UFO Spur,Tack & Equipment > Spurs & Straps > English Spurs,SPUFO25,Size: 25mm,,,,,Corro Trailer 1,46400,46400,46400,80000,0,0,
1,Tack,1778180207021,Eliot's Trailer,1,"AJR Sport 4/8"" Flat Curb Rein - Jumper Collection","Tack & Equipment > Bridles, Headstalls & Reins > English Bridles & Reins > Reins",REIN-003-C,Color: Brown,Size: Cob,,,,Corro Trailer 1,71340,71340,71340,123000,0,0,
1,Tack,1778180207021,Eliot's Trailer,1,"AJR Sport 4/8"" Flat Curb Rein - Jumper Collection","Tack & Equipment > Bridles, Headstalls & Reins > English Bridles & Reins > Reins",REIN-003-F,Color: Brown,Size: Full,,,,Corro Trailer 1,71340,71340,71340,123000,0,0,
2,Tack,1778180207021,Eliot's Trailer,1,AJR Sport Stirrup Leathers,Tack & Equipment > Stirrups & Leathers > Stirrup Leathers & Accessories,STIR-58- 135,Color: Brown,"Size: 135/53""",,,,Corro Trailer 1,124410,124410,124410,214500,0,0,
1,Tack,1778180207021,Eliot's Trailer,1,AJR Sport Raised Running Martingale,Tack & Equipment > Martingales & Breastplates,MRTG-014-F,Size: Full,Color: Brown,,,,Corro Trailer 1,137170,137170,137170,236500,0,0,
1,Tack,1778180207021,Eliot's Trailer,1,AJR Sport Anatomic Breastplate with Attachment to Billets & Running Attachment - Jumper Collection,Tack & Equipment > Martingales & Breastplates,BRST-016-C,Color: Brown,Size: Cob,,,,Corro Trailer 1,188790,188790,188790,325500,0,0,
1,Tack,1778180207021,Eliot's Trailer,1,AJR Sport Raised Running Martingale,Tack & Equipment > Martingales & Breastplates,MRTG-014-C,Size: Cob,Color: Brown,,,,Corro Trailer 1,137170,137170,137170,236500,0,0,
1,Tack,1778180207021,Eliot's Trailer,1,"AJR Sport 5/8"" Leather Rein with Inner Rubber Strip & Leather Grips - Jumper Collection","Tack & Equipment > Bridles, Headstalls & Reins > English Bridles & Reins > Reins",REIN-005-C,Size: Cob,Color: Brown,,,,Corro Trailer 1,84970,84970,84970,146500,0,0,
1,Tack,1778180207021,Eliot's Trailer,1,AJR Sport Fancy Raised Laced Leather Rein - Hunter Collection,"Tack & Equipment > Bridles, Headstalls & Reins > English Bridles & Reins > Reins",REIN-009-C,Color: Brown,Size: Cob,,,,Corro Trailer 1,107880,107880,107880,186000,0,0,
1,Tack,1778180207021,Eliot's Trailer,1,AJR Sport Anatomic Breastplate with Attachment to Billets & Running Attachment - Jumper Collection,Tack & Equipment > Martingales & Breastplates,BRST-016-F,Color: Brown,Size: Full,,,,Corro Trailer 1,188790,188790,188790,325500,0,0,
1,Tack,1778180207021,Eliot's Trailer,1,"AJR Sport 5/8"" Leather Rein with Inner Rubber Strip & Leather Grips - Jumper Collection","Tack & Equipment > Bridles, Headstalls & Reins > English Bridles & Reins > Reins",REIN-005-F,Size: Full,Color: Brown,,,,Corro Trailer 1,84970,84970,84970,146500,0,0,
1,Tack,1778180207021,Eliot's Trailer,1,AJR Sport Fancy Raised Laced Leather Rein - Hunter Collection,"Tack & Equipment > Bridles, Headstalls & Reins > English Bridles & Reins > Reins",REIN-009-F,Color: Brown,Size: Full,,,,Corro Trailer 1,107880,107880,107880,186000,0,0,
1,Tack,1778180207021,Eliot's Trailer,1,AJR Sport Anatomic Breastplate with Clips & Running Attachment - Jumper Collection,Tack & Equipment > Martingales & Breastplates,BRST-017-C,Color: Brown,Size: Cob,,,,Corro Trailer 1,188790,188790,188790,325500,0,0,
2,Tack,1778180207021,Eliot's Trailer,1,AJR Sport Stirrup Leathers,Tack & Equipment > Stirrups & Leathers > Stirrup Leathers & Accessories,STIR-58- 145,Color: Brown,"Size: 145/57""",,,,Corro Trailer 1,124410,124410,124410,214500,0,0,
2,Tack,1778180207021,Eliot's Trailer,1,AJR Sport Stirrup Leathers,Tack & Equipment > Stirrups & Leathers > Stirrup Leathers & Accessories,STIR-58- 125,Color: Brown,"Size: 125/49""",,,,Corro Trailer 1,124410,124410,124410,214500,0,0,
1,Tack,1778180207021,Eliot's Trailer,1,AJR Sport Anatomic Breastplate with Clips & Running Attachment - Jumper Collection,Tack & Equipment > Martingales & Breastplates,BRST-017-F,Color: Brown,Size: Full,,,,Corro Trailer 1,188790,188790,188790,325500,0,0,
1,Tack,1778180207021,Eliot's Trailer,1,AJR Sport Training Bridle with Pad and Rubber Reins with Clips,"Tack & Equipment > Bridles, Headstalls & Reins > English Bridles & Reins > Bridles",BRD-020-F,Color: Brown,Size: Full,,,,Corro Trailer 1,223300,223300,223300,385000,0,0,
1,Tack,1778180207021,Eliot's Trailer,1,"AJR Sport 5/8"" Normal Rubber Reins - Jumper Collection","Tack & Equipment > Bridles, Headstalls & Reins > English Bridles & Reins > Reins",REIN-011-C,Color: Brown,Size: Cob,,,,Corro Trailer 1,105850,105850,105850,182500,0,0,
1,Tack,1778180207021,Eliot's Trailer,1,AJR Sport Training Bridle with Pad and Rubber Reins with Clips,"Tack & Equipment > Bridles, Headstalls & Reins > English Bridles & Reins > Bridles",BRD-020-C,Color: Brown,Size: Cob,,,,Corro Trailer 1,223300,223300,223300,385000,0,0,
1,Tack,1778180207021,Eliot's Trailer,1,AJR Sport Padded Drop Noseband - Jumper Collection,"Tack & Equipment > Bridles, Headstalls & Reins > English Bridles & Reins > Bridle Accessories",NSBD-035-F,Color: Brown,Size: Full,,,,Corro Trailer 1,73370,73370,73370,126500,0,0,
2,Tack,1778180207021,Eliot's Trailer,1,AJR Sport Invisible Rope Noseband - Hunter Collection,"Tack & Equipment > Bridles, Headstalls & Reins > English Bridles & Reins > Bridle Accessories",NSBD-022-C,Size: Cob,Color: Brown,,,,Corro Trailer 1,113680,113680,113680,196000,0,0,
1,Tack,1778180207021,Eliot's Trailer,1,AJR Sport Mexican Noseband without Rings - Jumper Collection,"Tack & Equipment > Bridles, Headstalls & Reins > English Bridles & Reins > Bridle Accessories",NSBD-036-F,Color: Brown,Size: Full,,,,Corro Trailer 1,95700,95700,95700,165000,0,0,
1,Tack,1778180207021,Eliot's Trailer,1,AJR Sport Yoke - Jumper Collection,Tack & Equipment > Martingales & Breastplates,ATT-052-F,Color: Brown,Size: Full,,,,Corro Trailer 1,142970,142970,142970,246500,0,0,
1,Tack,1778180207021,Eliot's Trailer,1,AJR Sport Leather Covered Rope Double Noseband - Jumper Collection,"Tack & Equipment > Bridles, Headstalls & Reins > English Bridles & Reins > Bridle Accessories",NSBD-031-F,Size: Full,Color: Brown,,,,Corro Trailer 1,126440,126440,126440,218000,0,0,0.018681923
1,Tack,1778180207021,Eliot's Trailer,1,AJR Sport Leather Pelham Roundings Bit Converter,"Tack & Equipment > Bridles, Headstalls & Reins > English Bridles & Reins > Bridle Accessories",CNV-040,Color: Brown,Size: Short,,,,Corro Trailer 1,44080,44080,44080,76000,0,0,0.06871702
1,Tack,1778180207021,Eliot's Trailer,1,AJR Sport Rope Gag Cheekpieces,"Tack & Equipment > Bridles, Headstalls & Reins > English Bridles & Reins > Bridle Accessories",ATT-044-F,Color: Brown,Size: Full,,,,Corro Trailer 1,44660,44660,44660,77000,0,0,
1,Tack,1778180207021,Eliot's Trailer,1,AJR Sport Bib Martingale Attachment in Soft Leather,Tack & Equipment > Martingales & Breastplates,ATT-045-F,Size: Full,Color: Brown,,,,Corro Trailer 1,86130,86130,86130,148500,0,0,
1,Tack,1778180207021,Eliot's Trailer,1,AJR Sport Bib Martingale Attachment in Soft Leather,Tack & Equipment > Martingales & Breastplates,ATT-045-C,Size: Cob,Color: Brown,,,,Corro Trailer 1,86130,86130,86130,148500,0,0,
0,Tack,1778180207021,Eliot's Trailer,1,AJR Sport Leather Covered Rope Double Noseband - Jumper Collection,"Tack & Equipment > Bridles, Headstalls & Reins > English Bridles & Reins > Bridle Accessories",NSBD-031-C,Size: Cob,Color: Brown,,,,Corro Trailer 1,126440,126440,126440,218000,0,0,0.018681923
1,Tack,1778180207021,Eliot's Trailer,1,AJR Sport Mexican Noseband without Rings - Jumper Collection,"Tack & Equipment > Bridles, Headstalls & Reins > English Bridles & Reins > Bridle Accessories",NSBD-036-C,Color: Brown,Size: Cob,,,,Corro Trailer 1,95700,95700,95700,165000,0,0,
1,Tack,1778180207021,Eliot's Trailer,1,AJR Sport Yoke - Jumper Collection,Tack & Equipment > Martingales & Breastplates,ATT-052-C,Color: Brown,Size: Cob,,,,Corro Trailer 1,142970,142970,142970,246500,0,0,
2,Tack,1778180207021,Eliot's Trailer,1,"AJR Sport 5/8"" Softy Leather Rein Jumper Collection","Tack & Equipment > Bridles, Headstalls & Reins > English Bridles & Reins > Reins",REIN-061-F,Color: Brown,Size: Full,,,,Corro Trailer 1,139200,139200,139200,240000,0,0,
1,Tack,1778180207021,Eliot's Trailer,1,AJR Sport Hackamore Headpiece with Throat Latch - Jumper Collection,"Tack & Equipment > Bridles, Headstalls & Reins > English Bridles & Reins > Bridle Accessories",ATT-066-C,Color: Brown,Size: Cob,,,,Corro Trailer 1,101500,101500,101500,175000,0,0,
1,Tack,1778180207021,Eliot's Trailer,1,AJR Sport Straight Browband Jumper Collection,"Tack & Equipment > Bridles, Headstalls & Reins > English Bridles & Reins > Bridle Accessories",ATT-058C,Color: Brown,Size: Cob,,,,Corro Trailer 1,41470,41470,41470,71500,0,0,
1,Tack,1778180207021,Eliot's Trailer,1,AJR Sport 5/8 Softy Leather Rein with Leather Grip - Jumper Collection,"Tack & Equipment > Bridles, Headstalls & Reins > English Bridles & Reins > Reins",REIN-059-C,Color: Brown,Size: Cob,,,,Corro Trailer 1,142100,142100,142100,245000,0,0,
1,Tack,1778180207021,Eliot's Trailer,1,AJR Sport Standing Martingale Attachment - Jumper Collection,Tack & Equipment > Martingales & Breastplates,ATT-070-C,Color: Brown,Size: Cob,,,,Corro Trailer 1,51040,51040,51040,88000,0,0,
2,Tack,1778180207021,Eliot's Trailer,1,AJR Sport Hackamore Headpiece with Throat Latch - Jumper Collection,"Tack & Equipment > Bridles, Headstalls & Reins > English Bridles & Reins > Bridle Accessories",ATT-066-F,Color: Brown,Size: Full,,,,Corro Trailer 1,101500,101500,101500,175000,0,0,
1,Tack,1778180207021,Eliot's Trailer,1,AJR Sport Running Attachment with Elastic Cord,Tack & Equipment > Martingales & Breastplates,ATT-037-F,Color: Brown,Size: Full,,,,Corro Trailer 1,57420,57420,57420,99000,0,0,
1,Tack,1778180207021,Eliot's Trailer,1,AJR Sport Nylon Bit Converters,"Tack & Equipment > Bridles, Headstalls & Reins > English Bridles & Reins > Bridle Accessories",CNV-042,Color: Brown,Size: Short,,,,Corro Trailer 1,18560,18560,18560,32000,0,0,
2,Tack,1778180207021,Eliot's Trailer,1,AJR Sport Straight Browband Jumper Collection,"Tack & Equipment > Bridles, Headstalls & Reins > English Bridles & Reins > Bridle Accessories",ATT-058F,Color: Brown,Size: Full,,,,Corro Trailer 1,41470,41470,41470,71500,0,0,
1,Tack,1778180207021,Eliot's Trailer,1,AJR Sport Standing Martingale Attachment - Jumper Collection,Tack & Equipment > Martingales & Breastplates,ATT-070-F,Color: Brown,Size: Full,,,,Corro Trailer 1,51040,51040,51040,88000,0,0,
1,Tack,1778180207021,Eliot's Trailer,1,AJR Sport 5/8 Softy Leather Rein with Leather Grip - Jumper Collection,"Tack & Equipment > Bridles, Headstalls & Reins > English Bridles & Reins > Reins",REIN-059-F,Color: Brown,Size: Full,,,,Corro Trailer 1,142100,142100,142100,245000,0,0,0.17868021
1,Tack,1778180207021,Eliot's Trailer,1,"AJR Sport 5/8"" Softy Leather Rein Jumper Collection","Tack & Equipment > Bridles, Headstalls & Reins > English Bridles & Reins > Reins",REIN-061-C,Color: Brown,Size: Cob,,,,Corro Trailer 1,139200,139200,139200,240000,0,0,
1,Tack,1778180207021,Eliot's Trailer,1,"AJR Sport 1"" Web Rein, Raised, with Stopper and Leather Grip - Jumper Collection","Tack & Equipment > Bridles, Headstalls & Reins > English Bridles & Reins > Reins",REIN-060-F,Color: Brown,Size: Full,,,,Corro Trailer 1,99760,99760,99760,172000,0,0,
2,Tack,1778180207021,Eliot's Trailer,1,AJR Sport Hybrid Padded Noseband - Jumper Collection,"Tack & Equipment > Bridles, Headstalls & Reins > English Bridles & Reins > Bridle Accessories",NSBD-065F,Color: Brown,Size: Full,,,,Corro Trailer 1,144420,144420,144420,249000,0,0,
1,Tack,1778180207021,Eliot's Trailer,1,AJR Sport Hybrid Padded Noseband - Jumper Collection,"Tack & Equipment > Bridles, Headstalls & Reins > English Bridles & Reins > Bridle Accessories",NSBD-065C,Color: Brown,Size: Cob,,,,Corro Trailer 1,144420,144420,144420,249000,0,0,
5,Supplements,1778252144213,Eliot's Trailer,1,Atletix Horse,Horse Care > Supplements > Joint Health,ATLETIX60,Size: 60 Doses,,,Lot# 161771015,2028-10-15,Corro Trailer 1,89000,89000,89000,199990,0,0,0.24403249
1,Rider,1778252234585,Eliot's Trailer,1,Equiline Ernaek-W Women's High-Waist Knee Grip Breeches in Standard Weight B-Move,Rider > Accessories & Apparel > Breeches,EC900-N09148W-005-48,Color: Beige,Size: 46,,,,Corro Trailer 1,195000,195000,195000,389000,0,2,
0,Rider,1778252234585,Eliot's Trailer,1,Equiline Ernaek-W Women's High-Waist Knee Grip Breeches in Standard Weight B-Move,Rider > Accessories & Apparel > Breeches,EC900-N09148W-005-40,Color: Beige,Size: 40,,,,Corro Trailer 1,195000,195000,195000,389000,0,0,0.13122752
0,Rider,1778252234585,Eliot's Trailer,1,Equiline Ernaek-W Women's High-Waist Knee Grip Breeches in Standard Weight B-Move,Rider > Accessories & Apparel > Breeches,EC900-N09148W-005-44,Color: Beige,Size: 44,,,,Corro Trailer 1,195000,195000,195000,389000,0,1,0.14587265
1,Rider,1778252234585,Eliot's Trailer,1,Equiline Grafton B-MOVE - Men's Knee Patch Riding Breeches in B-Move Fabric,Rider > Accessories & Apparel > Breeches,EC018-N08200-005-50,Color: Beige,Size: 50,,,,Corro Trailer 1,190000,190000,190000,379000,0,0,
1,Rider,1778252234585,Eliot's Trailer,1,Equiline Grafton B-MOVE - Men's Knee Patch Riding Breeches in B-Move Fabric,Rider > Accessories & Apparel > Breeches,EC018-N08200-005-46,Color: Beige,Size: 46,,,,Corro Trailer 1,190000,190000,190000,379000,0,0,
1,Rider,1778252234585,Eliot's Trailer,1,Equiline Grafton B-MOVE - Men's Knee Patch Riding Breeches in B-Move Fabric,Rider > Accessories & Apparel > Breeches,EC018-N08200-005-52,Color: Beige,Size: 52,,,,Corro Trailer 1,190000,190000,190000,379000,0,0,
1,Rider,1778252234585,Eliot's Trailer,1,Equiline Grafton B-MOVE - Men's Knee Patch Riding Breeches in B-Move Fabric,Rider > Accessories & Apparel > Breeches,EC018-N08200-005-48,Color: Beige,Size: 48,,,,Corro Trailer 1,190000,190000,190000,379000,0,0,
1,Rider,1778252234585,Eliot's Trailer,1,Equiline Grafton B-MOVE - Men's Knee Patch Riding Breeches in B-Move Fabric,Rider > Accessories & Apparel > Breeches,EC018-N08200-005-54,Color: Beige,Size: 54,,,,Corro Trailer 1,190000,190000,190000,379000,0,0,
0,Rider,1778252234585,Eliot's Trailer,1,Equiline Lily - Women's Show Shirt in Technical Fabric,Rider > Accessories & Apparel > Shirts,EC018-H00702-001-XS,Color: White,Size: XS,,,,Corro Trailer 1,107000,107000,107000,215000,0,0,0.115974486
2,Rider,1778252234585,Eliot's Trailer,1,Equiline Lily - Women's Show Shirt in Technical Fabric,Rider > Accessories & Apparel > Shirts,EC018-H00702-001-M,Color: White,Size: M,,,,Corro Trailer 1,107000,107000,107000,215000,0,0,
1,Rider,1778252234585,Eliot's Trailer,1,Equiline Lily - Women's Show Shirt in Technical Fabric,Rider > Accessories & Apparel > Shirts,EC018-H00702-001-S,Color: White,Size: S,,,,Corro Trailer 1,107000,107000,107000,215000,0,0,
29,First Aid,1778252086689,Eliot's Trailer,1,Corro Mud Fever Foam Cleanser,Horse Care > First Aid & Wellness > Wound Care & Topicals,MUDF6.7,Size: 6.7 ounces,,,,,Corro Trailer 1,16000,16000,16000,44990,0,0,0.33395502
1,Tack,1778180207021,Eliot's Trailer,1,AJR Sport Single Jointed Golden Ease Pelham Bit,Tack & Equipment > Bits > English Bits,PSJGE1138,Size: 135mm,,,,,Corro Trailer 1,72500,72500,72500,125000,0,0,
1,Tack,1778180207021,Eliot's Trailer,1,AJR Sport Double Jointed Golden Ease Pelham Bit,Tack & Equipment > Bits > English Bits,PDJGE1129,Size: 135mm,,,,,Corro Trailer 1,78300,78300,78300,135000,0,0,
0,Tack,1778180207021,Eliot's Trailer,1,AJR Sport Double Jointed Golden Ease D Bit,Tack & Equipment > Bits > English Bits,DDJGE5081,Size: 135mm,,,,,Corro Trailer 1,63800,63800,63800,110000,0,0,0.17868021
0,Rider,1778252234585,Eliot's Trailer,1,Solid Citizen Coco Cap-sleeve Equestrian Show Shirt,Rider > Accessories & Apparel > Shirts,SolidCitizenCocoCapSleeveEquestrianShowShirt-Ivory-XS,Color: Ivory,Size: XS,,,,Corro Trailer 1,0,0,0,150000,0,0,0.0358931
1,Rider,1778252234585,Eliot's Trailer,1,Solid Citizen Coco Cap-sleeve Equestrian Show Shirt,Rider > Accessories & Apparel > Shirts,SolidCitizenCocoCapSleeveEquestrianShowShirt-Ivory-M,Color: Ivory,Size: M,,,,Corro Trailer 1,0,0,0,150000,0,0,
1,Rider,1778252234585,Eliot's Trailer,1,Solid Citizen Coco Cap-sleeve Equestrian Show Shirt,Rider > Accessories & Apparel > Shirts,SolidCitizenCocoCapSleeveEquestrianShowShirt-Ivory-L,Color: Ivory,Size: L,,,,Corro Trailer 1,0,0,0,150000,0,0,
0,Rider,1778252234585,Eliot's Trailer,1,Solid Citizen Coco Cap-sleeve Equestrian Show Shirt,Rider > Accessories & Apparel > Shirts,SolidCitizenCocoCapSleeveEquestrianShowShirt-Ivory-S,Color: Ivory,Size: S,,,,Corro Trailer 1,0,0,0,150000,0,0,0.018601084
1,Rider,1778252234585,Eliot's Trailer,1,Solid Citizen Haley UV Riding Base-layer Turtleneck Sun-shirt,Rider > Accessories & Apparel > Shirts,SolidCitizenHaleyUvRidingBaseLayerTurtleneckSunShirt-Espresso-S,Color: Espresso,Size: S,,,,Corro Trailer 1,0,0,0,130000,0,0,0.011423172
1,Rider,1778252234585,Eliot's Trailer,1,Solid Citizen Haley UV Riding Base-layer Turtleneck Sun-shirt,Rider > Accessories & Apparel > Shirts,SolidCitizenHaleyUvRidingBaseLayerTurtleneckSunShirt-Espresso-L,Color: Espresso,Size: L,,,,Corro Trailer 1,0,0,0,130000,0,0,
1,Rider,1778252234585,Eliot's Trailer,1,Solid Citizen Haley UV Riding Base-layer Turtleneck Sun-shirt,Rider > Accessories & Apparel > Shirts,SolidCitizenHaleyUvRidingBaseLayerTurtleneckSunShirt-Espresso-M,Color: Espresso,Size: M,,,,Corro Trailer 1,0,0,0,130000,0,0,
1,Rider,1778252234585,Eliot's Trailer,1,Solid Citizen Haley UV Riding Base-layer Turtleneck Sun-shirt,Rider > Accessories & Apparel > Shirts,SolidCitizenHaleyUvRidingBaseLayerTurtleneckSunShirt-Espresso-XS,Color: Espresso,Size: XS,,,,Corro Trailer 1,0,0,0,130000,0,0,0.10233676
1,Rider,1778252234585,Eliot's Trailer,1,Solid Citizen Haley UV Riding Base-layer Turtleneck Sun-shirt,Rider > Accessories & Apparel > Shirts,SolidCitizenHaleyUvRidingBaseLayerTurtleneckSunShirt-Stone-M,Color: Stone,Size: M,,,,Corro Trailer 1,0,0,0,130000,0,0,
2,Rider,1778252234585,Eliot's Trailer,1,Solid Citizen Haley UV Riding Base-layer Turtleneck Sun-shirt,Rider > Accessories & Apparel > Shirts,SolidCitizenHaleyUvRidingBaseLayerTurtleneckSunShirt-Stone-XS,Color: Stone,Size: XS,,,,Corro Trailer 1,0,0,0,130000,0,0,
1,Rider,1778252234585,Eliot's Trailer,1,Solid Citizen Haley UV Riding Base-layer Turtleneck Sun-shirt,Rider > Accessories & Apparel > Shirts,SolidCitizenHaleyUvRidingBaseLayerTurtleneckSunShirt-Stone-L,Color: Stone,Size: L,,,,Corro Trailer 1,0,0,0,130000,0,0,
2,Rider,1778252234585,Eliot's Trailer,1,Solid Citizen Isabel 2.0 Long-sleeve Equestrian Show Shirt,Rider > Accessories & Apparel > Shirts,SolidCitizenIsabel20LongSleeveEquestrianShowShirt-Navy-XS,Color: Navy,Size: XS,,,,Corro Trailer 1,0,0,0,140000,0,0,0.0173739
1,Rider,1778252234585,Eliot's Trailer,1,Solid Citizen Isabel 2.0 Long-sleeve Equestrian Show Shirt,Rider > Accessories & Apparel > Shirts,SolidCitizenIsabel20LongSleeveEquestrianShowShirt-Navy-L,Color: Navy,Size: L,,,,Corro Trailer 1,0,0,0,140000,0,0,
1,Rider,1778252234585,Eliot's Trailer,1,Solid Citizen Isabel 2.0 Long-sleeve Equestrian Show Shirt,Rider > Accessories & Apparel > Shirts,SolidCitizenIsabel20LongSleeveEquestrianShowShirt-Navy-S,Color: Navy,Size: S,,,,Corro Trailer 1,0,0,0,140000,0,0,0.02143151
2,Rider,1778252234585,Eliot's Trailer,1,Solid Citizen Jessica II Gingham Equestrian Button-Down Shirt,Rider > Accessories & Apparel > Shirts,SolidCitizenJessicaIiGinghamEquestrianButtonDownShirt-Cinnamon-S,Color: Cinnamon,Size: S,,,,Corro Trailer 1,0,0,0,145000,0,0,
0,Rider,1778252234585,Eliot's Trailer,1,Solid Citizen Jessica II Gingham Equestrian Button-Down Shirt,Rider > Accessories & Apparel > Shirts,SolidCitizenJessicaIiGinghamEquestrianButtonDownShirt-Cinnamon-M,Color: Cinnamon,Size: M,,,,Corro Trailer 1,0,0,0,145000,0,0,0.04839836
1,Rider,1778252234585,Eliot's Trailer,1,Solid Citizen Jessica II Gingham Equestrian Button-Down Shirt,Rider > Accessories & Apparel > Shirts,SolidCitizenJessicaIiGinghamEquestrianButtonDownShirt-Cinnamon-L,Color: Cinnamon,Size: L,,,,Corro Trailer 1,0,0,0,145000,0,0,
1,Rider,1778252234585,Eliot's Trailer,1,Solid Citizen Jessica II Gingham Equestrian Button-Down Shirt,Rider > Accessories & Apparel > Shirts,SolidCitizenJessicaIiGinghamEquestrianButtonDownShirt-Cinnamon-XS,Color: Cinnamon,Size: XS,,,,Corro Trailer 1,0,0,0,145000,0,0,0.21159904
0,Rider,1778252234585,Eliot's Trailer,1,Solid Citizen Parker Cropped Equestrian Sweater,Rider > Accessories & Apparel > Jackets,SolidCitizenParkerCroppedEquestrianSweater-Brown-L,Color: Brown,Size: L,,,,Corro Trailer 1,0,0,0,388000,0,0,0.17131694
0,Rider,1778252234585,Eliot's Trailer,1,Solid Citizen Isabel 2.0 Long-sleeve Equestrian Show Shirt,Rider > Accessories & Apparel > Shirts,SolidCitizenIsabel20LongSleeveEquestrianShowShirt-Navy-M,Color: Navy,Size: M,,,,Corro Trailer 1,0,0,0,140000,0,0,1
0,Rider,1778252234585,Eliot's Trailer,1,Yagya Lightweight Long Sleeve,Rider > Accessories & Apparel > Shirts,1000000001191,Size: Large,Color: Slate Blue,,,,Corro Trailer 1,55000,55000,55000,160000,0,0,0.13248883
1,Rider,1778252234585,Eliot's Trailer,1,Yagya Performance Show Jacket,Rider > Accessories & Apparel > Jackets,1000000001282,Color: Hunter Green,Size: Large,,,,Corro Trailer 1,250000,250000,250000,580000,0,0,
1,Rider,1778252234585,Eliot's Trailer,1,Yagya Performance Show Jacket,Rider > Accessories & Apparel > Jackets,1000000001281,Color: Hunter Green,Size: Medium,,,,Corro Trailer 1,250000,250000,250000,580000,0,0,
0,Rider,1778252234585,Eliot's Trailer,1,Yagya Performance Show Jacket,Rider > Accessories & Apparel > Jackets,1000000001266,Color: Slate Blue,Size: Small,,,,Corro Trailer 1,250000,250000,250000,580000,0,0,0.18341908
1,Rider,1778252234585,Eliot's Trailer,1,Yagya Performance Show Jacket,Rider > Accessories & Apparel > Jackets,1000000001267,Color: Slate Blue,Size: Medium,,,,Corro Trailer 1,250000,250000,250000,580000,0,0,
1,Rider,1778252234585,Eliot's Trailer,1,Yagya Performance Show Jacket,Rider > Accessories & Apparel > Jackets,1000000001265,Color: Slate Blue,Size: XS,,,,Corro Trailer 1,250000,250000,250000,580000,0,0,
1,Rider,1778252234585,Eliot's Trailer,1,Yagya Performance Show Jacket,Rider > Accessories & Apparel > Jackets,1000000001268,Color: Slate Blue,Size: Large,,,,Corro Trailer 1,250000,250000,250000,580000,0,0,
1,Rider,1778252234585,Eliot's Trailer,1,Equiline Isabel - Women's Show Shirt in Technical Fabric,Rider > Accessories & Apparel > Shirts,EC018-H00504-001,Size: S,,,,,Corro Trailer 1,49500,49500,49500,99000,0,0,
16,Treats / Toys,1778252144214,Eliot's Trailer,1,Likit Holder Refill,Horse Care > Treats & Toys > Toys & Licks,B2BAUS,Size: 650 gm,Flavor: Banana,,,,Corro Trailer 1,0,1850,3700,6990,0,0,0.0632208
15,Treats / Toys,1778252144214,Eliot's Trailer,1,Likit Holder Refill,Horse Care > Treats & Toys > Toys & Licks,B2APUS,Size: 650 gm,Flavor: Apple,,,,Corro Trailer 1,0,1850,3700,6990,0,0,0.105368
14,Treats / Toys,1778252144214,Eliot's Trailer,1,Likit Holder Refill,Horse Care > Treats & Toys > Toys & Licks,B2NAUS,Size: 650 gm,Flavor: Molasses,,,,Corro Trailer 1,0,1850,3700,6990,0,0,0.0842944
15,Treats / Toys,1778252144214,Eliot's Trailer,1,Likit Holder Refill,Horse Care > Treats & Toys > Toys & Licks,B2MIUS,Size: 650 gm,Flavor: Mint,,,,Corro Trailer 1,0,1850,3700,6990,0,0,0.0842944
1,Fly Gear,1778252234584,Eliot's Trailer,1,Horseware Ireland Shield Flymask,Horse Wear > Fly & Insect Control > Fly Masks,DCHCN1-BI00-HO,Color: Navy,Size: Horse,,,,Corro Trailer 1,20020,20020,20020,43950,0,0,0.053107776
1,Fly Gear,1778252234584,Eliot's Trailer,1,Horseware Ireland Shield Flymask,Horse Wear > Fly & Insect Control > Fly Masks,DCHCN1-BI00-PY,Color: Navy,Size: Pony,,,,Corro Trailer 1,20020,20020,20020,43950,0,0,
1,Fly Gear,1778252234584,Eliot's Trailer,1,Horseware Ireland Shield Flymask,Horse Wear > Fly & Insect Control > Fly Masks,DCHCN1-BI00-CO,Color: Navy,Size: Cob,,,,Corro Trailer 1,20020,20020,20020,43950,0,0,0.028839234
2,Rider,1778252234585,Eliot's Trailer,1,Equisite Alesia Long Sleeve Mockneck Officially Licensed FEI™ World Cup™ Finals Fort Worth 2026 Merchandise,Rider > Accessories & Apparel > Shirts,6596d5ce0b755-FEI,Color: White,Size: XS,,,,Corro Trailer 1,55000,55000,55000,110000,0,0,
1,Rider,1778252234585,Eliot's Trailer,1,Equisite Alesia Long Sleeve Mockneck Officially Licensed FEI™ World Cup™ Finals Fort Worth 2026 Merchandise,Rider > Accessories & Apparel > Shirts,sku-47110139576611-FEI,Color: Black,Size: XS,,,,Corro Trailer 1,55000,55000,55000,110000,0,0,0.020552915
3,Rider,1778252234585,Eliot's Trailer,1,Equisite Alesia Long Sleeve Mockneck Officially Licensed FEI™ World Cup™ Finals Fort Worth 2026 Merchandise,Rider > Accessories & Apparel > Shirts,6596d5ce0b759-FEI,Color: White,Size: M,,,,Corro Trailer 1,55000,55000,55000,110000,0,0,
2,Rider,1778252234585,Eliot's Trailer,1,Equisite Alesia Long Sleeve Mockneck Officially Licensed FEI™ World Cup™ Finals Fort Worth 2026 Merchandise,Rider > Accessories & Apparel > Shirts,6596d5c923cd8-FEI,Color: Black,Size: M,,,,Corro Trailer 1,55000,55000,55000,110000,0,0,0.044615168
2,Rider,1778252234585,Eliot's Trailer,1,Equisite Alesia Long Sleeve Mockneck Officially Licensed FEI™ World Cup™ Finals Fort Worth 2026 Merchandise,Rider > Accessories & Apparel > Shirts,sku-53634206531875-FEI,Color: Aubergine,Size: L,,,,Corro Trailer 1,55000,55000,55000,110000,0,0,
1,Rider,1778252234585,Eliot's Trailer,1,Equisite Alesia Long Sleeve Mockneck Officially Licensed FEI™ World Cup™ Finals Fort Worth 2026 Merchandise,Rider > Accessories & Apparel > Shirts,6596d5cc5e407-FEI,Color: Black,Size: XL,,,,Corro Trailer 1,55000,55000,55000,110000,0,0,
1,Rider,1778252234585,Eliot's Trailer,1,Equisite Alesia Long Sleeve Mockneck Officially Licensed FEI™ World Cup™ Finals Fort Worth 2026 Merchandise,Rider > Accessories & Apparel > Shirts,sku-53634206564643-FEI,Color: Aubergine,Size: XL,,,,Corro Trailer 1,55000,55000,55000,110000,0,0,0.034258615
1,Rider,1778252234585,Eliot's Trailer,1,Equisite Alesia Long Sleeve Mockneck Officially Licensed FEI™ World Cup™ Finals Fort Worth 2026 Merchandise,Rider > Accessories & Apparel > Shirts,6596d5cab0b72-FEI,Color: Black,Size: S,,,,Corro Trailer 1,55000,55000,55000,110000,0,0,0.04399262
2,Rider,1778252234585,Eliot's Trailer,1,Equisite Alesia Long Sleeve Mockneck Officially Licensed FEI™ World Cup™ Finals Fort Worth 2026 Merchandise,Rider > Accessories & Apparel > Shirts,sku-53634206466339-FEI,Color: Aubergine,Size: S,,,,Corro Trailer 1,55000,55000,55000,110000,0,0,0.024169879
0,Rider,1778252234585,Eliot's Trailer,1,Equisite Alesia Long Sleeve Mockneck Officially Licensed FEI™ World Cup™ Finals Fort Worth 2026 Merchandise,Rider > Accessories & Apparel > Shirts,6596d5c76b53d-FEI,Color: Black,Size: L,,,,Corro Trailer 1,55000,55000,55000,110000,0,0,0.024830239
2,Rider,1778252234585,Eliot's Trailer,1,Equisite Alesia Long Sleeve Mockneck Officially Licensed FEI™ World Cup™ Finals Fort Worth 2026 Merchandise,Rider > Accessories & Apparel > Shirts,sku-48651338318115-FEI,Color: White,Size: XL,,,,Corro Trailer 1,55000,55000,55000,110000,0,0,
2,Rider,1778252234585,Eliot's Trailer,1,Equisite Alesia Long Sleeve Mockneck Officially Licensed FEI™ World Cup™ Finals Fort Worth 2026 Merchandise,Rider > Accessories & Apparel > Shirts,sku-53634206499107-FEI,Color: Aubergine,Size: M,,,,Corro Trailer 1,55000,55000,55000,110000,0,0,
2,Rider,1778252234585,Eliot's Trailer,1,Equisite Alesia Long Sleeve Mockneck Officially Licensed FEI™ World Cup™ Finals Fort Worth 2026 Merchandise,Rider > Accessories & Apparel > Shirts,6596d5ce0b761-FEI,Color: White,Size: L,,,,Corro Trailer 1,55000,55000,55000,110000,0,0,
2,Rider,1778252234585,Eliot's Trailer,1,Equisite Alesia Long Sleeve Mockneck Officially Licensed FEI™ World Cup™ Finals Fort Worth 2026 Merchandise,Rider > Accessories & Apparel > Shirts,6596d5ce0b757-FEI,Color: White,Size: S,,,,Corro Trailer 1,55000,55000,55000,110000,0,0,0.074218236
1,Rider,1778252234585,Eliot's Trailer,1,Equisite Blaire Sleeveless Mockneck Officially Licensed FEI™ World Cup™ Finals Fort Worth 2026 Merchandise,Rider > Accessories & Apparel > Shirts,sku-53634206957859-FEI,Size: S,Color: Aubergine,,,,Corro Trailer 1,42500,42500,42500,85000,0,0,
1,Rider,1778252234585,Eliot's Trailer,1,Equisite Blaire Sleeveless Mockneck Officially Licensed FEI™ World Cup™ Finals Fort Worth 2026 Merchandise,Rider > Accessories & Apparel > Shirts,sku-53634206925091-FEI,Size: XS,Color: Aubergine,,,,Corro Trailer 1,42500,42500,42500,85000,0,0,
1,Rider,1778252234585,Eliot's Trailer,1,Equisite Blaire Sleeveless Mockneck Officially Licensed FEI™ World Cup™ Finals Fort Worth 2026 Merchandise,Rider > Accessories & Apparel > Shirts,sku-52973387940131-FEI,Size: L,Color: White,,,,Corro Trailer 1,42500,42500,42500,85000,0,0,
1,Rider,1778252234585,Eliot's Trailer,1,Equisite Blaire Sleeveless Mockneck Officially Licensed FEI™ World Cup™ Finals Fort Worth 2026 Merchandise,Rider > Accessories & Apparel > Shirts,sku-52973387874595-FEI,Size: M,Color: White,,,,Corro Trailer 1,42500,42500,42500,85000,0,0,
1,Rider,1778252234585,Eliot's Trailer,1,Equisite Blaire Sleeveless Mockneck Officially Licensed FEI™ World Cup™ Finals Fort Worth 2026 Merchandise,Rider > Accessories & Apparel > Shirts,sku-52973387809059-FEI,Size: S,Color: White,,,,Corro Trailer 1,42500,42500,42500,85000,0,0,
2,Rider,1778252234585,Eliot's Trailer,1,Equisite Blaire Sleeveless Mockneck Officially Licensed FEI™ World Cup™ Finals Fort Worth 2026 Merchandise,Rider > Accessories & Apparel > Shirts,sku-53634206990627-FEI,Size: M,Color: Aubergine,,,,Corro Trailer 1,42500,42500,42500,85000,0,0,0.07419274
1,Rider,1778252234585,Eliot's Trailer,1,Equisite Blaire Sleeveless Mockneck Officially Licensed FEI™ World Cup™ Finals Fort Worth 2026 Merchandise,Rider > Accessories & Apparel > Shirts,sku-53634207056163-FEI,Size: XL,Color: Aubergine,,,,Corro Trailer 1,42500,42500,42500,85000,0,0,
1,Rider,1778252234585,Eliot's Trailer,1,Equisite Blaire Sleeveless Mockneck Officially Licensed FEI™ World Cup™ Finals Fort Worth 2026 Merchandise,Rider > Accessories & Apparel > Shirts,sku-52973388005667-FEI,Size: XL,Color: White,,,,Corro Trailer 1,42500,42500,42500,85000,0,0,
2,Supplements,1778252144213,Eliot's Trailer,1,Kentucky Performance Elevate Maintenance Powder,Horse Care > Supplements > Vitamins & Minerals,14526-3,Size: 3 Pound Pellets,,,LOT# 0001241022,2027-09-01,Corro Trailer 1,33170,33170,33170,51570,0,0,
1,Rider,1778252234585,Eliot's Trailer,1,Equiline Grafton B-MOVE - Men's Knee Patch Riding Breeches in B-Move Fabric,Rider > Accessories & Apparel > Breeches,EC018-N08200-005-56,Color: Beige,Size: 56,,,,Corro Trailer 1,190000,190000,190000,379000,0,0,
1,Rider,1778252234585,Eliot's Trailer,1,Equisite Alesia Shirt IN STORE,Rider > Accessories & Apparel > Shirts,CORRO-47757021413667,Size: M,Color: Bellini,,,,Corro Trailer 1,58800,58800,58800,98000,0,0,
3,Rider,1778252234585,Eliot's Trailer,1,Equisite Alesia Shirt IN STORE,Rider > Accessories & Apparel > Shirts,CORRO-6596d5c7e8c01,Size: L,Color: Tuscany,,,,Corro Trailer 1,58800,58800,58800,98000,0,0,
1,Rider,1778252234585,Eliot's Trailer,1,Equisite Alesia Shirt IN STORE,Rider > Accessories & Apparel > Shirts,CORRO-6596d5cd7cd3e,Size: XS,Color: Amalfi,,,,Corro Trailer 1,58800,58800,58800,98000,0,0,0.06874824
2,Rider,1778252234585,Eliot's Trailer,1,Equisite Alesia Shirt IN STORE,Rider > Accessories & Apparel > Shirts,CORRO-6596d5ce99303,Size: XS,Color: Tuscany,,,,Corro Trailer 1,58800,58800,58800,98000,0,0,
2,Rider,1778252234585,Eliot's Trailer,1,Equisite Alesia Shirt IN STORE,Rider > Accessories & Apparel > Shirts,CORRO-51085713244451,Size: M,Color: Eucalyptus,,,,Corro Trailer 1,58800,58800,58800,98000,0,0,
3,Rider,1778252234585,Eliot's Trailer,1,Equisite Alesia Shirt IN STORE,Rider > Accessories & Apparel > Shirts,CORRO-51085713375523,Size: XL,Color: Eucalyptus,,,,Corro Trailer 1,0,0,0,98000,0,0,
2,Rider,1778252234585,Eliot's Trailer,1,Equisite Alesia Shirt IN STORE,Rider > Accessories & Apparel > Shirts,CORRO-6596d5c89d84f,Size: M,Color: Amalfi,,,,Corro Trailer 1,58800,58800,58800,98000,0,0,
1,Rider,1778252234585,Eliot's Trailer,1,Equisite Alesia Shirt IN STORE,Rider > Accessories & Apparel > Shirts,CORRO-49540107141411,Size: XS,Color: Midnight Blue,,,,Corro Trailer 1,58800,58800,58800,98000,0,0,0.15783669
3,Rider,1778252234585,Eliot's Trailer,1,Equisite Alesia Shirt IN STORE,Rider > Accessories & Apparel > Shirts,CORRO-6596d5ce0b760,Size: L,Color: Lilac,,,,Corro Trailer 1,58800,58800,58800,98000,0,0,
3,Rider,1778252234585,Eliot's Trailer,1,Equisite Alesia Shirt IN STORE,Rider > Accessories & Apparel > Shirts,CORRO-6596d5c9a51f7,Size: M,Color: Tuscany,,,,Corro Trailer 1,58800,58800,58800,98000,0,0,
0,Rider,1778252234585,Eliot's Trailer,1,Equisite Alesia Shirt IN STORE,Rider > Accessories & Apparel > Shirts,CORRO-47757021217059,Size: XS,Color: Powder Blue,,,,Corro Trailer 1,58800,58800,58800,98000,0,0,0.07425899
2,Rider,1778252234585,Eliot's Trailer,1,Equisite Alesia Shirt IN STORE,Rider > Accessories & Apparel > Shirts,CORRO-51085713309987,Size: L,Color: Eucalyptus,,,,Corro Trailer 1,58800,58800,58800,98000,0,0,
0,Rider,1778252234585,Eliot's Trailer,1,Equisite Alesia Shirt IN STORE,Rider > Accessories & Apparel > Shirts,CORRO-51085713277219,Size: M,Color: Graphite Grey,,,,Corro Trailer 1,58800,58800,58800,98000,0,0,0.07837713
2,Rider,1778252234585,Eliot's Trailer,1,Equisite Alesia Shirt IN STORE,Rider > Accessories & Apparel > Shirts,CORRO-47110140035363,Size: XL,Color: Tuscany,,,,Corro Trailer 1,0,0,0,98000,0,0,
0,Rider,1778252234585,Eliot's Trailer,1,Equisite Alesia Shirt IN STORE,Rider > Accessories & Apparel > Shirts,CORRO-51085713113379,Size: XS,Color: Eucalyptus,,,,Corro Trailer 1,58800,58800,58800,98000,0,0,0.15675426
0,Rider,1778252234585,Eliot's Trailer,1,Equisite Alesia Shirt IN STORE,Rider > Accessories & Apparel > Shirts,CORRO-51085713342755,Size: L,Color: Graphite Grey,,,,Corro Trailer 1,58800,58800,58800,98000,0,0,0.15382138
1,Rider,1778252234585,Eliot's Trailer,1,Equisite Alesia Shirt IN STORE,Rider > Accessories & Apparel > Shirts,CORRO-49540107305251,Size: M,Color: Midnight Blue,,,,Corro Trailer 1,58800,58800,58800,98000,0,0,0.18331517
2,Rider,1778252234585,Eliot's Trailer,1,Equisite Alesia Shirt IN STORE,Rider > Accessories & Apparel > Shirts,CORRO-51085713408291,Size: XL,Color: Graphite Grey,,,,Corro Trailer 1,0,0,0,98000,0,0,
2,Rider,1778252234585,Eliot's Trailer,1,Equisite Alesia Shirt IN STORE,Rider > Accessories & Apparel > Shirts,CORRO-47757021511971,Size: XL,Color: Powder Blue,,,,Corro Trailer 1,58800,58800,58800,98000,0,0,
1,Rider,1778252234585,Eliot's Trailer,1,Equisite Alesia Shirt IN STORE,Rider > Accessories & Apparel > Shirts,CORRO-47757021446435,Size: L,Color: Powder Blue,,,,Corro Trailer 1,58800,58800,58800,98000,0,0,0.2147003
0,Rider,1778252234585,Eliot's Trailer,1,Equisite Alesia Shirt IN STORE,Rider > Accessories & Apparel > Shirts,CORRO-51085713211683,Size: S,Color: Graphite Grey,,,,Corro Trailer 1,58800,58800,58800,98000,0,0,0.03655514
2,Rider,1778252234585,Eliot's Trailer,1,Equisite Alesia Shirt IN STORE,Rider > Accessories & Apparel > Shirts,CORRO-49540107436323,Size: XL,Color: Midnight Blue,,,,Corro Trailer 1,0,0,0,98000,0,0,
2,Rider,1778252234585,Eliot's Trailer,1,Equisite Alesia Shirt IN STORE,Rider > Accessories & Apparel > Shirts,CORRO-49540107370787,Size: L,Color: Midnight Blue,,,,Corro Trailer 1,58800,58800,58800,98000,0,0,
2,Rider,1778252234585,Eliot's Trailer,1,Equisite Alesia Shirt IN STORE,Rider > Accessories & Apparel > Shirts,CORRO-47110140002595,Size: XL,Color: Amalfi,,,,Corro Trailer 1,0,0,0,98000,0,0,
2,Rider,1778252234585,Eliot's Trailer,1,Equisite Alesia Shirt IN STORE,Rider > Accessories & Apparel > Shirts,CORRO-51085713178915,Size: S,Color: Eucalyptus,,,,Corro Trailer 1,58800,58800,58800,98000,0,0,
3,Rider,1778252234585,Eliot's Trailer,1,Equisite Alesia Shirt IN STORE,Rider > Accessories & Apparel > Shirts,CORRO-6596d5cb440ff,Size: S,Color: Tuscany,,,,Corro Trailer 1,58800,58800,58800,98000,0,0,
2,Rider,1778252234585,Eliot's Trailer,1,Equisite Alesia Shirt IN STORE,Rider > Accessories & Apparel > Shirts,CORRO-6596d5ca300ea,Size: S,Color: Amalfi,,,,Corro Trailer 1,58800,58800,58800,98000,0,0,
0,Rider,1778252234585,Eliot's Trailer,1,Equisite Alesia Shirt IN STORE,Rider > Accessories & Apparel > Shirts,CORRO-49540107206947,Size: S,Color: Midnight Blue,,,,Corro Trailer 1,58800,58800,58800,98000,0,0,0.018639592
2,Rider,1778252234585,Eliot's Trailer,1,Equisite Alesia Shirt IN STORE,Rider > Accessories & Apparel > Shirts,CORRO-6596d5ce0b758,Size: M,Color: Lilac,,,,Corro Trailer 1,58800,58800,58800,98000,0,0,0.072637185
2,Rider,1778252234585,Eliot's Trailer,1,Equisite Alesia Shirt IN STORE,Rider > Accessories & Apparel > Shirts,CORRO-48651338285347,Size: XL,Color: Lilac,,,,Corro Trailer 1,0,0,0,98000,0,0,
3,Rider,1778252234585,Eliot's Trailer,1,Equisite Alesia Shirt IN STORE,Rider > Accessories & Apparel > Shirts,CORRO-6596d5c6d5952,Size: L,Color: Amalfi,,,,Corro Trailer 1,58800,58800,58800,98000,0,0,0.072775215
0,Rider,1778252234585,Eliot's Trailer,1,Equisite Alesia Shirt IN STORE,Rider > Accessories & Apparel > Shirts,CORRO-51085713146147,Size: XS,Color: Graphite Grey,,,,Corro Trailer 1,58800,58800,58800,98000,0,0,0.15722334
0,Other,1778252254016,Eliot's Trailer,1,Bhoof Eyewear 3 Slim Sport,Rider > Accessories & Apparel > Eyewear,BH20010008,Color: Black,,,,,Corro Trailer 1,148000,148000,148000,269000,0,0,
2,Tack,1778180207021,Eliot's Trailer,1,Bhoof Saddle Pad 1 - Classic,Tack & Equipment > English Saddle Pads > All Purpose & Hunter/Jumper Saddle Pads,BH10100004,Color: Black,Size: XFull,,,,Corro Trailer 1,104000,104000,104000,189000,0,0,
1,Tack,1778180207021,Eliot's Trailer,1,Bhoof Saddle Pad 1 - Classic,Tack & Equipment > English Saddle Pads > All Purpose & Hunter/Jumper Saddle Pads,BH10100001,Color: Navy,Size: Full,,,,Corro Trailer 1,104000,104000,104000,189000,0,0,
2,Tack,1778180207021,Eliot's Trailer,1,Bhoof Saddle Pad 1 - Classic,Tack & Equipment > English Saddle Pads > All Purpose & Hunter/Jumper Saddle Pads,BH10100006,Color: Grey,Size: XFull,,,,Corro Trailer 1,104000,104000,104000,189000,0,0,
2,Tack,1778180207021,Eliot's Trailer,1,Bhoof Saddle Pad 1 - Classic,Tack & Equipment > English Saddle Pads > All Purpose & Hunter/Jumper Saddle Pads,BH10100002,Color: Navy,Size: XFull,,,,Corro Trailer 1,104000,104000,104000,189000,0,0,
1,Tack,1778180207021,Eliot's Trailer,1,Bhoof Saddle Pad 1 - Classic,Tack & Equipment > English Saddle Pads > All Purpose & Hunter/Jumper Saddle Pads,BH10100003,Color: Black,Size: Full,,,,Corro Trailer 1,104000,104000,104000,189000,0,0,0.13375247
1,Tack,1778180207021,Eliot's Trailer,1,Bhoof Saddle Pad 1 - Classic,Tack & Equipment > English Saddle Pads > All Purpose & Hunter/Jumper Saddle Pads,BH10100007,Color: Sand,Size: Full,,,,Corro Trailer 1,104000,104000,104000,189000,0,0,
2,Tack,1778180207021,Eliot's Trailer,1,Bhoof Saddle Pad 1 - Classic,Tack & Equipment > English Saddle Pads > All Purpose & Hunter/Jumper Saddle Pads,BH10100005,Color: Grey,Size: Full,,,,Corro Trailer 1,104000,104000,104000,189000,0,0,
2,Tack,1778180207021,Eliot's Trailer,1,Bhoof Saddle Pad 2 - Training,Tack & Equipment > English Saddle Pads > All Purpose & Hunter/Jumper Saddle Pads,BH10100011,Color: Black,Size: Full,,,,Corro Trailer 1,120000,120000,120000,219000,0,0,
1,Tack,1778180207021,Eliot's Trailer,1,Bhoof Halter 2 Mesh with lead rope,Tack & Equipment > Halters & Leads > Halters > Nylon & Rope Halters,BH10080010,Color: Black,Size: Pony,,,,Corro Trailer 1,38000,38000,38000,69000,0,0,
1,Tack,1778180207021,Eliot's Trailer,1,Bhoof Halter 2 Mesh with lead rope,Tack & Equipment > Halters & Leads > Halters > Nylon & Rope Halters,BH10080011,Color: Black,Size: Cob,,,,Corro Trailer 1,38000,38000,38000,69000,0,0,
1,Tack,1778180207021,Eliot's Trailer,1,Bhoof Halter 2 Mesh with lead rope,Tack & Equipment > Halters & Leads > Halters > Nylon & Rope Halters,BH10080013,Color: Black,Size: XFull,,,,Corro Trailer 1,38000,38000,38000,69000,0,0,
3,Tack,1778180207021,Eliot's Trailer,1,Bhoof Halter 2 Mesh with lead rope,Tack & Equipment > Halters & Leads > Halters > Nylon & Rope Halters,BH10080012,Color: Black,Size: Full,,,,Corro Trailer 1,38000,38000,38000,69000,0,0,
1,Rider,1778252234585,Eliot's Trailer,1,Yagya Leather Buckle Belt,Rider > Accessories & Apparel > Belts,1000000001462,Color: Black,Size: M/L,,,,Corro Trailer 1,90000,90000,90000,190000,0,0,
1,Rider,1778252234585,Eliot's Trailer,1,Yagya Leather Buckle Belt,Rider > Accessories & Apparel > Belts,1000000000718,Color: Brown,Size: M/L,,,,Corro Trailer 1,90000,90000,90000,190000,0,0,
1,Rider,1778252234585,Eliot's Trailer,1,Yagya Lightweight Long Sleeve,Rider > Accessories & Apparel > Shirts,1000000001481,Size: Large,Color: Fog,,,,Corro Trailer 1,55000,55000,55000,160000,0,0,
1,Rider,1778252234585,Eliot's Trailer,1,Yagya Lightweight Long Sleeve,Rider > Accessories & Apparel > Shirts,1000000001182,Size: Small,Color: Camel,,,,Corro Trailer 1,55000,55000,55000,160000,0,0,
1,Rider,1778252234585,Eliot's Trailer,1,Yagya Lightweight Long Sleeve,Rider > Accessories & Apparel > Shirts,1000000001184,Size: Large,Color: Camel,,,,Corro Trailer 1,55000,55000,55000,160000,0,0,
0,Rider,1778252234585,Eliot's Trailer,1,Yagya Lightweight Long Sleeve,Rider > Accessories & Apparel > Shirts,1000000001479,Size: Small,Color: Fog,,,,Corro Trailer 1,55000,55000,55000,160000,0,0,0.08552089
1,Rider,1778252234585,Eliot's Trailer,1,Yagya Lightweight Long Sleeve,Rider > Accessories & Apparel > Shirts,1000000001480,Size: Medium,Color: Fog,,,,Corro Trailer 1,55000,55000,55000,160000,0,0,
0,Rider,1778252234585,Eliot's Trailer,1,Yagya Lightweight Long Sleeve,Rider > Accessories & Apparel > Shirts,1000000001183,Size: Medium,Color: Camel,,,,Corro Trailer 1,55000,55000,55000,160000,0,0,0.08552089
0,Rider,1778252234585,Eliot's Trailer,1,Yagya Lightweight Long Sleeve,Rider > Accessories & Apparel > Shirts,1000000001478,Size: XS,Color: Fog,,,,Corro Trailer 1,55000,55000,55000,160000,0,0,
1,Rider,1778252234585,Eliot's Trailer,1,Yagya Timeless Short Sleeve Show Shirt,Rider > Accessories & Apparel > Shirts,1000000001437,Size: Large,Color: White/White,,,,Corro Trailer 1,90000,90000,90000,180000,0,0,
1,Rider,1778252234585,Eliot's Trailer,1,Yagya Timeless Short Sleeve Show Shirt,Rider > Accessories & Apparel > Shirts,1000000001435,Size: Small,Color: White/White,,,,Corro Trailer 1,90000,90000,90000,180000,0,0,
0,Rider,1778252234585,Eliot's Trailer,1,Yagya Timeless Short Sleeve Show Shirt,Rider > Accessories & Apparel > Shirts,1000000001434,Size: XS,Color: White/White,,,,Corro Trailer 1,90000,90000,90000,180000,0,0,0.06869757
1,Rider,1778252234585,Eliot's Trailer,1,Yagya Timeless Short Sleeve Show Shirt,Rider > Accessories & Apparel > Shirts,1000000001436,Size: Medium,Color: White/White,,,,Corro Trailer 1,90000,90000,90000,180000,0,0,
1,Rider,1778252234585,Eliot's Trailer,1,Yagya AirTech Half Zip,Rider > Accessories & Apparel > Shirts,1000000001347,Color: White/White,Size: XS,,,,Corro Trailer 1,65000,65000,65000,140000,0,0,
1,Rider,1778252234585,Eliot's Trailer,1,Yagya AirTech Half Zip,Rider > Accessories & Apparel > Shirts,1000000001348,Color: White/White,Size: Small,,,,Corro Trailer 1,65000,65000,65000,140000,0,0,
0,Rider,1778252234585,Eliot's Trailer,1,Yagya AirTech Half Zip,Rider > Accessories & Apparel > Shirts,1000000001349,Color: White/White,Size: Medium,,,,Corro Trailer 1,65000,65000,65000,140000,0,0,0.06897805
0,Rider,1778252234585,Eliot's Trailer,1,Yagya AirTech Half Zip,Rider > Accessories & Apparel > Shirts,1000000001350,Color: White/White,Size: Large,,,,Corro Trailer 1,65000,65000,65000,140000,0,0,0.12870887
1,Rider,1778252234585,Eliot's Trailer,1,Yagya AirTech Half Zip,Rider > Accessories & Apparel > Shirts,1000000001340,Color: Black/Black,Size: XS,,,,Corro Trailer 1,65000,65000,65000,140000,0,0,
1,Rider,1778252234585,Eliot's Trailer,1,Yagya AirTech Half Zip,Rider > Accessories & Apparel > Shirts,1000000001341,Color: Black/Black,Size: Small,,,,Corro Trailer 1,65000,65000,65000,140000,0,0,
0,Rider,1778252234585,Eliot's Trailer,1,Yagya AirTech Half Zip,Rider > Accessories & Apparel > Shirts,1000000001342,Color: Black/Black,Size: Medium,,,,Corro Trailer 1,65000,65000,65000,140000,0,0,0.1550353
18,Rider,1778252234585,Eliot's Trailer,1,Equestrian Wellness Mineral Sun Stick,Rider > Accessories & Apparel > Accessories,EquestrianWellnessMineralSunStick-35Ounces,Size: .35 ounces,,,,,Corro Trailer 1,9000,9000,9000,18000,0,0,0.13479237
1,Rider,1778252234585,Eliot's Trailer,1,Yagya Signature Belt,Rider > Accessories & Apparel > Belts,1000000001331,Size: XS/S,Color: Black/Gold,,,,Corro Trailer 1,120000,120000,120000,260000,0,0,
1,Rider,1778252234585,Eliot's Trailer,1,Yagya Signature Belt,Rider > Accessories & Apparel > Belts,1000000001333,Size: XS/S,Color: Brown/Silver,,,,Corro Trailer 1,120000,120000,120000,260000,0,0,
1,Rider,1778252234585,Eliot's Trailer,1,Yagya Signature Belt,Rider > Accessories & Apparel > Belts,1000000001332,Size: M/L,Color: Black/Gold,,,,Corro Trailer 1,120000,120000,120000,260000,0,0,
1,Rider,1778252234585,Eliot's Trailer,1,Yagya Signature Belt,Rider > Accessories & Apparel > Belts,1000000001334,Size: M/L,Color: Brown/Silver,,,,Corro Trailer 1,120000,120000,120000,260000,0,0,
1,Rider,1778252234585,Eliot's Trailer,1,Yagya Half Zip Short Sleeve,Rider > Accessories & Apparel > Shirts,1000000001420,Color: Navy,Size: XS,,,,Corro Trailer 1,85000,85000,85000,180000,0,0,
1,Rider,1778252234585,Eliot's Trailer,1,Yagya Half Zip Short Sleeve,Rider > Accessories & Apparel > Shirts,1000000001421,Color: Navy,Size: S,,,,Corro Trailer 1,85000,85000,85000,180000,0,0,
2,Rider,1778252234585,Eliot's Trailer,1,Yagya Riding Sock,Rider > Accessories & Apparel > Socks,1000000001459,Color: Navy,Size: One Size,,,,Corro Trailer 1,22000,22000,22000,45000,0,0,0.013276944
1,Rider,1778252234585,Eliot's Trailer,1,Yagya Half Zip Long Sleeve,Rider > Accessories & Apparel > Shirts,1000000001406,Color: Navy,Size: XS,,,,Corro Trailer 1,95000,95000,95000,200000,0,0,
1,Rider,1778252234585,Eliot's Trailer,1,Yagya Half Zip Long Sleeve,Rider > Accessories & Apparel > Shirts,1000000001407,Color: Navy,Size: S,,,,Corro Trailer 1,95000,95000,95000,200000,0,0,
1,Rider,1778252234585,Eliot's Trailer,1,Yagya Half Zip Long Sleeve,Rider > Accessories & Apparel > Shirts,1000000001408,Color: Navy,Size: M,,,,Corro Trailer 1,95000,95000,95000,200000,0,0,
1,Rider,1778252234585,Eliot's Trailer,1,Yagya Half Zip Short Sleeve,Rider > Accessories & Apparel > Shirts,1000000001422,Color: Navy,Size: M,,,,Corro Trailer 1,85000,85000,85000,180000,0,0,
10,Rider,1778252234585,Eliot's Trailer,1,Show the Bows - Kentucky Blues Bows,Rider > Accessories & Apparel > Accessories,PFBOW25,Title: Default Title,,,,,Corro Trailer 1,48750,48750,48750,69990,0,0,
1,Rider,1778252234585,Eliot's Trailer,1,Solid Citizen Jessica Seersucker Equestrian Button-Down Shirt,Rider > Accessories & Apparel > Shirts,SolidCitizenJessicaSeersuckerEquestrianButtonDownShirt-Ivory-XS,Color: Ivory,Size: XS,,,,Corro Trailer 1,0,0,0,145000,0,0,0.21159904
0,Rider,1778252234585,Eliot's Trailer,1,Solid Citizen Jessica Seersucker Equestrian Button-Down Shirt,Rider > Accessories & Apparel > Shirts,SolidCitizenJessicaSeersuckerEquestrianButtonDownShirt-Ivory-M,Color: Ivory,Size: M,,,,Corro Trailer 1,0,0,0,145000,0,0,0.04839836
1,Rider,1778252234585,Eliot's Trailer,1,Solid Citizen Jessica Seersucker Equestrian Button-Down Shirt,Rider > Accessories & Apparel > Shirts,SolidCitizenJessicaSeersuckerEquestrianButtonDownShirt-Ivory-L,Color: Ivory,Size: L,,,,Corro Trailer 1,0,0,0,145000,0,0,
-2,,,,,EnviroEquine Enriched Shampoo IN STORE,"Horse Care > Grooming & Bathing > Shampoos, Conditioners, & Sprays > Shampoos",EEENSH004OZ,Size: 4 Ounces,,,,,Corro Trailer 1,5800,5800,5800,8950,0,0,0.3035507
-1,,,,,EnviroEquine Enriched Shampoo IN STORE,"Horse Care > Grooming & Bathing > Shampoos, Conditioners, & Sprays > Shampoos",C-EEENSH032OZ,Size: 32 Ounces,,,,,Corro Trailer 1,22750,22750,22750,34950,0,0,0.08552089
-2,,,,,EnviroEquine Show Ring Ready Shampoo IN STORE,"Horse Care > Grooming & Bathing > Shampoos, Conditioners, & Sprays > Shampoos",C-691037928002,Size: 32 Ounces,,,,,Corro Trailer 1,22720,22720,22720,34950,0,0,0.13646266
2,Treats / Toys,1778252144214,Eliot's Trailer,1,Cavalor Strucies Healthy Horse Snacks,Horse Care > Treats & Toys > Treats,82696409,Size: 1.5 Kilograms,,,Lot# LL241,2027-02-28,Corro Trailer 1,13450,13450,13450,21350,0,0,0.036522634
1,Rider,1778252234585,Eliot's Trailer,1,TKEQ Sculpt Breeches,Rider > Accessories & Apparel > Breeches,sculptBREECH-cairo-24,Color: Cairo,Size: 24,,,,Corro Trailer 1,95000,95000,95000,199000,0,0,
1,Rider,1778252234585,Eliot's Trailer,1,TKEQ Sculpt Breeches,Rider > Accessories & Apparel > Breeches,sculptBREECH-cairo-26,Color: Cairo,Size: 26,,,,Corro Trailer 1,95000,95000,95000,199000,0,0,
1,Rider,1778252234585,Eliot's Trailer,1,TKEQ Sculpt Breeches,Rider > Accessories & Apparel > Breeches,sculptBREECH-cairo-28,Color: Cairo,Size: 28,,,,Corro Trailer 1,95000,95000,95000,199000,0,0,
1,Rider,1778252234585,Eliot's Trailer,1,TKEQ Sculpt Breeches,Rider > Accessories & Apparel > Breeches,sculptBREECH-cairo-30,Color: Cairo,Size: 30,,,,Corro Trailer 1,95000,95000,95000,199000,0,0,
1,Rider,1778252234585,Eliot's Trailer,1,TKEQ Sculpt Breeches,Rider > Accessories & Apparel > Breeches,sculptBREECH-cairo-32,Color: Cairo,Size: 32,,,,Corro Trailer 1,95000,95000,95000,199000,0,0,
1,Rider,1778252234585,Eliot's Trailer,1,TKEQ Kennedy Seamless 2.0 Long Sleeve,Rider > Accessories & Apparel > Shirts,Ken-2.0-LS-L/XL-candy,Size: XS/S,Color: Iced Out,,,,Corro Trailer 1,41000,41000,41000,85000,0,0,0.0120849395
1,Rider,1778252234585,Eliot's Trailer,1,TKEQ Kennedy Seamless 2.0 Long Sleeve,Rider > Accessories & Apparel > Shirts,Ken-2.0-LS-XSS-candy,Size: XS/S,Color: Candy,,,,Corro Trailer 1,41000,41000,41000,85000,0,0,0.08521244
2,Rider,1778252234585,Eliot's Trailer,1,TKEQ Kennedy Seamless 2.0 Long Sleeve,Rider > Accessories & Apparel > Shirts,Ken-2.0-LS-SM-ice,Size: S/M,Color: Iced Out,,,,Corro Trailer 1,41000,41000,41000,85000,0,0,
2,Rider,1778252234585,Eliot's Trailer,1,TKEQ Kennedy Seamless 2.0 Long Sleeve,Rider > Accessories & Apparel > Shirts,Ken-2.0-LS-SM-candy,Size: S/M,Color: Candy,,,,Corro Trailer 1,41000,41000,41000,85000,0,0,
2,Rider,1778252234585,Eliot's Trailer,1,TKEQ Kennedy Seamless 2.0 Long Sleeve,Rider > Accessories & Apparel > Shirts,Ken-2.0-LS-ML-ice,Size: M/L,Color: Iced Out,,,,Corro Trailer 1,41000,41000,41000,85000,0,0,0.046353165
2,Rider,1778252234585,Eliot's Trailer,1,TKEQ Kennedy Seamless 2.0 Long Sleeve,Rider > Accessories & Apparel > Shirts,Ken-2.0-LS-ML-candy,Size: M/L,Color: Candy,,,,Corro Trailer 1,41000,41000,41000,85000,0,0,
1,Rider,1778252234585,Eliot's Trailer,1,TKEQ Kennedy Seamless 2.0 Long Sleeve,Rider > Accessories & Apparel > Shirts,Ken-2.0-LS-L/XL-ice,Size: L/XL,Color: Iced Out,,,,Corro Trailer 1,41000,41000,41000,85000,0,0,
1,Rider,1778252234585,Eliot's Trailer,1,TKEQ Kennedy Seamless 2.0 Long Sleeve,Rider > Accessories & Apparel > Shirts,Ken-2.0-LS-L/XL-candy,Size: L/XL,Color: Candy,,,,Corro Trailer 1,41000,41000,41000,85000,0,0,
5,Supplements,1778252144213,Eliot's Trailer,1,Poseidon Stress Paste,Horse Care > Supplements > Calming & Focus,POS-STRESS-ST,Size: Single Tube,,,,,Corro Trailer 1,16630,16630,16630,26000,0,0,
1,Supplements,1778252144213,Eliot's Trailer,1,Poseidon Digestive HP,Horse Care > Supplements > Digestive & Gut Health,POS-DIGESTHP-10,Size: 10 Pound,,,,,Corro Trailer 1,93100,93100,93100,133000,0,0,0.046276525
2,Supplements,1778252144213,Eliot's Trailer,1,Poseidon MetaboLize,Horse Care > Supplements > Metabolic,PoseidonMetabolize-180g,Size: 180g,,,,,Corro Trailer 1,98000,98000,98000,140000,0,0,
1,Cycle Counts,1784643477553,Eliot's Trailer,1,Eloveá Quito Waterproof Leather Stable Boots by Jake Adams Equestrian,Rider > Footwear > Boots,PB-QUITO-35,Size: 35,,,,,Corro Trailer 1,158950,158950,158950,289000,0,0,
1,Cycle Counts,1784643477553,Eliot's Trailer,1,Eloveá Quito Waterproof Leather Stable Boots by Jake Adams Equestrian,Rider > Footwear > Boots,PB-QUITO-36,Size: 36,,,,,Corro Trailer 1,158950,158950,158950,289000,0,0,
1,Cycle Counts,1784643477553,Eliot's Trailer,1,Eloveá Quito Waterproof Leather Stable Boots by Jake Adams Equestrian,Rider > Footwear > Boots,PB-QUITO-37,Size: 37,,,,,Corro Trailer 1,158950,158950,158950,289000,0,0,
2,Cycle Counts,1784643477553,Eliot's Trailer,1,Eloveá Quito Waterproof Leather Stable Boots by Jake Adams Equestrian,Rider > Footwear > Boots,PB-QUITO-38,Size: 38,,,,,Corro Trailer 1,158950,158950,158950,289000,0,0,
2,Cycle Counts,1784643477553,Eliot's Trailer,1,Eloveá Quito Waterproof Leather Stable Boots by Jake Adams Equestrian,Rider > Footwear > Boots,PB-QUITO-39,Size: 39,,,,,Corro Trailer 1,158950,158950,158950,289000,0,0,0.07839711
1,Cycle Counts,1784643477553,Eliot's Trailer,1,Eloveá Quito Waterproof Leather Stable Boots by Jake Adams Equestrian,Rider > Footwear > Boots,PB-QUITO-40,Size: 40,,,,,Corro Trailer 1,158950,158950,158950,289000,0,0,0.041257657
1,Cycle Counts,1784643477553,Eliot's Trailer,1,Eloveá Quito Waterproof Leather Stable Boots by Jake Adams Equestrian,Rider > Footwear > Boots,PB-QUITO-41,Size: 41,,,,,Corro Trailer 1,158950,158950,158950,289000,0,0,0.08555799
1,Cycle Counts,1784643477553,Eliot's Trailer,1,Eloveá Quito Waterproof Leather Stable Boots by Jake Adams Equestrian,Rider > Footwear > Boots,PB-QUITO-44,Size: 44,,,,,Corro Trailer 1,158950,158950,158950,289000,0,0,
1,Cycle Counts,1784643477553,Eliot's Trailer,1,Eloveá Quito Waterproof Leather Stable Boots by Jake Adams Equestrian,Rider > Footwear > Boots,PB-QUITO-45,Size: 45,,,,,Corro Trailer 1,158950,158950,158950,289000,0,0,
6,Grooming,1778252024408,Eliot's Trailer,1,Epona Nature's Sweat Scraper,Horse Care > Grooming & Bathing > Brushes & Tools > Sweat Scrapers,1099,Title: Default Title,,,,,Corro Trailer 1,4760,4760,4760,9970,0,0,0.08244961
4,Grooming,1778252024408,Eliot's Trailer,1,Grooming Deluxe Mane Brush,Horse Care > Grooming & Bathing > Brushes & Tools > Brushes & Combs,82141-05,Title: Default Title,,,,,Corro Trailer 1,10410,10410,10410,49990,0,0,
1,Rider,1778252234585,Eliot's Trailer,1,Yagya Lightweight Long Sleeve,Rider > Accessories & Apparel > Shirts,1000000000780,Size: Small,Color: Black,,,,Corro Trailer 1,55000,55000,55000,160000,0,0,
0,Rider,1778252234585,Eliot's Trailer,1,Yagya Timeless Riding Breeches,Rider > Accessories & Apparel > Breeches,1000000001260,Color: Tan,Size: M,,,,Corro Trailer 1,195000,195000,195000,390000,0,0,0.11717074
1,Rider,1778252234585,Eliot's Trailer,1,Yagya Timeless Riding Breeches,Rider > Accessories & Apparel > Breeches,1000000001261,Color: Tan,Size: L,,,,Corro Trailer 1,195000,195000,195000,390000,0,0,
2,Rider,1778252234585,Eliot's Trailer,1,Yagya Timeless Riding Breeches,Rider > Accessories & Apparel > Breeches,1000000001259,Color: Tan,Size: S,,,,Corro Trailer 1,195000,195000,195000,390000,0,0,0.13122752
1,Rider,1778252234585,Eliot's Trailer,1,Yagya Timeless Riding Breeches,Rider > Accessories & Apparel > Breeches,1000000001258,Color: Tan,Size: XS,,,,Corro Trailer 1,195000,195000,195000,390000,0,0,0.017984457
1,Rider,1778252234585,Eliot's Trailer,1,Yagya AirTech Full Zip,Rider > Accessories & Apparel > Shirts,1000000001356,Color: Black/Black,Size: Medium,,,,Corro Trailer 1,65000,65000,65000,150000,0,0,
1,Rider,1778252234585,Eliot's Trailer,1,Yagya AirTech Full Zip,Rider > Accessories & Apparel > Shirts,1000000001357,Color: Black/Black,Size: Large,,,,Corro Trailer 1,65000,65000,65000,150000,0,0,
1,Rider,1778252234585,Eliot's Trailer,1,Yagya AirTech Full Zip,Rider > Accessories & Apparel > Shirts,1000000001354,Color: Black/Black,Size: XS,,,,Corro Trailer 1,65000,65000,65000,150000,0,0,
1,Rider,1778252234585,Eliot's Trailer,1,Yagya AirTech Full Zip,Rider > Accessories & Apparel > Shirts,1000000001355,Color: Black/Black,Size: Small,,,,Corro Trailer 1,65000,65000,65000,150000,0,0,
0,Rider,1778252234585,Eliot's Trailer,1,Yagya Timeless Riding Breeches,Rider > Accessories & Apparel > Breeches,1000000001037,Color: White,Size: XS,,,,Corro Trailer 1,195000,195000,195000,390000,0,0,0.018598277
0,Rider,1778252234585,Eliot's Trailer,1,Yagya Timeless Riding Breeches,Rider > Accessories & Apparel > Breeches,1000000001038,Color: White,Size: S,,,,Corro Trailer 1,195000,195000,195000,390000,0,0,0.020106375
0,Rider,1778252234585,Eliot's Trailer,1,Yagya Timeless Mesh Show Shirt,Rider > Accessories & Apparel > Shirts,1000000001053,Size: Medium,Color: White/White,,,,Corro Trailer 1,80000,80000,80000,230000,0,0,0.11717074
1,Rider,1778252234585,Eliot's Trailer,1,Yagya Timeless Mesh Show Shirt,Rider > Accessories & Apparel > Shirts,1000000001054,Size: Large,Color: White/White,,,,Corro Trailer 1,80000,80000,80000,230000,0,0,
1,Rider,1778252234585,Eliot's Trailer,1,Yagya Timeless Mesh Show Shirt,Rider > Accessories & Apparel > Shirts,1000000001051,Size: XS,Color: White/White,,,,Corro Trailer 1,80000,80000,80000,230000,0,0,
1,Rider,1778252234585,Eliot's Trailer,1,Yagya Timeless Mesh Show Shirt,Rider > Accessories & Apparel > Shirts,1000000001052,Size: Small,Color: White/White,,,,Corro Trailer 1,80000,80000,80000,230000,0,0,
0,Rider,1778252234585,Eliot's Trailer,1,Yagya Timeless Mesh Show Shirt,Rider > Accessories & Apparel > Shirts,1000000001310,Size: Medium,Color: Black,,,,Corro Trailer 1,80000,80000,80000,230000,0,0,0.017933581
1,Rider,1778252234585,Eliot's Trailer,1,Yagya Timeless Mesh Show Shirt,Rider > Accessories & Apparel > Shirts,1000000001311,Size: Large,Color: Black,,,,Corro Trailer 1,80000,80000,80000,230000,0,0,
0,Rider,1778252234585,Eliot's Trailer,1,Yagya Timeless Mesh Show Shirt,Rider > Accessories & Apparel > Shirts,1000000001308,Size: XS,Color: Black,,,,Corro Trailer 1,80000,80000,80000,230000,0,0,
1,Rider,1778252234585,Eliot's Trailer,1,Yagya Timeless Mesh Show Shirt,Rider > Accessories & Apparel > Shirts,1000000001309,Size: Small,Color: Black,,,,Corro Trailer 1,80000,80000,80000,230000,0,0,
1,Rider,1778252234585,Eliot's Trailer,1,LeMieux Brilliance Knee Grip Breeches,Rider > Accessories & Apparel > Breeches,IT09156014,Color: Espresso,Size: 8,,,,Corro Trailer 1,75680,75680,75680,149950,0,0,
1,Rider,1778252234585,Eliot's Trailer,1,LeMieux Brilliance Knee Grip Breeches,Rider > Accessories & Apparel > Breeches,IT09156018,Color: Espresso,Size: 4,,,,Corro Trailer 1,75680,75680,75680,149950,0,0,
1,Rider,1778252234585,Eliot's Trailer,1,LeMieux Brilliance Knee Grip Breeches,Rider > Accessories & Apparel > Breeches,IT08825015,Color: Navy,Size: 10,,,,Corro Trailer 1,75680,75680,75680,149950,0,0,
0,Rider,1778252234585,Eliot's Trailer,1,LeMieux Brilliance Knee Grip Breeches,Rider > Accessories & Apparel > Breeches,IT08826017,Color: White,Size: 2,,,,Corro Trailer 1,75680,75680,75680,149950,0,0,
1,Rider,1778252234585,Eliot's Trailer,1,LeMieux Brilliance Knee Grip Breeches,Rider > Accessories & Apparel > Breeches,IT08826015,Color: White,Size: 10,,,,Corro Trailer 1,75680,75680,75680,149950,0,0,
1,Rider,1778252234585,Eliot's Trailer,1,LeMieux Brilliance Knee Grip Breeches,Rider > Accessories & Apparel > Breeches,IT08825014,Color: Navy,Size: 8,,,,Corro Trailer 1,75680,75680,75680,149950,0,0,
0,Rider,1778252234585,Eliot's Trailer,1,LeMieux Brilliance Knee Grip Breeches,Rider > Accessories & Apparel > Breeches,IT09156013,Color: Espresso,Size: 6,,,,Corro Trailer 1,75680,75680,75680,149950,0,0,0.09270633
1,Rider,1778252234585,Eliot's Trailer,1,LeMieux Brilliance Knee Grip Breeches,Rider > Accessories & Apparel > Breeches,IT08825013,Color: Navy,Size: 6,,,,Corro Trailer 1,75680,75680,75680,149950,0,0,0.01796617
1,Rider,1778252234585,Eliot's Trailer,1,LeMieux Brilliance Knee Grip Breeches,Rider > Accessories & Apparel > Breeches,IT09156015,Color: Espresso,Size: 10,,,,Corro Trailer 1,75680,75680,75680,149950,0,0,
1,Rider,1778252234585,Eliot's Trailer,1,LeMieux Brilliance Knee Grip Breeches,Rider > Accessories & Apparel > Breeches,IT08825018,Color: Navy,Size: 4,,,,Corro Trailer 1,75680,75680,75680,149950,0,0,
1,Rider,1778252234585,Eliot's Trailer,1,LeMieux Brilliance Knee Grip Breeches,Rider > Accessories & Apparel > Breeches,IT08826018,Color: White,Size: 4,,,,Corro Trailer 1,75680,75680,75680,149950,0,0,
0,Rider,1778252234585,Eliot's Trailer,1,LeMieux Brilliance Knee Grip Breeches,Rider > Accessories & Apparel > Breeches,IT08826014,Color: White,Size: 8,,,,Corro Trailer 1,75680,75680,75680,149950,0,0,
1,Rider,1778252234585,Eliot's Trailer,1,LeMieux Brilliance Knee Grip Breeches,Rider > Accessories & Apparel > Breeches,IT09156017,Color: Espresso,Size: 2,,,,Corro Trailer 1,75680,75680,75680,149950,0,0,
1,Rider,1778252234585,Eliot's Trailer,1,LeMieux Brilliance Knee Grip Breeches,Rider > Accessories & Apparel > Breeches,IT08826013,Color: White,Size: 6,,,,Corro Trailer 1,75680,75680,75680,149950,0,0,
1,Rider,1778252234585,Eliot's Trailer,1,LeMieux Brilliance Knee Grip Breeches,Rider > Accessories & Apparel > Breeches,IT08825017,Color: Navy,Size: 2,,,,Corro Trailer 1,75680,75680,75680,149950,0,0,
1,Rider,1778252234585,Eliot's Trailer,1,LeMieux Brilliance Knee Grip Breeches,Rider > Accessories & Apparel > Breeches,IT08824017,Color: Black,Size: 2,,,,Corro Trailer 1,75680,75680,75680,149950,0,0,
0,Rider,1778252234585,Eliot's Trailer,1,LeMieux Brilliance Knee Grip Breeches,Rider > Accessories & Apparel > Breeches,IT08824013,Color: Black,Size: 6,,,,Corro Trailer 1,75680,75680,75680,149950,0,0,0.07129191
1,Rider,1778252234585,Eliot's Trailer,1,LeMieux Brilliance Knee Grip Breeches,Rider > Accessories & Apparel > Breeches,IT08824014,Color: Black,Size: 8,,,,Corro Trailer 1,75680,75680,75680,149950,0,0,
1,Rider,1778252234585,Eliot's Trailer,1,LeMieux Brilliance Knee Grip Breeches,Rider > Accessories & Apparel > Breeches,IT08824018,Color: Black,Size: 4,,,,Corro Trailer 1,75680,75680,75680,149950,0,0,
1,Rider,1778252234585,Eliot's Trailer,1,LeMieux Brilliance Knee Grip Breeches,Rider > Accessories & Apparel > Breeches,IT08824015,Color: Black,Size: 10,,,,Corro Trailer 1,75680,75680,75680,149950,0,0,
1,Rider,1778252234585,Eliot's Trailer,1,LeMieux Brilliance Full Seat Breeches,Rider > Accessories & Apparel > Breeches,IT08821018,Color: Black,Size: 4,,,,Corro Trailer 1,75680,75680,75680,149950,0,0,0.036062967
1,Rider,1778252234585,Eliot's Trailer,1,LeMieux Brilliance Full Seat Breeches,Rider > Accessories & Apparel > Breeches,IT08822018,Color: Navy,Size: 4,,,,Corro Trailer 1,75680,75680,75680,149950,0,0,
1,Rider,1778252234585,Eliot's Trailer,1,LeMieux Brilliance Full Seat Breeches,Rider > Accessories & Apparel > Breeches,IT08822013,Color: Navy,Size: 6,,,,Corro Trailer 1,75680,75680,75680,149950,0,0,
1,Rider,1778252234585,Eliot's Trailer,1,LeMieux Brilliance Full Seat Breeches,Rider > Accessories & Apparel > Breeches,IT09157013,Color: Espresso,Size: 6,,,,Corro Trailer 1,75680,75680,75680,149950,0,0,
1,Rider,1778252234585,Eliot's Trailer,1,LeMieux Brilliance Full Seat Breeches,Rider > Accessories & Apparel > Breeches,IT08822017,Color: Navy,Size: 2,,,,Corro Trailer 1,75680,75680,75680,149950,0,0,
1,Rider,1778252234585,Eliot's Trailer,1,LeMieux Brilliance Full Seat Breeches,Rider > Accessories & Apparel > Breeches,IT08821017,Color: Black,Size: 2,,,,Corro Trailer 1,75680,75680,75680,149950,0,0,
1,Rider,1778252234585,Eliot's Trailer,1,LeMieux Brilliance Full Seat Breeches,Rider > Accessories & Apparel > Breeches,IT08821014,Color: Black,Size: 8,,,,Corro Trailer 1,75680,75680,75680,149950,0,0,
1,Rider,1778252234585,Eliot's Trailer,1,LeMieux Brilliance Full Seat Breeches,Rider > Accessories & Apparel > Breeches,IT08823018,Color: White,Size: 4,,,,Corro Trailer 1,75680,75680,75680,149950,0,0,0.052901614
1,Rider,1778252234585,Eliot's Trailer,1,LeMieux Brilliance Full Seat Breeches,Rider > Accessories & Apparel > Breeches,IT08823015,Color: White,Size: 10,,,,Corro Trailer 1,75680,75680,75680,149950,0,0,
1,Rider,1778252234585,Eliot's Trailer,1,LeMieux Brilliance Full Seat Breeches,Rider > Accessories & Apparel > Breeches,IT08822014,Color: Navy,Size: 8,,,,Corro Trailer 1,75680,75680,75680,149950,0,0,
1,Rider,1778252234585,Eliot's Trailer,1,LeMieux Brilliance Full Seat Breeches,Rider > Accessories & Apparel > Breeches,IT08821013,Color: Black,Size: 6,,,,Corro Trailer 1,75680,75680,75680,149950,0,0,
1,Rider,1778252234585,Eliot's Trailer,1,LeMieux Brilliance Full Seat Breeches,Rider > Accessories & Apparel > Breeches,IT09157018,Color: Espresso,Size: 4,,,,Corro Trailer 1,75680,75680,75680,149950,0,0,
1,Rider,1778252234585,Eliot's Trailer,1,LeMieux Brilliance Full Seat Breeches,Rider > Accessories & Apparel > Breeches,IT09157015,Color: Espresso,Size: 10,,,,Corro Trailer 1,75680,75680,75680,149950,0,0,
1,Rider,1778252234585,Eliot's Trailer,1,LeMieux Brilliance Full Seat Breeches,Rider > Accessories & Apparel > Breeches,IT08821015,Color: Black,Size: 10,,,,Corro Trailer 1,75680,75680,75680,149950,0,0,
1,Rider,1778252234585,Eliot's Trailer,1,LeMieux Brilliance Full Seat Breeches,Rider > Accessories & Apparel > Breeches,IT08822015,Color: Navy,Size: 10,,,,Corro Trailer 1,75680,75680,75680,149950,0,0,
1,Rider,1778252234585,Eliot's Trailer,1,LeMieux Brilliance Full Seat Breeches,Rider > Accessories & Apparel > Breeches,IT08823013,Color: White,Size: 6,,,,Corro Trailer 1,75680,75680,75680,149950,0,0,
1,Rider,1778252234585,Eliot's Trailer,1,LeMieux Brilliance Full Seat Breeches,Rider > Accessories & Apparel > Breeches,IT09157017,Color: Espresso,Size: 2,,,,Corro Trailer 1,75680,75680,75680,149950,0,0,
1,Rider,1778252234585,Eliot's Trailer,1,LeMieux Brilliance Full Seat Breeches,Rider > Accessories & Apparel > Breeches,IT09157014,Color: Espresso,Size: 8,,,,Corro Trailer 1,75680,75680,75680,149950,0,0,
1,Rider,1778252234585,Eliot's Trailer,1,LeMieux Brilliance Full Seat Breeches,Rider > Accessories & Apparel > Breeches,IT08823017,Color: White,Size: 2,,,,Corro Trailer 1,75680,75680,75680,149950,0,0,
1,Rider,1778252234585,Eliot's Trailer,1,LeMieux Brilliance Full Seat Breeches,Rider > Accessories & Apparel > Breeches,IT08823014,Color: White,Size: 8,,,,Corro Trailer 1,75680,75680,75680,149950,0,0,
1,Rider,1778252234585,Eliot's Trailer,1,LeMieux Brilliance Heyden Lightweight Base Layer,Rider > Accessories & Apparel > Shirts,IT08832017,Size: 2,Color: Black,,,,Corro Trailer 1,52020,52020,52020,99950,0,0,
1,Rider,1778252234585,Eliot's Trailer,1,LeMieux Brilliance Heyden Lightweight Base Layer,Rider > Accessories & Apparel > Shirts,IT08833014,Size: 8,Color: Espresso,,,,Corro Trailer 1,52020,52020,52020,99950,0,0,
1,Rider,1778252234585,Eliot's Trailer,1,LeMieux Brilliance Heyden Lightweight Base Layer,Rider > Accessories & Apparel > Shirts,IT08834015,Size: 10,Color: Navy,,,,Corro Trailer 1,52020,52020,52020,99950,0,0,
1,Rider,1778252234585,Eliot's Trailer,1,LeMieux Brilliance Heyden Lightweight Base Layer,Rider > Accessories & Apparel > Shirts,IT08832015,Size: 10,Color: Black,,,,Corro Trailer 1,52020,52020,52020,99950,0,0,
1,Rider,1778252234585,Eliot's Trailer,1,LeMieux Brilliance Heyden Lightweight Base Layer,Rider > Accessories & Apparel > Shirts,IT08832013,Size: 6,Color: Black,,,,Corro Trailer 1,52020,52020,52020,99950,0,0,
1,Rider,1778252234585,Eliot's Trailer,1,LeMieux Brilliance Heyden Lightweight Base Layer,Rider > Accessories & Apparel > Shirts,IT08834018,Size: 4,Color: Navy,,,,Corro Trailer 1,52020,52020,52020,99950,0,0,
1,Rider,1778252234585,Eliot's Trailer,1,LeMieux Brilliance Heyden Lightweight Base Layer,Rider > Accessories & Apparel > Shirts,IT08833015,Size: 10,Color: Espresso,,,,Corro Trailer 1,52020,52020,52020,99950,0,0,
1,Rider,1778252234585,Eliot's Trailer,1,LeMieux Brilliance Heyden Lightweight Base Layer,Rider > Accessories & Apparel > Shirts,IT08833013,Size: 6,Color: Espresso,,,,Corro Trailer 1,52020,52020,52020,99950,0,0,0.046353165
1,Rider,1778252234585,Eliot's Trailer,1,LeMieux Brilliance Heyden Lightweight Base Layer,Rider > Accessories & Apparel > Shirts,IT08833018,Size: 4,Color: Espresso,,,,Corro Trailer 1,52020,52020,52020,99950,0,0,
1,Rider,1778252234585,Eliot's Trailer,1,LeMieux Brilliance Heyden Lightweight Base Layer,Rider > Accessories & Apparel > Shirts,IT08834013,Size: 6,Color: Navy,,,,Corro Trailer 1,52020,52020,52020,99950,0,0,0.01796617
1,Rider,1778252234585,Eliot's Trailer,1,LeMieux Brilliance Heyden Lightweight Base Layer,Rider > Accessories & Apparel > Shirts,IT08833017,Size: 2,Color: Espresso,,,,Corro Trailer 1,52020,52020,52020,99950,0,0,
1,Rider,1778252234585,Eliot's Trailer,1,LeMieux Brilliance Heyden Lightweight Base Layer,Rider > Accessories & Apparel > Shirts,IT08832014,Size: 8,Color: Black,,,,Corro Trailer 1,52020,52020,52020,99950,0,0,
1,Rider,1778252234585,Eliot's Trailer,1,LeMieux Brilliance Heyden Lightweight Base Layer,Rider > Accessories & Apparel > Shirts,IT08834014,Size: 8,Color: Navy,,,,Corro Trailer 1,52020,52020,52020,99950,0,0,
1,Rider,1778252234585,Eliot's Trailer,1,LeMieux Brilliance Heyden Lightweight Base Layer,Rider > Accessories & Apparel > Shirts,IT08834017,Size: 2,Color: Navy,,,,Corro Trailer 1,52020,52020,52020,99950,0,0,0.051761713
1,Rider,1778252234585,Eliot's Trailer,1,LeMieux Brilliance T-Shirt,Rider > Accessories & Apparel > Shirts,IT08891018,Color: Navy,Size: 4,,,,Corro Trailer 1,28350,28350,28350,54950,0,0,
1,Rider,1778252234585,Eliot's Trailer,1,LeMieux Brilliance T-Shirt,Rider > Accessories & Apparel > Shirts,IT08891017,Color: Navy,Size: 2,,,,Corro Trailer 1,28350,28350,28350,54950,0,0,
1,Rider,1778252234585,Eliot's Trailer,1,LeMieux Brilliance T-Shirt,Rider > Accessories & Apparel > Shirts,IT08890018,Color: Black,Size: 4,,,,Corro Trailer 1,28350,28350,28350,54950,0,0,
1,Rider,1778252234585,Eliot's Trailer,1,LeMieux Brilliance T-Shirt,Rider > Accessories & Apparel > Shirts,IT08890017,Color: Black,Size: 2,,,,Corro Trailer 1,28350,28350,28350,54950,0,0,
1,Rider,1778252234585,Eliot's Trailer,1,LeMieux Brilliance T-Shirt,Rider > Accessories & Apparel > Shirts,IT08890015,Color: Black,Size: 10,,,,Corro Trailer 1,28350,28350,28350,54950,0,0,
1,Rider,1778252234585,Eliot's Trailer,1,LeMieux Brilliance T-Shirt,Rider > Accessories & Apparel > Shirts,IT08890013,Color: Black,Size: 6,,,,Corro Trailer 1,28350,28350,28350,54950,0,0,
1,Rider,1778252234585,Eliot's Trailer,1,LeMieux Brilliance T-Shirt,Rider > Accessories & Apparel > Shirts,IT08891013,Color: Navy,Size: 6,,,,Corro Trailer 1,28350,28350,28350,54950,0,0,0.01796617
1,Rider,1778252234585,Eliot's Trailer,1,LeMieux Brilliance T-Shirt,Rider > Accessories & Apparel > Shirts,IT08891015,Color: Navy,Size: 10,,,,Corro Trailer 1,28350,28350,28350,54950,0,0,
1,Rider,1778252234585,Eliot's Trailer,1,LeMieux Brilliance T-Shirt,Rider > Accessories & Apparel > Shirts,IT08890014,Color: Black,Size: 8,,,,Corro Trailer 1,28350,28350,28350,54950,0,0,
1,Rider,1778252234585,Eliot's Trailer,1,LeMieux Brilliance T-Shirt,Rider > Accessories & Apparel > Shirts,IT08891014,Color: Navy,Size: 8,,,,Corro Trailer 1,28350,28350,28350,54950,0,0,
1,Rider,1778252234585,Eliot's Trailer,1,LeMieux Crystal Insert Belt,Rider > Accessories & Apparel > Belts,IT05552004,Size: Medium,Color: Brown,,,,Corro Trailer 1,37330,37330,37330,74950,0,0,
1,Rider,1778252234585,Eliot's Trailer,1,LeMieux Crystal Insert Belt,Rider > Accessories & Apparel > Belts,IT04760005,Size: Large,Color: Black,,,,Corro Trailer 1,37330,37330,37330,74950,0,0,
1,Rider,1778252234585,Eliot's Trailer,1,LeMieux Crystal Insert Belt,Rider > Accessories & Apparel > Belts,IT05552005,Size: Large,Color: Brown,,,,Corro Trailer 1,37330,37330,37330,74950,0,0,
1,Tack,1778180207021,Eliot's Trailer,1,"AJR 1 1/4"" Wide Noseband - Hunter Collection","Tack & Equipment > Bridles, Headstalls & Reins > English Bridles & Reins > Bridle Accessories",NSBD-074-F,Color: Brown,Size: Full,,,,Corro Trailer 1,78880,78880,78880,136000,0,0,
1,Tack,1778180207021,Eliot's Trailer,1,"AJR 1 1/4"" Wide Noseband - Hunter Collection","Tack & Equipment > Bridles, Headstalls & Reins > English Bridles & Reins > Bridle Accessories",NSBD-074-C,Color: Brown,Size: Cob,,,,Corro Trailer 1,78880,78880,78880,136000,0,0,
1,Tack,1778180207021,Eliot's Trailer,1,AJR Crank Noseband - Hunter Collection,"Tack & Equipment > Bridles, Headstalls & Reins > English Bridles & Reins > Bridle Accessories",NSBD-025-F,Color: Brown,Size: Full,,,,Corro Trailer 1,114840,114840,114840,198000,0,0,
1,Tack,1778180207021,Eliot's Trailer,1,AJR Crank Noseband - Hunter Collection,"Tack & Equipment > Bridles, Headstalls & Reins > English Bridles & Reins > Bridle Accessories",NSBD-025-C,Color: Brown,Size: Cob,,,,Corro Trailer 1,114840,114840,114840,198000,0,0,
2,Tack,1778180207021,Eliot's Trailer,1,Jake Adams Anatomic Stud Belly Guard Girth with Motion Foam Liner,Tack & Equipment > Girths & Cinches > English Girths > Hunter/Jumper Girths,GRT-ASBMFL-036-130,Size: 130 cm,,,,,Corro Trailer 1,217250,217250,217250,395000,0,0,
1,Tack,1778180207021,Eliot's Trailer,1,Jake Adams Anatomic Stud Belly Guard Girth with Motion Foam Liner,Tack & Equipment > Girths & Cinches > English Girths > Hunter/Jumper Girths,GRT-ASBMFL-036-125,Size: 125 cm,,,,,Corro Trailer 1,217250,217250,217250,395000,0,0,
1,Tack,1778180207021,Eliot's Trailer,1,Jake Adams Anatomic Stud Belly Guard Girth with Motion Foam Liner,Tack & Equipment > Girths & Cinches > English Girths > Hunter/Jumper Girths,GRT-ASBMFL-036-115,Size: 115 cm,,,,,Corro Trailer 1,217250,217250,217250,395000,0,0,
1,Tack,1778180207021,Eliot's Trailer,1,Jake Adams Anatomic Stud Belly Guard Girth with Motion Foam Liner,Tack & Equipment > Girths & Cinches > English Girths > Hunter/Jumper Girths,GRT-ASBMFL-036-120,Size: 120 cm,,,,,Corro Trailer 1,217250,217250,217250,395000,0,0,
1,Tack,1778180207021,Eliot's Trailer,1,Jake Adams Anatomic Jumper Girth with Motion Foam Liner,Tack & Equipment > Girths & Cinches > English Girths > Hunter/Jumper Girths,GRT-AJMFL-029-125,Size: 125 cm,,,,,Corro Trailer 1,200750,200750,200750,365000,0,0,
1,Tack,1778180207021,Eliot's Trailer,1,Jake Adams Anatomic Jumper Girth with Motion Foam Liner,Tack & Equipment > Girths & Cinches > English Girths > Hunter/Jumper Girths,GRT-AJMFL-029-120,Size: 120 cm,,,,,Corro Trailer 1,200750,200750,200750,365000,0,0,
1,Tack,1778180207021,Eliot's Trailer,1,Jake Adams Anatomic Jumper Girth with Motion Foam Liner,Tack & Equipment > Girths & Cinches > English Girths > Hunter/Jumper Girths,GRT-AJMFL-029-130,Size: 130 cm,,,,,Corro Trailer 1,200750,200750,200750,365000,0,0,
2,Tack,1778180207021,Eliot's Trailer,1,Jake Adams Equestrian Anatomic Hunter Girth with Motion Foam Liner,Tack & Equipment > Girths & Cinches > English Girths > Hunter/Jumper Girths,GRT-AHMFL-028-125,Size: 125 cm,,,,,Corro Trailer 1,159500,159500,159500,290000,0,0,
1,Tack,1778180207021,Eliot's Trailer,1,Jake Adams Equestrian Anatomic Hunter Girth with Motion Foam Liner,Tack & Equipment > Girths & Cinches > English Girths > Hunter/Jumper Girths,GRT-AHMFL-028-120,Size: 120 cm,,,,,Corro Trailer 1,159500,159500,159500,290000,0,0,
0,Tack,1778180207021,Eliot's Trailer,1,Jake Adams Equestrian Anatomic Hunter Girth with Motion Foam Liner,Tack & Equipment > Girths & Cinches > English Girths > Hunter/Jumper Girths,GRT-AHMFL-028-115,Size: 115 cm,,,,,Corro Trailer 1,159500,159500,159500,290000,0,0,
2,Tack,1778180207021,Eliot's Trailer,1,Jake Adams Equestrian Anatomic Hunter Girth with Motion Foam Liner,Tack & Equipment > Girths & Cinches > English Girths > Hunter/Jumper Girths,GRT-AHMFL-028-110,Size: 110 cm,,,,,Corro Trailer 1,159500,159500,159500,290000,0,0,
2,Tack,1778180207021,Eliot's Trailer,1,Jake Adams Equestrian Anatomic Hunter Girth with Motion Foam Liner,Tack & Equipment > Girths & Cinches > English Girths > Hunter/Jumper Girths,GRT-AHMFL-028-130,Size: 130 cm,,,,,Corro Trailer 1,159500,159500,159500,290000,0,0,
1,Tack,1778180207021,Eliot's Trailer,1,Jake Adams Equestrian Anatomic Stud Belly Guard Girth with TechWool Liner,Tack & Equipment > Girths & Cinches > English Girths > Hunter/Jumper Girths,GRT-ASBTWL-027-130,Size: 130 cm,,,,,Corro Trailer 1,233750,233750,233750,425000,0,0,
1,Tack,1778180207021,Eliot's Trailer,1,Jake Adams Equestrian Techwool Replacement Liner for Anatomic Hunter Girth,Tack & Equipment > Girths & Cinches > English Girths > Hunter/Jumper Girths,GRT-AHTWRL-033-120,Size: 120 cm,,,,,Corro Trailer 1,63250,63250,63250,115000,0,0,
1,Tack,1778180207021,Eliot's Trailer,1,Jake Adams Equestrian Techwool Replacement Liner for Anatomic Hunter Girth,Tack & Equipment > Girths & Cinches > English Girths > Hunter/Jumper Girths,GRT-AHTWRL-033-130,Size: 130 cm,,,,,Corro Trailer 1,63250,63250,63250,115000,0,0,
1,Tack,1778180207021,Eliot's Trailer,1,Jake Adams Equestrian Techwool Replacement Liner for Anatomic Hunter Girth,Tack & Equipment > Girths & Cinches > English Girths > Hunter/Jumper Girths,GRT-AHTWRL-033-125,Size: 125 cm,,,,,Corro Trailer 1,63250,63250,63250,115000,0,0,
1,Tack,1778180207021,Eliot's Trailer,1,Jake Adams Equestrian Anatomic Hunter Girth with Motion Foam Liner,Tack & Equipment > Girths & Cinches > English Girths > Hunter/Jumper Girths,GRT-AHMFL-028-145,Size: 145 cm,,,,,Corro Trailer 1,159500,159500,159500,290000,0,0,
1,Tack,1778180207021,Eliot's Trailer,1,Jake Adams Equestrian Anatomic Hunter Girth with Motion Foam Liner,Tack & Equipment > Girths & Cinches > English Girths > Hunter/Jumper Girths,GRT-AHMFL-028-140,Size: 140 cm,,,,,Corro Trailer 1,159500,159500,159500,290000,0,0,
2,Tack,1778180207021,Eliot's Trailer,1,Jake Adams Equestrian Anatomic Hunter Girth with Motion Foam Liner,Tack & Equipment > Girths & Cinches > English Girths > Hunter/Jumper Girths,GRT-AHMFL-028-135,Size: 135 cm,,,,,Corro Trailer 1,159500,159500,159500,290000,0,0,
1,Tack,1778180207021,Eliot's Trailer,1,Jake Adams Anatomic Jumper Girth with Motion Foam Liner,Tack & Equipment > Girths & Cinches > English Girths > Hunter/Jumper Girths,GRT-AJMFL-029-135,Size: 135 cm,,,,,Corro Trailer 1,200750,200750,200750,365000,0,0,
1,Tack,1778180207021,Eliot's Trailer,1,Jake Adams Equestrian Techwool Replacement Liner for Anatomic Stud Belly Guard Girth,Tack & Equipment > Girths & Cinches > English Girths > Hunter/Jumper Girths,GRT-ASBTWRL-035-120,Size: 120 cm,,,,,Corro Trailer 1,74250,74250,74250,135000,0,0,
1,Tack,1778180207021,Eliot's Trailer,1,Jake Adams Equestrian Techwool Replacement Liner for Anatomic Stud Belly Guard Girth,Tack & Equipment > Girths & Cinches > English Girths > Hunter/Jumper Girths,GRT-ASBTWRL-035-125,Size: 125 cm,,,,,Corro Trailer 1,74250,74250,74250,135000,0,0,
1,Tack,1778180207021,Eliot's Trailer,1,Jake Adams Equestrian Techwool Replacement Liner for Anatomic Stud Belly Guard Girth,Tack & Equipment > Girths & Cinches > English Girths > Hunter/Jumper Girths,GRT-ASBTWRL-035-130,Size: 130 cm,,,,,Corro Trailer 1,74250,74250,74250,135000,0,0,
1,Tack,1778180207021,Eliot's Trailer,1,Jake Adams Anatomic Stud Belly Guard Girth with Motion Foam Liner,Tack & Equipment > Girths & Cinches > English Girths > Hunter/Jumper Girths,GRT-ASBMFL-036-140,Size: 140 cm,,,,,Corro Trailer 1,217250,217250,217250,395000,0,0,
1,Tack,1778180207021,Eliot's Trailer,1,Jake Adams Anatomic Stud Belly Guard Girth with Motion Foam Liner,Tack & Equipment > Girths & Cinches > English Girths > Hunter/Jumper Girths,GRT-ASBMFL-036-135,Size: 135 cm,,,,,Corro Trailer 1,217250,217250,217250,395000,0,0,
2,Tack,1778180207021,Eliot's Trailer,1,Jake Adams Equestrian Cheekpieces Hunter Collection,"Tack & Equipment > Bridles, Headstalls & Reins > English Bridles & Reins > Bridle Accessories",JAE-ATT-017-F,Size: Full,,,,,Corro Trailer 1,20900,20900,20900,38000,0,0,
1,Tack,1778180207021,Eliot's Trailer,1,Jake Adams Equestrian Cheekpieces Hunter Collection,"Tack & Equipment > Bridles, Headstalls & Reins > English Bridles & Reins > Bridle Accessories",JAE-ATT-017-C,Size: Cob,,,,,Corro Trailer 1,20900,20900,20900,38000,0,0,
1,Tack,1778180207021,Eliot's Trailer,1,Jake Adams Equestrian Draw Rein with Leather and Cord,Tack & Equipment > Training & Lunging > Training Reins,JAE-REIN-014-F,Size: Full,,,,,Corro Trailer 1,88000,88000,88000,160000,0,0,
1,Tack,1778180207021,Eliot's Trailer,1,Jake Adams Equestrian Leather Draw Reins,Tack & Equipment > Training & Lunging > Training Reins,JAE-REIN-013-F,Size: Full,,,,,Corro Trailer 1,93780,93780,93780,170500,0,0,
1,Tack,1778180207021,Eliot's Trailer,1,Jake Adams Equestrian Raised Fancy Stitched Hunter Bridle with Laced Reins,"Tack & Equipment > Bridles, Headstalls & Reins > English Bridles & Reins > Bridles",JAE-BRD-001-C,Size: Cob,,,,,Corro Trailer 1,168850,168850,168850,307000,0,0,
2,Tack,1778180207021,Eliot's Trailer,1,Jake Adams Equestrian Raised Fancy Stitched Hunter Bridle with Laced Reins,"Tack & Equipment > Bridles, Headstalls & Reins > English Bridles & Reins > Bridles",JAE-BRD-001-F,Size: Full,,,,,Corro Trailer 1,168850,168850,168850,307000,0,0,
1,Tack,1778180207021,Eliot's Trailer,1,Jake Adams Equestrian Raised Fancy Stitched Leather Laced Reins,"Tack & Equipment > Bridles, Headstalls & Reins > English Bridles & Reins > Reins",JAE-REIN-006-C,Size: Cob,,,,,Corro Trailer 1,59680,59680,59680,108500,0,0,
2,Tack,1778180207021,Eliot's Trailer,1,Jake Adams Equestrian Raised Fancy Stitched Leather Laced Reins,"Tack & Equipment > Bridles, Headstalls & Reins > English Bridles & Reins > Reins",JAE-REIN-006-F,Size: Full,,,,,Corro Trailer 1,59680,59680,59680,108500,0,0,
1,Tack,1778180207021,Eliot's Trailer,1,Jake Adams Equestrian Padded Jumper Bridle with Removable Flash & Rubber Reins,"Tack & Equipment > Bridles, Headstalls & Reins > English Bridles & Reins > Bridles",JAE-BRD-002-C,Size: Cob,,,,,Corro Trailer 1,180400,180400,180400,328000,0,0,
2,Tack,1778180207021,Eliot's Trailer,1,Jake Adams Equestrian Padded Jumper Bridle with Removable Flash & Rubber Reins,"Tack & Equipment > Bridles, Headstalls & Reins > English Bridles & Reins > Bridles",JAE-BRD-002-F,Size: Full,,,,,Corro Trailer 1,180400,180400,180400,328000,0,0,
1,Tack,1778180207021,Eliot's Trailer,1,Jake Adams Equestrian Raised Fancy Stitched Rubber Reins,"Tack & Equipment > Bridles, Headstalls & Reins > English Bridles & Reins > Reins",JAE-REIN-007-C,Size: Cob,,,,,Corro Trailer 1,67650,67650,67650,123000,0,0,
2,Tack,1778180207021,Eliot's Trailer,1,Jake Adams Equestrian Raised Fancy Stitched Rubber Reins,"Tack & Equipment > Bridles, Headstalls & Reins > English Bridles & Reins > Reins",JAE-REIN-007-F,Size: Full,,,,,Corro Trailer 1,67650,67650,67650,123000,0,0,
1,Tack,1778180207021,Eliot's Trailer,1,Jake Adams Equestrian Breastplate with Running Attachment,Tack & Equipment > Martingales & Breastplates,JAE-ATT-011-C,Size: Cob,,,,,Corro Trailer 1,120450,120450,120450,219000,0,0,
1,Tack,1778180207021,Eliot's Trailer,1,Jake Adams Equestrian Breastplate with Running Attachment,Tack & Equipment > Martingales & Breastplates,JAE-ATT-011-F,Size: Full,,,,,Corro Trailer 1,120450,120450,120450,219000,0,0,
1,Tack,1778180207021,Eliot's Trailer,1,Jake Adams Equestrian Raised Fancy Stitched Running Martingale,Tack & Equipment > Martingales & Breastplates,JAE-MRTG-010-F,Size: Full,,,,,Corro Trailer 1,70130,70130,70130,127500,0,0,
1,Tack,1778180207021,Eliot's Trailer,1,Jake Adams Equestrian Raised Fancy Stitched Running Martingale,Tack & Equipment > Martingales & Breastplates,JAE-MRTG-010-C,Size: Cob,,,,,Corro Trailer 1,70130,70130,70130,127500,0,0,
2,Tack,1778180207021,Eliot's Trailer,1,Jake Adams Equestrians Raised Fancy Stitched Standing Martingale,Tack & Equipment > Martingales & Breastplates,JAE-MRTG-009-F,Size: Full,,,,,Corro Trailer 1,59680,59680,59680,108500,0,0,
1,Tack,1778180207021,Eliot's Trailer,1,Jake Adams Equestrians Raised Fancy Stitched Standing Martingale,Tack & Equipment > Martingales & Breastplates,JAE-MRTG-009-C,Size: Cob,,,,,Corro Trailer 1,59680,59680,59680,108500,0,0,
2,Tack,1778180207021,Eliot's Trailer,1,"Jake Adams Equestrian 1 1/4"" Raised Fancy Stitched Hunter Noseband","Tack & Equipment > Bridles, Headstalls & Reins > English Bridles & Reins > Bridle Accessories",JAE-NSBD-003-F,Size: Full,,,,,Corro Trailer 1,53080,53080,53080,96500,0,0,
1,Tack,1778180207021,Eliot's Trailer,1,"Jake Adams Equestrian 1 1/4"" Raised Fancy Stitched Hunter Noseband","Tack & Equipment > Bridles, Headstalls & Reins > English Bridles & Reins > Bridle Accessories",JAE-NSBD-003-C,Size: Cob,,,,,Corro Trailer 1,53080,53080,53080,96500,0,0,
1,Tack,1778180207021,Eliot's Trailer,1,Jake Adams Equestrian German Martingale with Reins,Tack & Equipment > Martingales & Breastplates,JAE-MRTG-016-F,Size: Full,,,,,Corro Trailer 1,95700,95700,95700,174000,0,0,
1,Tack,1778180207021,Eliot's Trailer,1,Jake Adams Equestrian Blinkers with Velrco,"Tack & Equipment > Bridles, Headstalls & Reins > English Bridles & Reins > Bridle Accessories",JAE-ATT-012-F,Size: Full,,,,,Corro Trailer 1,25850,25850,25850,47000,0,0,
1,Tack,1778180207021,Eliot's Trailer,1,Jake Adams Equestrian Flow Spur,Tack & Equipment > Spurs & Straps > English Spurs,JAE-SP-009S,Size: Short,,,,,Corro Trailer 1,32180,32180,32180,58500,0,0,
0,Tack,1778180207021,Eliot's Trailer,1,Jake Adams Equestrian Flow Spur,Tack & Equipment > Spurs & Straps > English Spurs,JAE-SP-009M,Size: Medium,,,,,Corro Trailer 1,32180,32180,32180,58500,0,0,
1,Tack,1778180207021,Eliot's Trailer,1,Jake Adams Equestrian Glide Spur,Tack & Equipment > Spurs & Straps > English Spurs,JAE-SP-008L,Size: Long,,,,,Corro Trailer 1,32180,32180,32180,58500,0,0,
1,Tack,1778180207021,Eliot's Trailer,1,Jake Adams Equestrian Glide Spur,Tack & Equipment > Spurs & Straps > English Spurs,JAE-SP-008M,Size: Medium,,,,,Corro Trailer 1,32180,32180,32180,58500,0,0,
1,Tack,1778180207021,Eliot's Trailer,1,Jake Adams Equestrian Glide Spur,Tack & Equipment > Spurs & Straps > English Spurs,JAE-SP-008S,Size: Short,,,,,Corro Trailer 1,32180,32180,32180,58500,0,0,
1,Tack,1778180207021,Eliot's Trailer,1,Jake Adams Equestrian Comfort Coated Glide Spur,Tack & Equipment > Spurs & Straps > English Spurs,JAE-SP-014L,Size: Long,,,,,Corro Trailer 1,0,0,0,0,0,0,
1,Tack,1778180207021,Eliot's Trailer,1,Jake Adams Equestrian Comfort Coated Glide Spur,Tack & Equipment > Spurs & Straps > English Spurs,JAE-SP-014M,Size: Medium,,,,,Corro Trailer 1,0,0,0,0,0,0,
1,Tack,1778180207021,Eliot's Trailer,1,Jake Adams Equestrian Comfort Coated Glide Spur,Tack & Equipment > Spurs & Straps > English Spurs,JAE-SP-014S,Size: Short,,,,,Corro Trailer 1,0,0,0,0,0,0,
1,Tack,1778180207021,Eliot's Trailer,1,Jake Adams Equestrian Horizontal Rowel Spur,Tack & Equipment > Spurs & Straps > English Spurs,JAE-SP-011L,Size: Long,,,,,Corro Trailer 1,32180,32180,32180,58500,0,0,
1,Tack,1778180207021,Eliot's Trailer,1,Jake Adams Equestrian Horizontal Rowel Spur,Tack & Equipment > Spurs & Straps > English Spurs,JAE-SP-011S,Size: Short,,,,,Corro Trailer 1,32180,32180,32180,58500,0,0,
1,Tack,1778180207021,Eliot's Trailer,1,Jake Adams Equestrian Horizontal Rowel Spur,Tack & Equipment > Spurs & Straps > English Spurs,JAE-SP-011M,Size: Medium,,,,,Corro Trailer 1,32180,32180,32180,58500,0,0,
1,Tack,1778180207021,Eliot's Trailer,1,Jake Adams Equestrian Impulse Spur,Tack & Equipment > Spurs & Straps > English Spurs,JAE-SP-010S,Size: Short,,,,,Corro Trailer 1,32180,32180,32180,58500,0,0,
1,Tack,1778180207021,Eliot's Trailer,1,Jake Adams Equestrian Impulse Spur,Tack & Equipment > Spurs & Straps > English Spurs,JAE-SP-010L,Size: Long,,,,,Corro Trailer 1,32180,32180,32180,58500,0,0,
1,Tack,1778180207021,Eliot's Trailer,1,Jake Adams Equestrian Momentum Spur,Tack & Equipment > Spurs & Straps > English Spurs,JAE-SP-007L,Size: Long,,,,,Corro Trailer 1,32180,32180,32180,58500,0,0,
1,Tack,1778180207021,Eliot's Trailer,1,Jake Adams Pulse Spur,Tack & Equipment > Spurs & Straps > English Spurs,JAE-SP-006S,Size: Short,,,,,Corro Trailer 1,32180,32180,32180,58500,0,0,
1,Tack,1778180207021,Eliot's Trailer,1,Jake Adams Equestrian Comfort Coated Pulse Spur,Tack & Equipment > Spurs & Straps > English Spurs,JAE-017S,Size: Short,,,,,Corro Trailer 1,34930,34930,34930,63500,0,0,
1,Tack,1778180207021,Eliot's Trailer,1,Jake Adams Equestrian Rhythm Spur,Tack & Equipment > Spurs & Straps > English Spurs,JAE-SP-004S,Size: Short,,,,,Corro Trailer 1,32180,32180,32180,58500,0,0,
1,Tack,1778180207021,Eliot's Trailer,1,Jake Adams Equestrian Rhythm Spur,Tack & Equipment > Spurs & Straps > English Spurs,JAE-SP-004M,Size: Medium,,,,,Corro Trailer 1,32180,32180,32180,58500,0,0,
1,Tack,1778180207021,Eliot's Trailer,1,Jake Adams Equestrian Rhythm Spur,Tack & Equipment > Spurs & Straps > English Spurs,JAE-SP-004L,Size: Long,,,,,Corro Trailer 1,32180,32180,32180,58500,0,0,
2,Tack,1778180207021,Eliot's Trailer,1,Jake Adams Equestrian Spring Loaded Spur,Tack & Equipment > Spurs & Straps > English Spurs,JAE-SP-018,Title: Default Title,,,,,Corro Trailer 1,41530,41530,41530,75500,0,0,
1,Tack,1778180207021,Eliot's Trailer,1,Jake Adams Equestrian Comfort Coated Rhythm Spur,Tack & Equipment > Spurs & Straps > English Spurs,JAE-016-L,Size: Long,,,,,Corro Trailer 1,34930,34930,34930,63500,0,0,
1,Tack,1778180207021,Eliot's Trailer,1,Jake Adams Equestrian Comfort Coated Rhythm Spur,Tack & Equipment > Spurs & Straps > English Spurs,JAE-016-S,Size: Short,,,,,Corro Trailer 1,34930,34930,34930,63500,0,0,
1,Tack,1778180207021,Eliot's Trailer,1,Jake Adams Equestrian Comfort Coated Rhythm Spur,Tack & Equipment > Spurs & Straps > English Spurs,JAE-016-M,Size: Medium,,,,,Corro Trailer 1,34930,34930,34930,63500,0,0,
1,Tack,1778180207021,Eliot's Trailer,1,Jake Adams Equestrian Stride Spur,Tack & Equipment > Spurs & Straps > English Spurs,JAE-SP-002M,Size: Medium,,,,,Corro Trailer 1,32180,32180,32180,58500,0,0,
1,Tack,1778180207021,Eliot's Trailer,1,Jake Adams Equestrian Stride Spur,Tack & Equipment > Spurs & Straps > English Spurs,JAE-SP-002S,Size: Short,,,,,Corro Trailer 1,32180,32180,32180,58500,0,0,
1,Tack,1778180207021,Eliot's Trailer,1,Jake Adams Equestrian Stride Spur,Tack & Equipment > Spurs & Straps > English Spurs,JAE-SP-002L,Size: Long,,,,,Corro Trailer 1,32180,32180,32180,58500,0,0,
1,Tack,1778180207021,Eliot's Trailer,1,Jake Adams Equestrian Swan Neck Spur,Tack & Equipment > Spurs & Straps > English Spurs,JAE-SP-001L,Size: Long,,,,,Corro Trailer 1,32180,32180,32180,58500,0,0,
1,Tack,1778180207021,Eliot's Trailer,1,Jake Adams Equestrian Swan Neck Spur,Tack & Equipment > Spurs & Straps > English Spurs,JAE-SP-001M,Size: Medium,,,,,Corro Trailer 1,32180,32180,32180,58500,0,0,
1,Tack,1778180207021,Eliot's Trailer,1,Jake Adams Equestrian Swan Neck Spur,Tack & Equipment > Spurs & Straps > English Spurs,JAE-SP-001S,Size: Short,,,,,Corro Trailer 1,32180,32180,32180,58500,0,0,
0,Tack,1778180207021,Eliot's Trailer,1,Jake Adams Equestrian Tempo Spur,Tack & Equipment > Spurs & Straps > English Spurs,JAE-SP-005M,Size: Medium,,,,,Corro Trailer 1,32180,32180,32180,58500,0,0,
1,Tack,1778180207021,Eliot's Trailer,1,Jake Adams Equestrian Tempo Spur,Tack & Equipment > Spurs & Straps > English Spurs,JAE-SP-005L,Size: Long,,,,,Corro Trailer 1,32180,32180,32180,58500,0,0,
0,Tack,1778180207021,Eliot's Trailer,1,Jake Adams Equestrian Comfort Coated Velocity Spur,Tack & Equipment > Spurs & Straps > English Spurs,JAE-SP-012M,Size: Medium,,,,,Corro Trailer 1,32180,32180,32180,58500,0,0,
1,Tack,1778180207021,Eliot's Trailer,1,Jake Adams Equestrian Comfort Coated Velocity Spur,Tack & Equipment > Spurs & Straps > English Spurs,JAE-SP-012L,Size: Long,,,,,Corro Trailer 1,32180,32180,32180,58500,0,0,
1,Tack,1778180207021,Eliot's Trailer,1,Jake Adams Equestrian Comfort Coated Velocity Spur,Tack & Equipment > Spurs & Straps > English Spurs,JAE-SP-012S,Size: Short,,,,,Corro Trailer 1,32180,32180,32180,58500,0,0,
1,Tack,1778180207021,Eliot's Trailer,1,Jake Adams Equestrian Vertical Smooth Rowel Spur,Tack & Equipment > Spurs & Straps > English Spurs,JAE-SP003S,Size: Short,,,,,Corro Trailer 1,32180,32180,32180,58500,0,0,
1,Tack,1778180207021,Eliot's Trailer,1,Jake Adams Equestrian Vertical Smooth Rowel Spur,Tack & Equipment > Spurs & Straps > English Spurs,JAE-SP003L,Size: Long,,,,,Corro Trailer 1,32180,32180,32180,58500,0,0,
1,Tack,1778180207021,Eliot's Trailer,1,Jake Adams Equestrian Vertical Smooth Rowel Spur,Tack & Equipment > Spurs & Straps > English Spurs,JAE-SP003M,Size: Medium,,,,,Corro Trailer 1,32180,32180,32180,58500,0,0,
1,Tack,1778180207021,Eliot's Trailer,1,Jake Adams Equestrian Comfort Coated Smooth Rowel Spur,Tack & Equipment > Spurs & Straps > English Spurs,JAE-SP-15S,Size: Short,,,,,Corro Trailer 1,34930,34930,34930,63500,0,0,
1,Tack,1778180207021,Eliot's Trailer,1,Jake Adams Equestrian Comfort Coated Smooth Rowel Spur,Tack & Equipment > Spurs & Straps > English Spurs,JAE-SP-15L,Size: Long,,,,,Corro Trailer 1,34930,34930,34930,63500,0,0,
1,Tack,1778180207021,Eliot's Trailer,1,Jake Adams Equestrian Comfort Coated Smooth Rowel Spur,Tack & Equipment > Spurs & Straps > English Spurs,JAE-SP-15M,Size: Medium,,,,,Corro Trailer 1,34930,34930,34930,63500,0,0,
1,Cycle Counts,1784643477553,Eliot's Trailer,1,Jake Adams Equestrian Tactiq Model L Gloves,Rider > Accessories & Apparel > Gloves,TQ-L-6,Size: 6,Color: Black,,,,Corro Trailer 1,27500,27500,27500,49990,0,0,
2,Cycle Counts,1784643477553,Eliot's Trailer,1,Jake Adams Equestrian Tactiq Model L Gloves,Rider > Accessories & Apparel > Gloves,TQ-L-8,Size: 8,Color: Black,,,,Corro Trailer 1,27500,27500,27500,49990,0,0,
2,Cycle Counts,1784643477553,Eliot's Trailer,1,Jake Adams Equestrian Tactiq Model L Gloves,Rider > Accessories & Apparel > Gloves,TQ-L-7.5,Size: 7.5,Color: Black,,,,Corro Trailer 1,27500,27500,27500,49990,0,0,
1,Cycle Counts,1784643477553,Eliot's Trailer,1,Jake Adams Equestrian Tactiq Model L Gloves,Rider > Accessories & Apparel > Gloves,TQ-L-8.5,Size: 8.5,Color: Black,,,,Corro Trailer 1,27500,27500,27500,49990,0,0,
1,Cycle Counts,1784643477553,Eliot's Trailer,1,Jake Adams Equestrian Tactiq Model L Gloves,Rider > Accessories & Apparel > Gloves,TQ-L-9,Size: 9,Color: Black,,,,Corro Trailer 1,27500,27500,27500,49990,0,0,
1,Cycle Counts,1784643477553,Eliot's Trailer,1,Jake Adams Equestrian Tactiq Model L Gloves,Rider > Accessories & Apparel > Gloves,TQ-L-9.5,Size: 9.5,Color: Black,,,,Corro Trailer 1,27500,27500,27500,49990,0,0,
2,Cycle Counts,1784643477553,Eliot's Trailer,1,Jake Adams Equestrian Tactiq Model L Gloves,Rider > Accessories & Apparel > Gloves,TQ-L-6.5,Size: 6.5,Color: Black,,,,Corro Trailer 1,27500,27500,27500,49990,0,0,
1,Cycle Counts,1784643477553,Eliot's Trailer,1,Jake Adams Equestrian Tactiq Model L Gloves,Rider > Accessories & Apparel > Gloves,TQ-L-7,Size: 7,Color: Black,,,,Corro Trailer 1,27500,27500,27500,49990,0,0,
1,Cycle Counts,1784643477553,Eliot's Trailer,1,Jake Adams Equestrian Tactiq Model E Gloves,Rider > Accessories & Apparel > Gloves,TQ-E-9,Size: 9,Color: Black,,,,Corro Trailer 1,27500,27500,27500,49990,0,0,
2,Cycle Counts,1784643477553,Eliot's Trailer,1,Jake Adams Equestrian Tactiq Model E Gloves,Rider > Accessories & Apparel > Gloves,TQ-E-7,Size: 7,Color: Black,,,,Corro Trailer 1,27500,27500,27500,49990,0,0,
1,Cycle Counts,1784643477553,Eliot's Trailer,1,Jake Adams Equestrian Tactiq Model E Gloves,Rider > Accessories & Apparel > Gloves,TQ-E-6,Size: 6,Color: Black,,,,Corro Trailer 1,27500,27500,27500,49990,0,0,
1,Cycle Counts,1784643477553,Eliot's Trailer,1,Jake Adams Equestrian Tactiq Model E Gloves,Rider > Accessories & Apparel > Gloves,TQ-E-8,Size: 8,Color: Black,,,,Corro Trailer 1,27500,27500,27500,49990,0,0,
1,Cycle Counts,1784643477553,Eliot's Trailer,1,Jake Adams Equestrian Tactiq Model E Gloves,Rider > Accessories & Apparel > Gloves,TQ-E-8.5,Size: 8.5,Color: Black,,,,Corro Trailer 1,27500,27500,27500,49990,0,0,
2,Cycle Counts,1784643477553,Eliot's Trailer,1,Jake Adams Equestrian Tactiq Model E Gloves,Rider > Accessories & Apparel > Gloves,TQ-E-7.5,Size: 7.5,Color: Black,,,,Corro Trailer 1,27500,27500,27500,49990,0,0,
1,Cycle Counts,1784643477553,Eliot's Trailer,1,Jake Adams Equestrian Tactiq Model E Gloves,Rider > Accessories & Apparel > Gloves,TQ-E-6.5,Size: 6.5,Color: Black,,,,Corro Trailer 1,27500,27500,27500,49990,0,0,
1,Tack,1778180207021,Eliot's Trailer,1,Jake Adams Equestrian Anatomic Hunter Girth with TechWool Liner,Tack & Equipment > Girths & Cinches > English Girths > Hunter/Jumper Girths,GRT-AHTWL-025-125,Size: 125 cm,,,,,Corro Trailer 1,173250,173250,173250,315000,0,0,
1,Tack,1778180207021,Eliot's Trailer,1,"AJR Sport 4/8"" Flat Curb Rein - Hunter Collection","Tack & Equipment > Bridles, Headstalls & Reins > English Bridles & Reins > Reins",REIN-002-C,Size: Cob,,,,,Corro Trailer 1,71340,71340,71340,123000,0,0,
1,Tack,1778180207021,Eliot's Trailer,1,"AJR Sport 4/8"" Flat Curb Rein - Hunter Collection","Tack & Equipment > Bridles, Headstalls & Reins > English Bridles & Reins > Reins",REIN-002-F,Size: Full,,,,,Corro Trailer 1,71340,71340,71340,123000,0,0,
1,Tack,1778180207021,Eliot's Trailer,1,AJR Morph Metal Plate Insert Headpiece - Hunter Collection,"Tack & Equipment > Bridles, Headstalls & Reins > English Bridles & Reins > Bridle Accessories",ATT-064-F,Size: Full,,,,,Corro Trailer 1,109620,109620,109620,189000,0,0,
1,Tack,1778180207021,Eliot's Trailer,1,AJR Sport Morph Metal Plate Insert Noseband - Hunter Collection,"Tack & Equipment > Bridles, Headstalls & Reins > English Bridles & Reins > Bridle Accessories",NSBD-063-C,Size: Cob,,,,,Corro Trailer 1,132820,132820,132820,229000,0,0,
1,Tack,1778180207021,Eliot's Trailer,1,AJR Sport Morph Metal Plate Insert Noseband - Hunter Collection,"Tack & Equipment > Bridles, Headstalls & Reins > English Bridles & Reins > Bridle Accessories",NSBD-063-F,Size: Full,,,,,Corro Trailer 1,132820,132820,132820,229000,0,0,
1,Tack,1778180207021,Eliot's Trailer,1,AJR Sport Noseband with Metal Plate Insert - Hunter Collection,"Tack & Equipment > Bridles, Headstalls & Reins > English Bridles & Reins > Bridle Accessories",NSBD-023-F,Size: Full,,,,,Corro Trailer 1,120060,120060,120060,207000,0,0,
2,Tack,1778180207021,Eliot's Trailer,1,AJR Sport Standing Martingale - Hunter Collection,Tack & Equipment > Martingales & Breastplates,MRTG-015-F,Size: Full,,,,,Corro Trailer 1,114840,114840,114840,198000,0,0,
1,Tack,1778180207021,Eliot's Trailer,1,AJR Sport Standing Martingale - Hunter Collection,Tack & Equipment > Martingales & Breastplates,MRTG-015-C,Size: Cob,,,,,Corro Trailer 1,114840,114840,114840,198000,0,0,
1,Tack,1778180207021,Eliot's Trailer,1,AJR Sport Wide Noseband Hunter Bridle,"Tack & Equipment > Bridles, Headstalls & Reins > English Bridles & Reins > Bridles",BRD-018-C,Size: Cob,,,,,Corro Trailer 1,183860,183860,183860,317000,0,0,
2,Tack,1778180207021,Eliot's Trailer,1,AJR Sport Wide Noseband Hunter Bridle,"Tack & Equipment > Bridles, Headstalls & Reins > English Bridles & Reins > Bridles",BRD-018-F,Size: Full,,,,,Corro Trailer 1,183860,183860,183860,317000,0,0,
1,Tack,1778180207021,Eliot's Trailer,1,AJR Sport Anatomic Double Bridle with Flash Noseband - Jumper Collection,"Tack & Equipment > Bridles, Headstalls & Reins > English Bridles & Reins > Bridles",NSBD-075F,Size: Full,,,,,Corro Trailer 1,258100,258100,258100,445000,0,0,
1,Tack,1778180207021,Eliot's Trailer,1,AJR Sport Padded Poll Relief Headpiece - Jumper Collection,"Tack & Equipment > Bridles, Headstalls & Reins > English Bridles & Reins > Bridle Accessories",ATT-069-F,Size: Full,,,,,Corro Trailer 1,91640,91640,91640,158000,0,0,
1,Tack,1778180207021,Eliot's Trailer,1,AJR Sport 4/8' Rubber Rein - Jumper Collection,"Tack & Equipment > Bridles, Headstalls & Reins > English Bridles & Reins > Bridles",REIN-012-F,Size: Full,,,,,Corro Trailer 1,96280,96280,96280,166000,0,0,
1,Tack,1778180207021,Eliot's Trailer,1,"AJR Sport 5/8"" Rubber Covered Converter Reins with Leather Grips - Jumper Collection","Tack & Equipment > Bridles, Headstalls & Reins > English Bridles & Reins > Reins",REIN-010-F,Size: Full,,,,,Corro Trailer 1,110490,110490,110490,190500,0,0,
1,Tack,1778180207021,Eliot's Trailer,1,"AJR Sport 5/8"" Rubber Reins with Leather Grips - Jumper Collection","Tack & Equipment > Bridles, Headstalls & Reins > English Bridles & Reins > Reins",REIN-001-F,Size: Full,,,,,Corro Trailer 1,96280,96280,96280,166000,0,0,
1,Tack,1778180207021,Eliot's Trailer,1,"AJR Sport 5/8"" Web Anti-Slip Rein with Leather Grips - Jumper Collection","Tack & Equipment > Bridles, Headstalls & Reins > English Bridles & Reins > Reins",REIN-007-F,Size: Full,,,,,Corro Trailer 1,85550,85550,85550,147500,0,0,
1,Tack,1778180207021,Eliot's Trailer,1,AJR Sport Padded Removable Flash Noseband - Jumper Collection,"Tack & Equipment > Bridles, Headstalls & Reins > English Bridles & Reins > Bridle Accessories",NSBD-062F,Size: Full,,,,,Corro Trailer 1,144420,144420,144420,249000,0,0,
1,Tack,1778180207021,Eliot's Trailer,1,AJR Sport Hackamore Cheek Piece Attachmens,"Tack & Equipment > Bridles, Headstalls & Reins > English Bridles & Reins > Bridle Accessories",ATT-038-F,Size: Full,,,,,Corro Trailer 1,35090,35090,35090,60500,0,0,
1,Tack,1778180207021,Eliot's Trailer,1,AJR Sport Rope with Normal Drop Double Noseband - Jumper Collection,"Tack & Equipment > Bridles, Headstalls & Reins > English Bridles & Reins > Bridle Accessories",NSBD-032-F,Size: Full,,,,,Corro Trailer 1,120640,120640,120640,208000,0,0,
1,Rider,1778252234585,Eliot's Trailer,1,Veltri Sport Delaire Backpack - IN STORE,Rider > Bags > Backpacks,C-VSP823BN,Color: Black/Nickel,,,,,Corro Trailer 1,141360,141360,141360,248000,0,0,
1,Rider,1778252234585,Eliot's Trailer,1,Veltri Sport Grande Backpack - IN STORE,Rider > Bags > Backpacks,C-VSP12001BN,Color: Black/Nickel,,,,,Corro Trailer 1,141360,141360,141360,298000,0,0,
1,Rider,1778252234585,Eliot's Trailer,1,Veltri Sport Bedford Boot Bag - IN STORE,Rider > Bags > Boot Bags,VSP724BRG,Color: Black/Rose Gold,,,,,Corro Trailer 1,169860,169860,169860,148000,0,0,
2,Rider,1778252234585,Eliot's Trailer,1,Veltri Sport Thayer Cargo Bag - IN STORE,Rider > Bags > Totes & Pouches,VSP1024BN,Color: Black/Nickel,,,,,Corro Trailer 1,226860,226860,226860,148000,0,0,
1,Tack,1778180207021,Eliot's Trailer,1,AJR Sport Straight Padded Noseband with Flash - Jumper Collection,"Tack & Equipment > Bridles, Headstalls & Reins > English Bridles & Reins > Bridle Accessories",NSBD-071F,Size: Full,,,,,Corro Trailer 1,104400,104400,104400,180000,0,0,
1,Cycle Counts,1784643477553,Eliot's Trailer,1,Eloveá Uluwato Paddock Boots by Jake Adams Equestrian,Rider > Footwear > Boots,PB-ULUW-39,Size: 39,Color: Black,,,,Corro Trailer 1,142450,142450,142450,259000,0,0,
1,Cycle Counts,1784643477553,Eliot's Trailer,1,Eloveá Uluwato Paddock Boots by Jake Adams Equestrian,Rider > Footwear > Boots,PB-ULUW-40,Size: 40,Color: Black,,,,Corro Trailer 1,142450,142450,142450,259000,0,0,
1,Cycle Counts,1784643477553,Eliot's Trailer,1,Eloveá Uluwato Paddock Boots by Jake Adams Equestrian,Rider > Footwear > Boots,PB-ULUW-38,Size: 38,Color: Black,,,,Corro Trailer 1,142450,142450,142450,259000,0,0,
1,Cycle Counts,1784643477553,Eliot's Trailer,1,Eloveá Lugano Paddock Boot by Jake Adams Equestrian,Rider > Footwear > Boots,PB-LUGANO-39,Size: 39,Color: Black,,,,Corro Trailer 1,142450,142450,142450,259000,0,0,
1,Cycle Counts,1784643477553,Eliot's Trailer,1,Eloveá Lugano Paddock Boot by Jake Adams Equestrian,Rider > Footwear > Boots,PB-LUGANO-41,Size: 41,Color: Black,,,,Corro Trailer 1,142450,142450,142450,259000,0,0,
1,Cycle Counts,1784643477553,Eliot's Trailer,1,Eloveá Lugano Paddock Boot by Jake Adams Equestrian,Rider > Footwear > Boots,PB-LUGANO-40,Size: 40,Color: Black,,,,Corro Trailer 1,142450,142450,142450,259000,0,0,
1,Cycle Counts,1784643477553,Eliot's Trailer,1,Tactiq Model I Gloves by Jake Adams Equestrian,Rider > Accessories & Apparel > Gloves,TQ-I-B-6,Size: 6,Color: Black,,,,Corro Trailer 1,27500,27500,27500,49990,0,0,
2,Cycle Counts,1784643477553,Eliot's Trailer,1,Tactiq Model I Gloves by Jake Adams Equestrian,Rider > Accessories & Apparel > Gloves,TQ-I-B-7,Size: 7,Color: Black,,,,Corro Trailer 1,27500,27500,27500,49990,0,0,
2,Cycle Counts,1784643477553,Eliot's Trailer,1,Tactiq Model I Gloves by Jake Adams Equestrian,Rider > Accessories & Apparel > Gloves,TQ-I-B-6.5,Size: 6.5,Color: Black,,,,Corro Trailer 1,27500,27500,27500,49990,0,0,
2,Cycle Counts,1784643477553,Eliot's Trailer,1,Tactiq Model I Gloves by Jake Adams Equestrian,Rider > Accessories & Apparel > Gloves,TQ-I-B-7.5,Size: 7.5,Color: Black,,,,Corro Trailer 1,27500,27500,27500,49990,0,0,
1,Cycle Counts,1784643477553,Eliot's Trailer,1,Tactiq Model I Gloves by Jake Adams Equestrian,Rider > Accessories & Apparel > Gloves,TQ-I-B-9,Size: 9,Color: Black,,,,Corro Trailer 1,27500,27500,27500,49990,0,0,
2,Cycle Counts,1784643477553,Eliot's Trailer,1,Tactiq Model I Gloves by Jake Adams Equestrian,Rider > Accessories & Apparel > Gloves,TQ-I-B-8,Size: 8,Color: Black,,,,Corro Trailer 1,27500,27500,27500,49990,0,0,
1,Cycle Counts,1784643477553,Eliot's Trailer,1,Tactiq Model I Gloves by Jake Adams Equestrian,Rider > Accessories & Apparel > Gloves,TQ-I-B-8.5,Size: 8.5,Color: Black,,,,Corro Trailer 1,27500,27500,27500,49990,0,0,
2,Cycle Counts,1784643477553,Eliot's Trailer,1,Tactiq Model M Gloves by Jake Adams Equestrian,Rider > Accessories & Apparel > Gloves,TQ-M-B-8,Size: 8,Color: Black,,,,Corro Trailer 1,27500,27500,27500,49990,0,0,
2,Cycle Counts,1784643477553,Eliot's Trailer,1,Tactiq Model M Gloves by Jake Adams Equestrian,Rider > Accessories & Apparel > Gloves,TQ-M-B-7,Size: 7,Color: Black,,,,Corro Trailer 1,27500,27500,27500,49990,0,0,
1,Cycle Counts,1784643477553,Eliot's Trailer,1,Tactiq Model M Gloves by Jake Adams Equestrian,Rider > Accessories & Apparel > Gloves,TQ-M-B-9.5,Size: 9.5,Color: Black,,,,Corro Trailer 1,27500,27500,27500,49990,0,0,
2,Cycle Counts,1784643477553,Eliot's Trailer,1,Tactiq Model M Gloves by Jake Adams Equestrian,Rider > Accessories & Apparel > Gloves,TQ-M-B-7.5,Size: 7.5,Color: Black,,,,Corro Trailer 1,27500,27500,27500,49990,0,0,
1,Cycle Counts,1784643477553,Eliot's Trailer,1,Tactiq Model M Gloves by Jake Adams Equestrian,Rider > Accessories & Apparel > Gloves,TQ-M-B-9,Size: 9,Color: Black,,,,Corro Trailer 1,27500,27500,27500,49990,0,0,
1,Cycle Counts,1784643477553,Eliot's Trailer,1,Tactiq Model M Gloves by Jake Adams Equestrian,Rider > Accessories & Apparel > Gloves,TQ-M-B-6,Size: 6,Color: Black,,,,Corro Trailer 1,27500,27500,27500,49990,0,0,
1,Cycle Counts,1784643477553,Eliot's Trailer,1,Tactiq Model M Gloves by Jake Adams Equestrian,Rider > Accessories & Apparel > Gloves,TQ-M-B-5,Size: 5,Color: Black,,,,Corro Trailer 1,27500,27500,27500,49990,0,0,
2,Cycle Counts,1784643477553,Eliot's Trailer,1,Tactiq Model M Gloves by Jake Adams Equestrian,Rider > Accessories & Apparel > Gloves,TQ-M-B-8.5,Size: 8.5,Color: Black,,,,Corro Trailer 1,27500,27500,27500,49990,0,0,
2,Cycle Counts,1784643477553,Eliot's Trailer,1,Tactiq Model M Gloves by Jake Adams Equestrian,Rider > Accessories & Apparel > Gloves,TQ-M-B-6.5,Size: 6.5,Color: Black,,,,Corro Trailer 1,27500,27500,27500,49990,0,0,
1,Cycle Counts,1784643477553,Eliot's Trailer,1,Tactiq Model M Gloves by Jake Adams Equestrian,Rider > Accessories & Apparel > Gloves,TQ-M-B-10,Size: 10,Color: Black,,,,Corro Trailer 1,27500,27500,27500,49990,0,0,
1,Cycle Counts,1784643477553,Eliot's Trailer,1,Tactiq Model M Gloves by Jake Adams Equestrian,Rider > Accessories & Apparel > Gloves,TQ-M-B-11,Size: 10.5,Color: Black,,,,Corro Trailer 1,27500,27500,27500,49990,0,0,
1,Cycle Counts,1784643477553,Eliot's Trailer,1,Tactiq Model O Gloves by Jake Adams Equestrian,Rider > Accessories & Apparel > Gloves,TQ-O-B-8,Size: 8,Color: Black,,,,Corro Trailer 1,27500,27500,27500,49990,0,0,
1,Cycle Counts,1784643477553,Eliot's Trailer,1,Tactiq Model O Gloves by Jake Adams Equestrian,Rider > Accessories & Apparel > Gloves,TQ-O-B-7.5,Size: 7.5,Color: Black,,,,Corro Trailer 1,27500,27500,27500,49990,0,0,
1,Cycle Counts,1784643477553,Eliot's Trailer,1,Tactiq Model O Gloves by Jake Adams Equestrian,Rider > Accessories & Apparel > Gloves,TQ-O-B-7,Size: 7,Color: Black,,,,Corro Trailer 1,27500,27500,27500,49990,0,0,
1,Rider,1778252234585,Eliot's Trailer,1,Tactiq Model O Gloves by Jake Adams Equestrian,Rider > Accessories & Apparel > Gloves,TQ-O-B-6,Size: 6,Color: Black,,,,Corro Trailer 1,27500,27500,27500,49990,0,0,
1,Cycle Counts,1784643477553,Eliot's Trailer,1,Tactiq Model O Gloves by Jake Adams Equestrian,Rider > Accessories & Apparel > Gloves,TQ-O-B-6.5,Size: 6.5,Color: Black,,,,Corro Trailer 1,27500,27500,27500,49990,0,0,
1,Cycle Counts,1784643477553,Eliot's Trailer,1,Tactiq Model O Gloves by Jake Adams Equestrian,Rider > Accessories & Apparel > Gloves,TQ-O-B-8.5,Size: 8.5,Color: Black,,,,Corro Trailer 1,27500,27500,27500,49990,0,0,
2,Rider,1778252234585,Eliot's Trailer,1,Tactiq Model T Gloves by Jake Adams Equestrian,Rider > Accessories & Apparel > Gloves,TQ-T-B-9,Size: 9,,,,,Corro Trailer 1,27500,27500,27500,49990,0,0,
2,Rider,1778252234585,Eliot's Trailer,1,Tactiq Model T Gloves by Jake Adams Equestrian,Rider > Accessories & Apparel > Gloves,TQ-T-B-8,Size: 8,,,,,Corro Trailer 1,27500,27500,27500,49990,0,0,
1,Rider,1778252234585,Eliot's Trailer,1,Tactiq Model T Gloves by Jake Adams Equestrian,Rider > Accessories & Apparel > Gloves,TQ-T-B-5,Size: 5,,,,,Corro Trailer 1,27500,27500,27500,49990,0,0,
2,Rider,1778252234585,Eliot's Trailer,1,Tactiq Model T Gloves by Jake Adams Equestrian,Rider > Accessories & Apparel > Gloves,TQ-T-B-6,Size: 6,,,,,Corro Trailer 1,27500,27500,27500,49990,0,0,
2,Rider,1778252234585,Eliot's Trailer,1,Tactiq Model T Gloves by Jake Adams Equestrian,Rider > Accessories & Apparel > Gloves,TQ-T-B-7.5,Size: 7.5,,,,,Corro Trailer 1,27500,27500,27500,49990,0,0,
2,Rider,1778252234585,Eliot's Trailer,1,Tactiq Model T Gloves by Jake Adams Equestrian,Rider > Accessories & Apparel > Gloves,TQ-T-B-6.5,Size: 6.5,,,,,Corro Trailer 1,27500,27500,27500,49990,0,0,
2,Rider,1778252234585,Eliot's Trailer,1,Tactiq Model T Gloves by Jake Adams Equestrian,Rider > Accessories & Apparel > Gloves,TQ-T-B-7,Size: 7,,,,,Corro Trailer 1,27500,27500,27500,49990,0,0,
2,Rider,1778252234585,Eliot's Trailer,1,Tactiq Model T Gloves by Jake Adams Equestrian,Rider > Accessories & Apparel > Gloves,TQ-T-B-8.5,Size: 8.5,,,,,Corro Trailer 1,27500,27500,27500,49990,0,0,
1,Cycle Counts 2,1785504784408,Eliot's Trailer,1,Solid Citizen Winnie Warm Up WindBreaker,Rider > Accessories & Apparel > Shirts,SC58-COCO-M,Color: Coco Brown,Size: M,,,,Corro Trailer 1,67000,67000,67000,190000,0,0,
1,Cycle Counts 2,1785504784408,Eliot's Trailer,1,Solid Citizen Winnie Warm Up WindBreaker,Rider > Accessories & Apparel > Shirts,SC58-OLIVE-XS,Color: Olive Green,Size: XS,,,,Corro Trailer 1,67000,67000,67000,190000,0,0,
0,Cycle Counts 2,1785504784408,Eliot's Trailer,1,Solid Citizen Winnie Warm Up WindBreaker,Rider > Accessories & Apparel > Shirts,SC58-COCO-L,Color: Coco Brown,Size: L,,,,Corro Trailer 1,67000,67000,67000,190000,0,0,
2,Cycle Counts 2,1785504784408,Eliot's Trailer,1,Solid Citizen Winnie Warm Up WindBreaker,Rider > Accessories & Apparel > Shirts,SC58-OLIVE-M,Color: Olive Green,Size: M,,,,Corro Trailer 1,67000,67000,67000,190000,0,0,
1,Cycle Counts 2,1785504784408,Eliot's Trailer,1,Solid Citizen Winnie Warm Up WindBreaker,Rider > Accessories & Apparel > Shirts,SC58-COCO-S,Color: Coco Brown,Size: S,,,,Corro Trailer 1,67000,67000,67000,190000,0,0,
1,Cycle Counts 2,1785504784408,Eliot's Trailer,1,Solid Citizen Winnie Warm Up WindBreaker,Rider > Accessories & Apparel > Shirts,SC58-COCO-XS,Color: Coco Brown,Size: XS,,,,Corro Trailer 1,67000,67000,67000,190000,0,0,
0,Cycle Counts 2,1785504784408,Eliot's Trailer,1,Solid Citizen Winnie Warm Up WindBreaker,Rider > Accessories & Apparel > Shirts,SC58-OLIVE-L,Color: Olive Green,Size: L,,,,Corro Trailer 1,67000,67000,67000,190000,0,0,
1,Cycle Counts 2,1785504784408,Eliot's Trailer,1,Solid Citizen Winnie Warm Up WindBreaker,Rider > Accessories & Apparel > Shirts,SC58-OLIVE-S,Color: Olive Green,Size: S,,,,Corro Trailer 1,67000,67000,67000,190000,0,0,
2,Cycle Counts 2,1785504784408,Eliot's Trailer,1,Solid Citizen Whitney Whipstitch,Rider > Accessories & Apparel > Shirts,SC59-BROWN-XS,Color: Brown,Size: XS,,,,Corro Trailer 1,90000,90000,90000,140000,0,0,
2,Cycle Counts 2,1785504784408,Eliot's Trailer,1,Solid Citizen Whitney Whipstitch,Rider > Accessories & Apparel > Shirts,SC59-BROWN-S,Color: Brown,Size: S,,,,Corro Trailer 1,90000,90000,90000,140000,0,0,
3,Cycle Counts 2,1785504784408,Eliot's Trailer,1,Solid Citizen Whitney Whipstitch,Rider > Accessories & Apparel > Shirts,SC59-BROWN-M,Color: Brown,Size: M,,,,Corro Trailer 1,90000,90000,90000,140000,0,0,
1,Cycle Counts 2,1785504784408,Eliot's Trailer,1,Solid Citizen Whitney Whipstitch,Rider > Accessories & Apparel > Shirts,SC59-BROWN-L,Color: Brown,Size: L,,,,Corro Trailer 1,90000,90000,90000,140000,0,0,
2,Cycle Counts 2,1785504784408,Eliot's Trailer,1,Solid Citizen Bowie Quilted Barn Jacket,Rider > Accessories & Apparel > Shirts,SC57-NAVY-S,Color: Navy,Size: S,,,,Corro Trailer 1,70000,70000,70000,250000,0,0,
2,Cycle Counts 2,1785504784408,Eliot's Trailer,1,Solid Citizen Bowie Quilted Barn Jacket,Rider > Accessories & Apparel > Shirts,SC57-NAVY-M,Color: Navy,Size: M,,,,Corro Trailer 1,70000,70000,70000,250000,0,0,
0,Cycle Counts 2,1785504784408,Eliot's Trailer,1,Solid Citizen Bowie Quilted Barn Jacket,Rider > Accessories & Apparel > Shirts,SC57-NAVY-L,Color: Navy,Size: L,,,,Corro Trailer 1,70000,70000,70000,250000,0,0,
1,Cycle Counts 2,1785504784408,Eliot's Trailer,1,Solid Citizen Bowie Quilted Barn Jacket,Rider > Accessories & Apparel > Shirts,SC57-NAVY-XS,Color: Navy,Size: XS,,,,Corro Trailer 1,70000,70000,70000,250000,0,0,
-1,,,,,Sun Bum SPF 30 Sunscreen Lip Balm,Rider > Accessories & Apparel > Accessories,SunBumSpf30SunscreenLipBalm-DefaultTitle,Title: Default Title,,,,,Corro Trailer 1,3330,3330,3330,5000,0,0,