quantity,bin,binBarcode,shelf,level,productName,productType,sku,option1,option2,option3,lotName,expiration,warehouse,minCost,avgCost,maxCost,price,committed,incoming,velocity
5,ROW 3 : LVL 2,1774281147458,Supplements 2,2,Auburn Laboratories Advanced Protection Formula Pro Muscle & Gastric Support Liquid Supplement,Horse Care > Supplements > Weight Gain & Muscle,APF-E02,Size: 12 Ounces,,,,,Wellington Warehouse,130380,130380,130380,165990,0,0,
2,ROW 3 : LVL 3,1774281614628,Grooming/Tack Cleaner,3,Andis AGC Super 2-Speed Clipper with T-84 Blade,"Horse Care > Grooming & Bathing > Clippers, Blades & Accessories",23330,Title: Default Title,,,,,Wellington Warehouse,144310,144310,144310,209990,0,0,
0,BIN-02,1767626770401,Shelf 5,2,Back on Track 3D Mesh All-purpose Splint Boots,Tack & Equipment > Boots & Wraps > Protective Boots > Front Boots,20800202,Size: Medium,Color: White,,,,Wellington Warehouse,37500,37500,37500,75000,0,0,0.014785177
0,ROW 5 : LVL 4,1769190184154,Fly sprays,4,Ecovet All-Natural Fly Repellent,Horse Care > Fly & Insect Control > Fly Sprays & Traps,011-23855,Size: 18 Ounces,,,,,Wellington Warehouse,21560,21560,21560,30990,0,0,0.041399837
3,ROW 4 : LVL 1,1774281545041,Grooming,1,eZall All-Natural Spot Remover,"Horse Care > Grooming & Bathing > Shampoos, Conditioners, & Sprays > Stain Removers",69-4072,Size: 32 Ounces,,,,,Wellington Warehouse,11200,11200,11200,19990,0,0,
0,ROW 3 : LVL 2,1774281545037,Grooming,2,Lucky Braids All-in-One Horse Shampoo,"Horse Care > Grooming & Bathing > Shampoos, Conditioners, & Sprays > Shampoos",2350,Size: 1 Gallon,,,,,Wellington Warehouse,49500,49500,49500,89950,0,0,0.014793037
0,BIN-02,1767626770401,Shelf 5,2,Back on Track 3D Mesh All-purpose Splint Boots,Tack & Equipment > Boots & Wraps > Protective Boots > Front Boots,20800003,Size: Large,Color: Black,,,,Wellington Warehouse,37500,37500,37500,75000,0,0,0.014560414
4,BIN-02,1767626770401,Shelf 5,2,Back on Track 3D Mesh All-purpose Splint Boots,Tack & Equipment > Boots & Wraps > Protective Boots > Front Boots,20800203,Size: Large,Color: White,,,,Wellington Warehouse,37500,37500,37500,75000,0,0,0.015207414
1,BIN-02,1767626770401,Shelf 5,2,Back on Track 3D Mesh All-purpose Splint Boots,Tack & Equipment > Boots & Wraps > Protective Boots > Front Boots,20800201,Size: Small,Color: White,,,,Wellington Warehouse,37500,37500,37500,75000,0,0,
1,ROW 5 : LVL 3,1769190184153,Fly sprays,3,Ecovet All-Natural Fly Repellent,Horse Care > Fly & Insect Control > Fly Sprays & Traps,ECO-003,Size: 1 Gallon,,,,,Wellington Warehouse,118240,118240,118240,165900,0,0,0.013799945
14,BIN-02,1767626770401,Shelf 5,2,Back on Track 3D Mesh All-purpose Splint Boots,Tack & Equipment > Boots & Wraps > Protective Boots > Front Boots,20800004,Size: X-Large,Color: Black,,,,Wellington Warehouse,37500,37500,37500,75000,0,0,
11,BIN-02,1767626770401,Shelf 5,2,Back on Track 3D Mesh All-purpose Splint Boots,Tack & Equipment > Boots & Wraps > Protective Boots > Front Boots,20800204,Size: X-Large,Color: White,,,,Wellington Warehouse,37500,37500,37500,75000,0,0,
24,ROW 1 : LVL 1,1767888349952,Supplements 1,1,Zoetis ANTHELCIDE EQ Broad-Spectrum Dewormer Paste,Horse Care > Supplements > Wormer,10010462,Size: 24 Grams,,,Lot #785998,2027-10-01,Wellington Warehouse,7040,7040,7040,11180,0,0,
3,ROW 5 : LVL 2,1774281422020,Supplements 3,2,Farnam Apple Elite Electrolyte Powder,Horse Care > Supplements > Electrolytes & Salt,81120,Size: 20 Pounds,,,Lot #2107280150 OR 81120,2026-08-01,Wellington Warehouse,31080,31080,31080,59990,0,0,0.1927396
0,ROW 1 : LVL 1,1774281650387,Hoof/Treats,1,3M Animalintex Poultice Pad,Horse Care > First Aid & Wellness > Poultices & Hoof Packing,1395,Size: 5.5 inches x 5.5 inches - 3 Pack,,,,,Wellington Warehouse,8680,8680,8680,14990,0,0,
9,ROW 5 : LVL 2,1774281422020,Supplements 3,2,Finish Line Apple-A-Day Electrolytes,Horse Care > Supplements > Electrolytes & Salt,2015,Size: 15 Pounds,,,,,Wellington Warehouse,27900,28083,28450,39990,0,0,0.039087992
0,ROW 1 : LVL 1,1774281650387,Hoof/Treats,1,3M Animalintex Poultice Pad,Horse Care > First Aid & Wellness > Poultices & Hoof Packing,1395P,Size: 8 Inches x 16 Inches - Single Sheet,,,,,Wellington Warehouse,7070,7070,7070,9990,0,0,
8,ROW 4 : LVL 3,1774281147463,Supplements 2,3,Farnam Apple Elite Electrolyte Powder,Horse Care > Supplements > Electrolytes & Salt,81110,Size: 5 Pounds,,,Lot #2103042432,2026-08-01,Wellington Warehouse,10280,10280,10280,17990,0,0,0.03165651
17,ROW 5 : LVL 1,1774281422019,Supplements 3,1,Finish Line Apple-A-Day Electrolytes,Horse Care > Supplements > Electrolytes & Salt,2030,Size: 30 Pounds,,,,,Wellington Warehouse,49380,49380,49380,70950,0,0,0.07624176
2,ROW 4 : LVL 3,1774281147463,Supplements 2,3,Finish Line Apple-A-Day Electrolytes,Horse Care > Supplements > Electrolytes & Salt,2005,Size: 5 Pounds,,,,,Wellington Warehouse,11930,11930,11930,16490,0,0,0.15248352
4,BIN-01,1768403023955,Shelf 10,1,Back on Track Bell Boots,Tack & Equipment > Boots & Wraps > Bell Boots,20420003,Size: Large,,,,,Wellington Warehouse,22500,22500,22500,45000,0,0,0.03435021
10,ROW 3 : LVL 2,1774281614627,Grooming/Tack Cleaner,2,Carr & Day & Martin Belvoir Glycerin Conditioning Soap,Tack & Equipment > Leather Care,10020,Size: 250 Milligrams,,,,,Wellington Warehouse,5450,5450,5450,9990,0,0,
0,BIN-01,1768403023955,Shelf 10,1,Back on Track Bell Boots,Tack & Equipment > Boots & Wraps > Bell Boots,20420002,Size: Medium,,,,,Wellington Warehouse,22500,22500,22500,45000,0,0,0.02463567
2,ROW 4 : LVL 1,1774281545041,Grooming,1,Cavalor Bianco Wash,"Horse Care > Grooming & Bathing > Shampoos, Conditioners, & Sprays > Stain Removers",82193050,Size: 500 Milliliters,,,,,Wellington Warehouse,21090,21090,21090,30990,0,0,0.047318608
0,BIN-01,1768403023955,Shelf 10,1,Back on Track Bell Boots,Tack & Equipment > Boots & Wraps > Bell Boots,20420001,Size: Small,,,,,Wellington Warehouse,22500,22500,22500,45000,0,0,0.03315588
8,ROW 3 : LVL 3,1774281614628,Grooming/Tack Cleaner,3,Andis Blade Care Plus,"Horse Care > Grooming & Bathing > Clippers, Blades & Accessories",12590,Size: 16 Ounce Bottle,,,,,Wellington Warehouse,8470,8470,8470,12990,0,0,
11,ROW 1 : LVL 3,1768938712711,First Aid,3,Bigeloil Liniment for Sore Muscle & Joint Relief,Horse Care > First Aid & Wellness > Liniments,427952,Size: 32 Ounces,,,,,Wellington Warehouse,13720,13720,13720,18290,0,0,0.05368399
16,ROW 4 : LVL 2,1774281147462,Supplements 2,2,AniMed Biotin 100 Hoof Support Powder,Horse Care > Supplements > Hoof Health,90111,Size: 5 Pounds,,,,,Wellington Warehouse,11280,11280,11280,33990,0,0,0.074905895
19,ROW 4 : LVL 2,1774281147462,Supplements 2,2,AniMed Biotin 100 Hoof Support Powder,Horse Care > Supplements > Hoof Health,9011125,Size: 2.5 Pounds,,,,,Wellington Warehouse,0,0,0,17590,0,0,
19,ROW 1 : LVL 4,1768938712712,First Aid,4,Bigeloil Liniment for Sore Muscle & Joint Relief,Horse Care > First Aid & Wellness > Liniments,427954,Size: 1 Gallon,,,,,Wellington Warehouse,40390,40390,40390,54090,0,0,
21,ROW 5 : LVL 2,1769190184152,Fly sprays,2,Farnam Bronco Equine Fly Spray,Horse Care > Fly & Insect Control > Fly Sprays & Traps,100502328,Size: 1 Quart,,,,,Wellington Warehouse,5450,5450,5450,12990,0,0,
10,ROW 5 : LVL 2,1769190184152,Fly sprays,2,Farnam Bronco Equine Fly Spray,Horse Care > Fly & Insect Control > Fly Sprays & Traps,100502327,Size: 1 Gallon,,,,,Wellington Warehouse,18380,18380,18380,29970,0,0,0.011413934
6,ROW 4 : LVL 2,1774281614632,Grooming/Tack Cleaner,2,Carr & Day & Martin Canter Mane & Tail Conditioner,"Horse Care > Grooming & Bathing > Shampoos, Conditioners & Sprays > Detanglers, Shines & Sprays",20106,Size: 1 Liter,,,,,Wellington Warehouse,16050,16050,16050,25990,0,0,
0,BIN-01,1768403023955,Shelf 10,1,Centaur Fleece Cuff Bell Boots,Tack & Equipment > Boots & Wraps > Bell Boots,470790WHT SML,Size: Small,Color: White,,,,Wellington Warehouse,14980,14980,14980,21990,0,0,
2,ROW 4 : LVL 2,1774281614632,Grooming/Tack Cleaner,2,Carr & Day & Martin Canter Mane & Tail Conditioner,"Horse Care > Grooming & Bathing > Shampoos, Conditioners & Sprays > Detanglers, Shines & Sprays",CC025,Size: 500 Milliliters,,,,,Wellington Warehouse,9590,9590,9590,15990,0,0,0.06615274
0,BIN-01,1768403023955,Shelf 10,1,Centaur Fleece Cuff Bell Boots,Tack & Equipment > Boots & Wraps > Bell Boots,470790BLK SML,Size: Small,Color: Black,,,,Wellington Warehouse,14980,14980,14980,21990,0,0,
3,ROW 4 : LVL 4,1774281147464,Supplements 2,4,AniMed CoMega Supreme Nutritional Oil,Horse Care > Supplements > Vitamins & Minerals,053-90412,Size: 1 Gallon,,,,,Wellington Warehouse,18070,18070,18070,31390,0,0,
41,ROW 1 : LVL 1,1768938420680,First Aid,1,Andover CoFlex Vet Cohesive Bandages - Single Roll,Horse Care > First Aid & Wellness > First Aid Supplies,3540WH-018,Size: 4-inch x 5 Yards,Color: White,,,,Wellington Warehouse,1500,1500,1500,1990,0,0,
36,ROW 3 : LVL 3,1774281614628,Grooming/Tack Cleaner,3,Andis Clipper Oil,"Horse Care > Grooming & Bathing > Clippers, Blades & Accessories",12501,Size: 4 Ounces,,,,,Wellington Warehouse,1290,1290,1290,2350,0,0,
16,ROW 1 : LVL 4,1768938712712,First Aid,4,Sore No-More Classic Herbal Gelotion Liniment,Horse Care > First Aid & Wellness > Liniments,AD005,Size: 1 Gallon,,,,,Wellington Warehouse,73370,73370,73370,132920,0,0,
16,ROW 4 : LVL 4,1774281147464,Supplements 2,4,Uckele Equine CocoSoya Fatty Acid Formula Liquid,Horse Care > Supplements > Weight Gain & Muscle,2109763239,Size: 1 Gallon,,,Lot #3358383,2027-07-01,Wellington Warehouse,24560,24560,24560,35740,0,0,
3,ROW 4 : LVL 4,1774281147464,Supplements 2,4,Uckele Equine CocoSoya Fatty Acid Formula Liquid,Horse Care > Supplements > Weight Gain & Muscle,2109763239,Size: 1 Gallon,,,Lot #3317229,2026-11-01,Wellington Warehouse,24560,24560,24560,35740,0,0,
32,ROW 1 : LVL 1,1768938420680,First Aid,1,Andover CoFlex Vet Cohesive Bandages - Single Roll,Horse Care > First Aid & Wellness > First Aid Supplies,3540BK-018,Size: 4-inch x 5 Yards,Color: Black,,,,Wellington Warehouse,1460,1460,1460,1990,0,0,0.434476
56,ROW 4 : LVL 4,1774281545044,Grooming,4,The Original Mane 'n Tail Conditioner,"Horse Care > Grooming & Bathing > Shampoos, Conditioners, & Sprays > Conditioners",013-32375,Size: 1 Gallon,,,,,Wellington Warehouse,15300,15300,15300,31400,0,0,0.025156958
0,ROW 3 : LVL 3,1774281147459,Supplements 2,3,Bimeda Confidence EQ Equine Appeasing Pheromone Gel,Horse Care > Supplements > Calming & Focus,1CON011,Size: 10-pack,,,,,Wellington Warehouse,36080,36080,36080,52990,0,0,0.070978865
19,ROW 1 : LVL 3,1768938712711,First Aid,3,Absorbine CoolDown Herbal Rinse,Horse Care > First Aid & Wellness > Liniments,427870,Size: 32 Ounces,,,,,Wellington Warehouse,18530,18687,18800,24490,0,0,0.042866185
0,Grid wall,1770916055031,Girths,1,Lettia Coolmax Clik Girth,Tack & Equipment > Girths & Cinches > English Girths > Hunter/Jumper Girths,7894,Size: 44 inch,,,,,Wellington Warehouse,40000,40000,40000,59990,0,0,
0,Grid wall,1770916055031,Girths,1,Lettia CoolMax Fleece-lined Girth,Tack & Equipment > Girths & Cinches > English Girths > Hunter/Jumper Girths,GM48,Size: 48-inch,,,,,Wellington Warehouse,31500,31500,31500,59990,0,0,
0,Grid wall,1770916055031,Girths,1,Lettia CoolMax Fleece-lined Girth,Tack & Equipment > Girths & Cinches > English Girths > Hunter/Jumper Girths,GM40,Size: 40-inch,,,,,Wellington Warehouse,31500,31500,31500,59990,0,0,0.015735323
0,Grid wall,1770916055031,Girths,1,Lettia CoolMax Fleece-lined Girth,Tack & Equipment > Girths & Cinches > English Girths > Hunter/Jumper Girths,GM42,Size: 42-inch,,,,,Wellington Warehouse,31500,31500,31500,59990,0,0,
2,ROW 1 : LVL 3,1768938712711,First Aid,3,Cavalor CoolSens Liniment,Horse Care > First Aid & Wellness > Liniments,82193605,Size: 500 ml,,,,,Wellington Warehouse,20390,20390,20390,29990,0,0,0.07578826
10,ROW 3 : LVL 1,1774281545036,Grooming,1,Cowboy Magic Rosewater Conditioner,"Horse Care > Grooming & Bathing > Shampoos, Conditioners, & Sprays > Conditioners",3016,Size: 16 Ounces,,,,,Wellington Warehouse,4860,4860,4860,10990,0,0,
13,ROW 4 : LVL 3,1774281614633,Grooming/Tack Cleaner,3,Cowboy Magic Detangler & Shine,"Horse Care > Grooming & Bathing > Shampoos, Conditioners & Sprays > Detanglers, Shines & Sprays",11815-2,Size: 16 Ounces,,,,,Wellington Warehouse,21080,21880,23480,28990,0,0,0.040535416
1,ROW 3 : LVL 1,1774281545036,Grooming,1,Cowboy Magic Rosewater Conditioner,"Horse Care > Grooming & Bathing > Shampoos, Conditioners, & Sprays > Conditioners",3128,Size: 1 Gallon,,,,,Wellington Warehouse,27100,27100,27100,38990,0,0,
3,ROW 3 : LVL 1,1774281545036,Grooming,1,Cowboy Magic Rosewater Shampoo,"Horse Care > Grooming & Bathing > Shampoos, Conditioners, & Sprays > Shampoos",320166,Size: 32 Ounces,,,,,Wellington Warehouse,9320,9320,9320,15990,0,0,
3,ROW 3 : LVL 1,1774281545036,Grooming,1,Cowboy Magic GreenSpot Remover,"Horse Care > Grooming & Bathing > Shampoos, Conditioners, & Sprays > Stain Removers",320444,Size: Gallon,,,,,Wellington Warehouse,24470,24755,25040,39990,0,0,
17,ROW 4 : LVL 3,1774281614633,Grooming/Tack Cleaner,3,Cowboy Magic Detangler & Shine,"Horse Care > Grooming & Bathing > Shampoos, Conditioners & Sprays > Detanglers, Shines & Sprays",11815-3,Size: 32 Ounces,,,,,Wellington Warehouse,38300,39947,43240,49990,0,0,
4,ROW 3 : LVL 1,1774281545036,Grooming,1,Cowboy Magic GreenSpot Remover,"Horse Care > Grooming & Bathing > Shampoos, Conditioners, & Sprays > Stain Removers",013-4000,Size: 32 Ounces,,,,,Wellington Warehouse,7410,7410,7410,14990,0,0,0.0342251
2,ROW 3 : LVL 1,1774281545036,Grooming,1,Cowboy Magic Rosewater Conditioner,"Horse Care > Grooming & Bathing > Shampoos, Conditioners, & Sprays > Conditioners",3032,Size: 32 Ounces,,,,,Wellington Warehouse,7620,7620,7620,15990,0,0,
11,ROW 3 : LVL 1,1774281545036,Grooming,1,Cowboy Magic Shine In Yellow Out,"Horse Care > Grooming & Bathing > Shampoos, Conditioners, & Sprays > Stain Removers",5016,Size: 16 Ounces,,,,,Wellington Warehouse,6560,6560,6560,11990,0,0,0.014946808
4,ROW 3 : LVL 1,1774281545036,Grooming,1,Cowboy Magic Rosewater Shampoo,"Horse Care > Grooming & Bathing > Shampoos, Conditioners, & Sprays > Shampoos",320126,Size: 16 Ounces,,,,,Wellington Warehouse,5900,5900,5900,9990,0,0,
3,ROW 4 : LVL 1,1774281147461,Supplements 2,1,"Select the Best Dark Horse Nu-Image Coat, Mane, & Tail Support",Horse Care > Supplements > Skin & Coat,620506,Size: 5 Pounds,,,,,Wellington Warehouse,34430,34430,34430,46990,0,0,
2,ROW 2 : LVL 1,1774281650391,Hoof/Treats,1,Cavalor Crunchies Healthy Horse Snacks,Horse Care > Treats & Toys > Treats,82696309,Size: 1.5 Kilograms,,,Lot# LL099,2026-09-10,Wellington Warehouse,13450,13450,13450,19990,0,0,0.13418974
24,ROW 3 : LVL 1,1774281147457,Supplements 2,1,Redmond Daily Gold Stress Relief,Horse Care > Supplements > Digestive & Gut Health,330844,Size: 70cc,,,,,Wellington Warehouse,9210,9210,9210,12990,0,0,
5,BIN-04,1767722157720,Shelf 7,4,Tough-1 600D Poly Grooming Tote,Horse Care > Grooming & Bathing > Brushes & Tools > Grooming Bags,72-9965-4-0,Color: Blue/Royal,,,,,Wellington Warehouse,13990,13990,13990,23990,0,0,
6,ROW 4 : LVL 2,1774281614632,Grooming/Tack Cleaner,2,The Original Mane 'n Tail Detangler,"Horse Care > Grooming & Bathing > Shampoos, Conditioners & Sprays > Detanglers, Shines & Sprays",544834,Size: 1 Gallon,,,,,Wellington Warehouse,26490,26490,26490,36990,0,0,
13,ROW 4 : LVL 2,1774281614632,Grooming/Tack Cleaner,2,The Original Mane 'n Tail Detangler,"Horse Care > Grooming & Bathing > Shampoos, Conditioners & Sprays > Detanglers, Shines & Sprays",544826,Size: 32 Ounces,,,,,Wellington Warehouse,11820,11820,11820,16990,0,0,
1,ROW 3 : LVL 1,1774281147457,Supplements 2,1,Probios Dispersible Powder,Horse Care > Supplements > Digestive & Gut Health,CHR-403,Size: 5 Pounds,,,Lot# 3793603,2027-07-15,Wellington Warehouse,56390,56390,56390,70370,0,0,0.015494499
6,ROW 3 : LVL 1,1774281147457,Supplements 2,1,Probios Dispersible Powder,Horse Care > Supplements > Digestive & Gut Health,CHR-403,Size: 5 Pounds,,,PROBIOS,2027-07-17,Wellington Warehouse,56390,56390,56390,70370,0,0,0.015494499
3,LVL 2,1772124449866,Hoof Boots,2,"EasyCare Easyboot Epic Hoof Boot, Single Boot",Tack & Equipment > Boots & Wraps > Hoof Boots,SB-EASYE0,Size: Size 0,,,,,Wellington Warehouse,57750,57750,57750,99950,0,0,
5,LVL 2,1772124449866,Hoof Boots,2,"EasyCare Easyboot New Trail Boot, Single Boot",Tack & Equipment > Boots & Wraps > Hoof Boots,SB-EBNT-3,Size: Size 3,,,,,Wellington Warehouse,55260,55260,55260,97000,0,0,
2,BIN-01,1768403023955,Shelf 10,1,"EasyCare Easyboot Cloud Insert Pad, Pair",Tack & Equipment > Boots & Wraps > Hoof Boots,SB-EBCI-3,Size: Size 3,,,,,Wellington Warehouse,13020,13020,13020,25950,0,0,
1,LVL 2,1772124449866,Hoof Boots,2,"EasyCare Easyboot Epic Hoof Boot, Single Boot",Tack & Equipment > Boots & Wraps > Hoof Boots,SB-EASYE00,Size: Size 00,,,,,Wellington Warehouse,57750,57750,57750,99950,0,0,
1,LVL 2,1772124449866,Hoof Boots,2,"EasyCare Easyboot Cloud Hoof Boot, Single Boot",Tack & Equipment > Boots & Wraps > Hoof Boots,SB-EBC-0,Size: Size 0,,,,,Wellington Warehouse,59610,59610,59610,92000,0,0,
3,LVL 2,1772124449866,Hoof Boots,2,"EasyCare Easyboot New Trail Boot, Single Boot",Tack & Equipment > Boots & Wraps > Hoof Boots,SB-EBNT-6,Size: Size 6,,,,,Wellington Warehouse,55260,55260,55260,97000,0,0,
6,LVL 2,1772124449866,Hoof Boots,2,"EasyCare Easyboot New Trail Boot, Single Boot",Tack & Equipment > Boots & Wraps > Hoof Boots,SB-EBNT-0,Size: Size 0,,,,,Wellington Warehouse,55260,55260,55260,97000,0,0,
7,LVL 2,1772124449866,Hoof Boots,2,"EasyCare Easyboot Epic Hoof Boot, Single Boot",Tack & Equipment > Boots & Wraps > Hoof Boots,SB-EASYE3,Size: Size 3,,,,,Wellington Warehouse,68310,68310,68310,99950,0,0,
0,LVL 2,1772124449866,Hoof Boots,2,"EasyCare Easyboot Rx Hoof Boot, Single Boot",Tack & Equipment > Boots & Wraps > Hoof Boots,SB-EBRX-5,Size: Size 5,,,,,Wellington Warehouse,53400,53400,53400,89950,0,0,
1,BIN-01,1768403023955,Shelf 10,1,"EasyCare Easyboot Cloud Insert Pad, Pair",Tack & Equipment > Boots & Wraps > Hoof Boots,SB-EBCI-5,Size: Size 5,,,,,Wellington Warehouse,13020,13020,13020,25950,0,0,
6,LVL 2,1772124449866,Hoof Boots,2,"EasyCare Easyboot New Trail Boot, Single Boot",Tack & Equipment > Boots & Wraps > Hoof Boots,SB-EBNT-7,Size: Size 7,,,,,Wellington Warehouse,63960,63960,63960,113000,0,0,
1,LVL 2,1772124449866,Hoof Boots,2,"EasyCare Easyboot Epic Hoof Boot, Single Boot",Tack & Equipment > Boots & Wraps > Hoof Boots,SB-EASYE4,Size: Size 4,,,,,Wellington Warehouse,68310,68310,68310,99950,0,0,
6,BIN-01,1768403023955,Shelf 10,1,"EasyCare Easyboot Cloud Insert Pad, Pair",Tack & Equipment > Boots & Wraps > Hoof Boots,SB-EBCI-0,Size: Size 0,,,,,Wellington Warehouse,13020,13020,13020,25950,0,0,
1,LVL 2,1772124449866,Hoof Boots,2,"EasyCare Easyboot Epic Hoof Boot, Single Boot",Tack & Equipment > Boots & Wraps > Hoof Boots,SB-EASYE5,Size: Size 5,,,,,Wellington Warehouse,68310,68310,68310,99950,0,0,
4,LVL 1,1772124449865,Hoof Boots,1,"EasyCare Easyboot Rx Hoof Boot, Single Boot",Tack & Equipment > Boots & Wraps > Hoof Boots,SB-EBRX-6,Size: Size 6,,,,,Wellington Warehouse,53400,53400,53400,82000,0,0,
4,LVL 2,1772124449866,Hoof Boots,2,"EasyCare Easyboot New Trail Boot, Single Boot",Tack & Equipment > Boots & Wraps > Hoof Boots,SB-EBNT-5,Size: Size 5,,,,,Wellington Warehouse,55260,55260,55260,97000,0,0,
27,ROW 5 : LVL 2,1769190184152,Fly sprays,2,Farnam Endure Sweat Resistant Fly Spray,Horse Care > Fly & Insect Control > Fly Sprays & Traps,3002431,Size: 32 Ounces,,,,,Wellington Warehouse,0,10180,20360,24990,0,0,0.1070436
1,LVL 2,1772124449866,Hoof Boots,2,"EasyCare Easyboot Original Trail Hoof Boot, Single Boot",Tack & Equipment > Boots & Wraps > Hoof Boots,SB-EBT-3,Size: Size 3,,,,,Wellington Warehouse,39110,39110,39110,74990,0,0,
1,LVL 1,1772124449865,Hoof Boots,1,"Cavallo Entry Level Regular Sole Hoof Boot (ELB), Single Boot",Tack & Equipment > Boots & Wraps > Hoof Boots,11-4184SPK-6,Size: Size 6,Color: Bling,,,,Wellington Warehouse,41200,41200,41200,64990,0,0,
4,LVL 1,1772124449865,Hoof Boots,1,"Cavallo Entry Level Regular Sole Hoof Boot (ELB), Single Boot",Tack & Equipment > Boots & Wraps > Hoof Boots,11-4184-5,Size: Size 5,Color: Black,,,,Wellington Warehouse,38500,38500,38500,64990,0,0,0.032146327
8,LVL 2,1772124449866,Hoof Boots,2,"EasyCare Easyboot Original Trail Hoof Boot, Single Boot",Tack & Equipment > Boots & Wraps > Hoof Boots,SB-EBT-4,Size: Size 4,,,,,Wellington Warehouse,39110,39110,39110,74990,0,0,
5,LVL 2,1772124449866,Hoof Boots,2,"EasyCare Easyboot Original Trail Hoof Boot, Single Boot",Tack & Equipment > Boots & Wraps > Hoof Boots,SB-EBT-5,Size: Size 5,,,,,Wellington Warehouse,39110,39110,39110,74990,0,0,
8,ROW 5 : LVL 2,1769190184152,Fly sprays,2,Farnam Endure Sweat Resistant Fly Spray,Horse Care > Fly & Insect Control > Fly Sprays & Traps,100526253,Size: 1 Gallon,,,,,Wellington Warehouse,62000,62000,62000,79990,0,0,
1,LVL 2,1772124449866,Hoof Boots,2,"EasyCare Easyboot Original Trail Hoof Boot, Single Boot",Tack & Equipment > Boots & Wraps > Hoof Boots,SB-EBT-11,Size: Size 11,,,,,Wellington Warehouse,81980,81980,81980,106950,0,0,
4,LVL 1,1772124449865,Hoof Boots,1,"Cavallo Entry Level Regular Sole Hoof Boot (ELB), Single Boot",Tack & Equipment > Boots & Wraps > Hoof Boots,11-4184SPK-5,Size: Size 5,Color: Bling,,,,Wellington Warehouse,41200,41200,41200,64990,0,0,
10,LVL 1,1772124449865,Hoof Boots,1,"Cavallo Entry Level Regular Sole Hoof Boot (ELB), Single Boot",Tack & Equipment > Boots & Wraps > Hoof Boots,11-4184SPK-0,Size: Size 0,Color: Bling,,,,Wellington Warehouse,41200,41200,41200,64990,0,0,
16,LVL 2,1772124449866,Hoof Boots,2,"EasyCare Easyboot Original Trail Hoof Boot, Single Boot",Tack & Equipment > Boots & Wraps > Hoof Boots,SB-EBT-2,Size: Size 2,,,,,Wellington Warehouse,39110,39110,39110,74990,0,0,
3,LVL 1,1772124449865,Hoof Boots,1,"Cavallo Entry Level Regular Sole Hoof Boot (ELB), Single Boot",Tack & Equipment > Boots & Wraps > Hoof Boots,11-4184-0,Size: Size 0,Color: Black,,,,Wellington Warehouse,38500,38500,38500,64990,0,0,
0,ROW 2 : LVL 2,1767888398018,Supplements 1,2,Kentucky Performance Elevate Se,Horse Care > Supplements > Vitamins & Minerals,990006,Size: 2 Pounds,,,,,Wellington Warehouse,51590,51590,51590,67950,0,0,0.03532885
5,LVL 2,1772124449866,Hoof Boots,2,"Cavallo Entry Level Slim Sole Hoof Boot (ELB), Single Boot",Tack & Equipment > Boots & Wraps > Hoof Boots,11-4185SPK-0,Size: Size 0,Color: Bling,,,,Wellington Warehouse,41200,41200,41200,64950,0,0,
23,ROW 2 : LVL 1,1774281650391,Hoof/Treats,1,Horsemen's Pride Equine Jolly Tug,Horse Care > Treats & Toys > Toys & Licks,JT14BL,Size: 14-inch,Color: Blue,,,,Wellington Warehouse,23200,23200,23200,35990,0,0,
0,ROW 4 : LVL 1,1774281545041,Grooming,1,Cavalor Equi Wash,"Horse Care > Grooming & Bathing > Shampoos, Conditioners, & Sprays > Shampoos",82193101,Size: 500 Milliliters,,,,,Wellington Warehouse,14290,14290,14290,16990,0,0,
6,LVL 2,1772124449866,Hoof Boots,2,"Cavallo Entry Level Slim Sole Hoof Boot (ELB), Single Boot",Tack & Equipment > Boots & Wraps > Hoof Boots,11-4185-1,Size: Size 1,Color: Black,,,,Wellington Warehouse,38500,38500,38500,64950,0,0,
1,LVL 2,1772124449866,Hoof Boots,2,"Cavallo Entry Level Slim Sole Hoof Boot (ELB), Single Boot",Tack & Equipment > Boots & Wraps > Hoof Boots,11-4185-4,Size: Size 4,Color: Black,,,,Wellington Warehouse,38500,38500,38500,64950,0,0,
7,LVL 2,1772124449866,Hoof Boots,2,"Cavallo Entry Level Slim Sole Hoof Boot (ELB), Single Boot",Tack & Equipment > Boots & Wraps > Hoof Boots,11-4185-0,Size: Size 0,Color: Black,,,,Wellington Warehouse,38500,38500,38500,64950,0,0,
2,ROW 1 : LVL 1,1767888349952,Supplements 1,1,Bimeda EquiMAX Dewormer,Horse Care > Supplements > Wormer,1EQU024,Size: 6.42 Grams,,,Lot# 250856,2027-02-02,Wellington Warehouse,12590,13720,14850,18990,0,0,0.12832098
0,ROW 5 : LVL 4,1769190184154,Fly sprays,4,Pyranha Equine Spray & Wipe Water Based Formula,Horse Care > Fly & Insect Control > Fly Sprays & Traps,001EQSPRAY,Size: 1 Quart,,,,,Wellington Warehouse,13630,13630,13630,17990,0,0,
4,ROW 5 : LVL 4,1769190184154,Fly sprays,4,Country Vet Equine Mosquito and Fly Control Kit,Horse Care > Fly & Insect Control > Fly Sprays & Traps,009-321962CVA,Size: 1 Kit,,,,,Wellington Warehouse,40270,40270,40270,49990,0,0,0.022571517
0,ROW 5 : LVL 4,1769190184154,Fly sprays,4,Pyranha Equine Spray & Wipe Water Based Formula,Horse Care > Fly & Insect Control > Fly Sprays & Traps,001EQS15,Size: 15 Ounces,,,,,Wellington Warehouse,0,0,0,10990,0,0,
4,ROW 4 : LVL 1,1774281147461,Supplements 2,1,MVP Exceed 6-Way Pelleted Supplement,Horse Care > Supplements > Joint Health,78500264,Size: 8 Pounds,,,,,Wellington Warehouse,74900,74900,74900,121980,0,0,
2,ROW 3 : LVL 1,1774281147457,Supplements 2,1,Probios Feed Granules,Horse Care > Supplements > Digestive & Gut Health,022-CHR406,Size: 5 Pounds,,,Lot #3759228,2026-10-30,Wellington Warehouse,36780,36780,36780,44990,0,0,
0,ROW 1 : LVL 1,1774281650387,Hoof/Treats,1,Farriers' Fix Hoof Oil,Horse Care > Grooming & Bathing > Hoof Oils & Conditioner,899162002119,Size: 64 Ounces,,,,,Wellington Warehouse,51000,51000,51000,78900,0,0,0.022791918
3,BIN-04,1773766441666,Shelf 16,4,Horseware Ireland Field Safe Halter,Tack & Equipment > Halters & Leads > Halters > Nylon & Rope Halters,DHHF40-B000-CO,Size: Cob,Color: Navy,,,,Wellington Warehouse,20000,20000,20000,39950,0,0,
5,BIN-04,1773766441666,Shelf 16,4,Horseware Ireland Field Safe Halter,Tack & Equipment > Halters & Leads > Halters > Nylon & Rope Halters,DHHF40-G000-PY,Size: Pony,Color: Green,,,,Wellington Warehouse,20000,20000,20000,39950,0,0,
4,LVL 1,1770059667422,Buckets,1,Horsemen's Pride Plastic Fence Feeder,Stable > Stable Supplies > Feed & Water Buckets,024BLK,Size: 12-quart,Color: Black,,,,Wellington Warehouse,14190,14190,14190,15990,0,0,0.26533294
0,BIN-02,1773766480620,Shelf 18,2,Weaver Leather Flat Nylon Lunge Line with Snap,Tack & Equipment > Training & Lunging > Lunge Lines,35-7062-BK,Size: 1-inch x 24 Feet,Color: Black,,,,Wellington Warehouse,15900,15900,15900,27990,0,0,
5,BIN-04,1767722157720,Shelf 7,4,Kensington Freedom Feeder Trailer-Mini Net (2 Flake),Stable > Stable Supplies > Hay Nets & Bags,FF-TM1.5,Size: 1.5-inch,,,,,Wellington Warehouse,25000,25000,25000,42990,0,0,
3,BIN-04,1767722157720,Shelf 7,4,Kensington Freedom Feeder Day Net (4 Flake),Stable > Stable Supplies > Hay Nets & Bags,FF-D1.5,Size: 1.5-inch,,,,,Wellington Warehouse,35000,35000,35000,59990,0,0,
2,ROW 1 : LVL 3,1768938712711,First Aid,3,Cavalor FreeBute Pain Relief Gel,Horse Care > First Aid & Wellness > Liniments,82194852,Size: 200 Milliliters,,,,,Wellington Warehouse,26590,26590,26590,38990,0,0,
5,ROW 2 : LVL 1,1774282126773,First Aid,1,3M Gamgee Highly Absorbent Padding,Horse Care > First Aid & Wellness > Wound Care & Topicals,084-1396M,Size: 12 inches x 11.6 feet,,,,,Wellington Warehouse,15320,16753,18260,21990,0,0,
1,ROW 4 : LVL 1,1774281147461,Supplements 2,1,Hilton Herbs Freeway Respiration Support Supplement,Horse Care > Supplements > Respiratory & Allergy,70109,Size: 2.2 Pounds,,,Lot #4317,2027-11-12,Wellington Warehouse,42000,42000,42000,61990,0,0,0.032971434
0,ROW 1 : LVL 4,1767974772720,Supplements 1,4,Uckele Equine GUT Digestive & GI Support Powder,Horse Care > Supplements > Digestive & Gut Health,2109696379,Size: 10 Pounds,,,,,Wellington Warehouse,153900,153900,153900,194680,0,0,
7,ROW 4 : LVL 4,1774281147464,Supplements 2,4,AniMed FSO Flaxseed Oil Blend,Horse Care > Supplements > Skin & Coat,053-90665,Size: 1 Gallon,,,,,Wellington Warehouse,23690,23690,23690,38900,0,0,
2,ROW 4 : LVL 2,1774281147462,Supplements 2,2,AniMed Glucosamine 5000 Powdered Joint Supplement,Horse Care > Supplements > Joint Health,90417,Size: 5 Pounds,,,Lot# 29529,2028-05-01,Wellington Warehouse,27760,27760,27760,55240,0,0,
4,ROW 4 : LVL 2,1774281147462,Supplements 2,2,AniMed Glucosamine 5000 Powdered Joint Supplement,Horse Care > Supplements > Joint Health,90417,Size: 5 Pounds,,,,,Wellington Warehouse,27760,27760,27760,55240,0,0,
10,ROW 4 : LVL 2,1774281147462,Supplements 2,2,AniMed Glucosamine 5000 Powdered Joint Supplement,Horse Care > Supplements > Joint Health,90416,Size: 2.25 Pounds,,,,,Wellington Warehouse,14980,14980,14980,26390,0,0,
15,ROW 4 : LVL 2,1774281147462,Supplements 2,2,AniMed Glucosamine 5000 Powdered Joint Supplement,Horse Care > Supplements > Joint Health,90415,Size: 16 Ounces,,,Lot #25337-211521,2026-08-01,Wellington Warehouse,7220,7220,7220,16990,0,0,0.03009557
3,ROW 1 : LVL 3,1774281650389,Hoof/Treats,3,Keratex Hoof Hardener,Horse Care > Grooming & Bathing > Hoof Oils & Conditioner,13477-1,Size: 250 Millileters,,,,,Wellington Warehouse,29140,29140,29140,39990,0,0,0.075048946
6,ROW 1 : LVL 1,1774281650387,Hoof/Treats,1,Keratex Hoof Gel,Horse Care > Grooming & Bathing > Hoof Oils & Conditioner,KHG 1000,Size: 1 Liter,,,,,Wellington Warehouse,20630,20630,20630,32990,0,0,0.064404875
0,ROW 1 : LVL 1,1767888349952,Supplements 1,1,Hilton Herbs Himalayan Salt Lick,Horse Care > Treats & Toys > Toys & Licks,26002,Size: 6.5 Pounds (Medium),,,,,Wellington Warehouse,14250,14250,14250,19990,0,0,
2,ROW 3 : LVL 3,1774281147459,Supplements 2,3,Cavalor Hoof Aid Special,Horse Care > Supplements > Hoof Health,82690910,Size: 10 Kilograms,,,Lot# US26020001,2027-09-30,Wellington Warehouse,159190,159190,159190,233990,0,0,0.030988999
3,ROW 1 : LVL 1,1774281650387,Hoof/Treats,1,Effol Hoof Oil,Horse Care > Grooming & Bathing > Hoof Oils & Conditioner,111475,Size: 475 Milliliters,,,,,Wellington Warehouse,14200,14200,14200,24990,0,0,0.061886486
2,BIN-03,1768403067587,Shelf 12,3,"Click Hock Shield, One Pair",Tack & Equipment > Boots & Wraps > Protective Boots > Hock & Knee Boots,HSrp,Size: Regular,,,,,Wellington Warehouse,27790,27790,27790,44990,0,0,
10,ROW 1 : LVL 1,1774281650387,Hoof/Treats,1,Absorbine Hooflex Thrush Remedy,Horse Care > First Aid & Wellness > Hoof Care > Thrush,428455,Size: 12 Ounces,,,,,Wellington Warehouse,11700,11700,11700,16990,0,0,0.12841044
7,ROW 1 : LVL 1,1774281650387,Hoof/Treats,1,Absorbine Hooflex All Natural Dressing And Conditioner,Horse Care > Grooming & Bathing > Hoof Oils & Conditioner,14496-1,Size: 15 Ounces,,,,,Wellington Warehouse,13970,13970,13970,20890,0,0,0.040885072
0,ROW 1 : LVL 3,1774281650389,Hoof/Treats,3,Effol Hoof Ointment,Horse Care > Grooming & Bathing > Hoof Oils & Conditioner,110601,Size: 500 Milliliters,Color: Black,,,,Wellington Warehouse,7700,7700,7700,9990,0,0,0.04497171
2,ROW 1 : LVL 1,1774281650387,Hoof/Treats,1,Keratex Hoof Putty,Horse Care > Grooming & Bathing > Hoof Oils & Conditioner,KHP,Size: 200 Grams,,,,,Wellington Warehouse,14980,14980,14980,23500,1,0,0.054966405
3,ROW 1 : LVL 1,1774281650387,Hoof/Treats,1,Effol Hoof Ointment,Horse Care > Grooming & Bathing > Hoof Oils & Conditioner,110112,Size: 1 Liter,Color: Green,,,,Wellington Warehouse,14500,14500,14500,21990,0,0,
8,ROW 1 : LVL 2,1768938712710,First Aid,2,Banixx Horse & Pet Care Antibacterial & Antifungal Spray,Horse Care > First Aid & Wellness > Wound Care & Topicals,897227002005,Size: 16 Ounces,,,,,Wellington Warehouse,12260,12260,12260,24770,0,0,
8,ROW 1 : LVL 2,1768938712710,First Aid,2,Banixx Horse & Pet Care Antibacterial & Antifungal Spray,Horse Care > First Aid & Wellness > Wound Care & Topicals,2012,Size: 32 Ounces,,,,,Wellington Warehouse,21180,21180,21180,38940,0,0,
7,ROW 1 : LVL 1,1774281650387,Hoof/Treats,1,Absorbine Hooflex Therapeutic Conditioner Liquid,Horse Care > Grooming & Bathing > Hoof Oils & Conditioner,11713-1,Size: 15 Ounces,,,,,Wellington Warehouse,12720,12720,12720,19790,0,0,
7,ROW 1 : LVL 3,1768938712711,First Aid,3,Hawthorne Products Ichthammol 20%,Horse Care > First Aid & Wellness > Wound Care & Topicals,16827-1,Size: 16 Ounces,,,,,Wellington Warehouse,18030,18030,18030,27990,0,0,
12,ROW 1 : LVL 1,1774281650387,Hoof/Treats,1,IceTight 24-hour Poultice,Horse Care > First Aid & Wellness > Poultices & Hoof Packing,77125,Size: 25 Pounds,,,,,Wellington Warehouse,31470,31877,32080,46990,0,0,0.06307066
14,ROW 1 : LVL 1,1774281650387,Hoof/Treats,1,IceTight 24-hour Poultice,Horse Care > First Aid & Wellness > Poultices & Hoof Packing,77105,Size: 7.5 Pounds,,,,,Wellington Warehouse,11470,11530,11650,16990,0,0,
2,ROW 3 : LVL 2,1774281614627,Grooming/Tack Cleaner,2,Absorbine Horseman’s One Step Cream Leather Cleaner & Conditioner,Tack & Equipment > Leather Care,428320,Size: 15 Ounces,,,,,Wellington Warehouse,7550,7550,7550,10990,0,0,
2,ROW 5 : LVL 2,1774281422020,Supplements 3,2,Farnam Horseshoer's Secret Pelleted Hoof Supplement,Horse Care > Supplements > Hoof Health,13322,Size: 22 Pound,,,,,Wellington Warehouse,60270,60270,60270,86310,0,0,
30,ROW 5 : LVL 4,1769190184154,Fly sprays,4,Pyranha Insecticide,Horse Care > Fly & Insect Control > Fly Sprays & Traps,001AERO,Size: 15 Ounces,,,,,Wellington Warehouse,17260,17260,17260,24990,4,0,
1,ROW 2 : LVL 1,1774281650391,Hoof/Treats,1,Horsemen's Pride Jolly Ball,Horse Care > Treats & Toys > Toys & Licks,410PK,Flavor: Bubble Gum,Size: 10-inch,,,,Wellington Warehouse,15720,15720,15720,22990,0,0,0.09744014
0,ROW 4 : LVL 1,1774281614631,Grooming/Tack Cleaner,1,Farnam Laser Sheen Dazzling Shine & Detangler,"Horse Care > Grooming & Bathing > Shampoos, Conditioners & Sprays > Detanglers, Shines & Sprays",11229-1,Size: 12-ounce Concentrate,,,,,Wellington Warehouse,14740,14740,14740,23990,0,0,
28,LVL 1,1770059667422,Buckets,1,Horsemen's Pride Large Feed Tub 30 Qt,Stable > Stable Supplies > Feed & Water Buckets,001BLK,Size: 30-quart,Color: Black,,,,Wellington Warehouse,19370,19370,19370,34990,0,0,0.09556965
5,ROW 4 : LVL 1,1774281614631,Grooming/Tack Cleaner,1,Farnam Laser Sheen Dazzling Shine & Detangler,"Horse Care > Grooming & Bathing > Shampoos, Conditioners & Sprays > Detanglers, Shines & Sprays",11229-3,Size: 32-ounce Spray,,,,,Wellington Warehouse,11970,11970,11970,17990,0,0,
7,BIN 1,1776787211212,Gloves,1,Tough-1 Leather Stirrup Hobble Straps,Tack & Equipment > Stirrups & Leathers > Stirrup Leathers & Accessories,56-1132-32-0,Size: Dark Oil,,,,,Wellington Warehouse,2290,2290,2290,3950,0,0,
9,ROW 4 : LVL 3,1774281545043,Grooming,3,EQyss Mega-Tek Equine Rebuilder,"Horse Care > Grooming & Bathing > Shampoos, Conditioners, & Sprays > Shampoos",091-10445,Size: 16 Ounces,,,,,Wellington Warehouse,18170,18170,18170,28950,0,0,0.067951106
5,ROW 1 : LVL 1,1774281650387,Hoof/Treats,1,Absorbine Magic Cushion,Horse Care > First Aid & Wellness > Poultices & Hoof Packing,13671-2,Size: 4 Pounds,,,,,Wellington Warehouse,38320,41700,45080,56190,0,0,0.09412552
3,ROW 1 : LVL 1,1774281650387,Hoof/Treats,1,Absorbine Magic Cushion Xtreme,Horse Care > First Aid & Wellness > Poultices & Hoof Packing,13670-3,Size: 8 Pounds,,,,,Wellington Warehouse,83860,83860,83860,116790,0,0,
4,ROW 1 : LVL 1,1774281650387,Hoof/Treats,1,Absorbine Magic Cushion,Horse Care > First Aid & Wellness > Poultices & Hoof Packing,13671-3,Size: 8 Pounds,,,,,Wellington Warehouse,64930,69655,74380,96190,0,0,
4,ROW 3 : LVL 2,1774281147458,Supplements 2,2,Mare Magic Calming Supplement,Horse Care > Supplements > Calming & Focus,12416-3,Size: 32 Ounces,,,Lot #1623833,2027-04-01,Wellington Warehouse,34150,34150,34150,49990,0,0,0.05905591
9,ROW 2 : LVL 1,1774281650391,Hoof/Treats,1,Horsemen's Pride Mega Ball,Horse Care > Treats & Toys > Toys & Licks,440,Size: 40-inch (Green),,,,,Wellington Warehouse,31050,31050,31050,47470,0,0,
4,ROW 1 : LVL 1,1774281650387,Hoof/Treats,1,Absorbine Magic Cushion Xtreme,Horse Care > First Aid & Wellness > Poultices & Hoof Packing,13670-2,Size: 4 Pounds,,,,,Wellington Warehouse,50070,50070,50070,67590,0,0,0.12853113
3,ROW 1 : LVL 1,1774281650387,Hoof/Treats,1,Absorbine Magic Cushion,Horse Care > First Aid & Wellness > Poultices & Hoof Packing,446030,Size: 28 Pounds,,,,,Wellington Warehouse,192080,192080,192080,285490,0,0,
6,ROW 2 : LVL 1,1774281650391,Hoof/Treats,1,Horsemen's Pride Mega Ball,Horse Care > Treats & Toys > Toys & Licks,430,Size: 30-Inch (Blue),,,,,Wellington Warehouse,19400,19400,19400,29720,0,0,
12,ROW 5 : LVL 4,1769190184154,Fly sprays,4,Country Vet Metered Mosquito and Flying Insect Spray,Horse Care > Fly & Insect Control > Fly Sprays & Traps,342033CV,Size: 6.9 Ounces,,,,,Wellington Warehouse,15370,15370,15370,19990,0,0,
7,ROW 4 : LVL 3,1774281545043,Grooming,3,EQyss Micro-Tek Equine Shampoo,"Horse Care > Grooming & Bathing > Shampoos, Conditioners, & Sprays > Shampoos",091-10155,Size: 1 Gallon,,,,,Wellington Warehouse,48070,48070,48070,75990,0,0,
0,ROW 1 : LVL 4,1767974772720,Supplements 1,4,EQyss Micro-Tek Equine Shampoo,"Horse Care > Grooming & Bathing > Shampoos, Conditioners, & Sprays > Shampoos",091-10150,Size: 32 Ounces,,,,,Wellington Warehouse,17680,17680,17680,26950,0,0,
12,ROW 4 : LVL 3,1774281545043,Grooming,3,EQyss Micro-Tek Equine Shampoo,"Horse Care > Grooming & Bathing > Shampoos, Conditioners, & Sprays > Shampoos",091-10150,Size: 32 Ounces,,,,,Wellington Warehouse,17680,17680,17680,26950,0,0,
3,BIN-02,1777314699039,Shelf 20,2,Weaver Leather Miracle Cribbing Collar,Tack & Equipment > Grazing Muzzles & Cribbing Collars > Cribbing Collars,30-1260-HV,Size: Medium,Color: Havana,,,,Wellington Warehouse,51270,51270,51270,74990,0,0,
6,ROW 5 : LVL 2,1769190184152,Fly sprays,2,Farnam Mosquito Halt Repellent Spray,Horse Care > Fly & Insect Control > Fly Sprays & Traps,12504-2,Size: 1 Gallon,,,,,Wellington Warehouse,58670,58670,58670,73950,0,8,0.017601708
8,ROW 1 : LVL 3,1768938712711,First Aid,3,MannaPro Corona Multi-Purpose Ointment,Horse Care > First Aid & Wellness > Wound Care & Topicals,11170-4,Size: 36 Ounces,,,,,Wellington Warehouse,34040,34040,34040,53990,0,0,0.8917181
4,ROW 1 : LVL 2,1768938712710,First Aid,2,Keratex Mud Shield Powder,Horse Care > First Aid & Wellness > Wound Care & Topicals,KMSP,Size: 450 Grams,,,,,Wellington Warehouse,15040,15040,15040,22950,0,0,0.02763733
0,ROW 2 : LVL 1,1774281650391,Hoof/Treats,1,Mrs. Pastures Cookies for Horses,Horse Care > Treats & Toys > Treats,73157,Size: 5 Pound Refill,,,,,Wellington Warehouse,18850,18850,18850,26990,0,0,
12,ROW 5 : LVL 2,1769190184152,Fly sprays,2,Farnam Mosquito Halt Repellent Spray,Horse Care > Fly & Insect Control > Fly Sprays & Traps,100551171,Size: 1 Quart,,,,,Wellington Warehouse,15050,15050,15050,28580,0,0,
8,ROW 1 : LVL 3,1768938712711,First Aid,3,MannaPro Corona Multi-Purpose Ointment,Horse Care > First Aid & Wellness > Wound Care & Topicals,1000140,Size: 14 Ounces,,,,,Wellington Warehouse,0,8075,16150,26990,0,0,0.022955362
2,ROW 2 : LVL 1,1774281650391,Hoof/Treats,1,Mrs. Pastures Cookies for Horses,Horse Care > Treats & Toys > Treats,708852000352,Size: 32 Ounces,,,,,Wellington Warehouse,7300,7300,7300,14990,0,0,0.07351338
9,ROW 4 : LVL 2,1774281147462,Supplements 2,2,AniMed Muscle Up Powder,Horse Care > Supplements > Weight Gain & Muscle,053-90371,Size: 2.5 Pounds,,,,,Wellington Warehouse,27410,29590,30680,38790,0,0,0.034582514
4,ROW 2 : LVL 1,1767888349951,Supplements 1,1,Kentucky Performance Neigh-Lox Advanced,Horse Care > Supplements > Digestive & Gut Health,990010,Size: 8 Pounds,,,Lot# 031025006,2026-09-01,Wellington Warehouse,60380,60380,60380,84990,0,0,
4,ROW 1 : LVL 2,1768938712710,First Aid,2,Shapley's Original M-T-G,Horse Care > First Aid & Wellness > Wound Care & Topicals,13017-2,Size: 32 Ounces,,,,,Wellington Warehouse,14370,14583,14690,21990,0,0,0.11341691
4,ROW 4 : LVL 1,1774281147461,Supplements 2,1,"Select the Best Nu-Image Coat, Tail & Mane Support",Horse Care > Supplements > Skin & Coat,040502,Size: 5 Pounds,,,,,Wellington Warehouse,18030,18030,18030,22990,0,0,
1,BIN-03,1777314699040,Shelf 20,3,Royal King Poly Roping Rein,"Tack & Equipment > Bridles, Headstalls & Reins > Western Headstalls & Reins > Reins",54-906-2-0,Color: Black,,,,,Wellington Warehouse,5990,5990,5990,11950,0,0,
2,ROW 1 : LVL 1,1768938420680,First Aid,1,Andover PowerFlex Cohesive Bandages - Single Roll,Horse Care > First Aid & Wellness > Wound Care & Topicals,3840BL-018,Size: 4-inch x 5 Yards,Color: Blue,,,,Wellington Warehouse,1700,1700,1700,2400,0,0,0.048063334
5,ROW 1 : LVL 1,1768938420680,First Aid,1,Andover PowerFlex Cohesive Bandages - Single Roll,Horse Care > First Aid & Wellness > Wound Care & Topicals,3840RD-018,Size: 4-inch x 5 Yards,Color: Red,,,,Wellington Warehouse,1700,1700,1700,2400,0,0,
38,ROW 5 : LVL 4,1769190184154,Fly sprays,4,Durvet Permethrin 10% Rapid Kill Insecticide Concentrate,Horse Care > Fly & Insect Control > Fly Sprays & Traps,003-1038,Size: 16 Ounces,,,,,Wellington Warehouse,13390,13390,13390,16990,0,0,0.023331875
22,ROW 1 : LVL 1,1768938420680,First Aid,1,Andover PowerFlex Cohesive Bandages - Single Roll,Horse Care > First Aid & Wellness > Wound Care & Topicals,3840PU-018,Size: 4-inch x 5 Yards,Color: Purple,,,,Wellington Warehouse,1700,1700,1700,2400,0,0,1.0244677
2,ROW 1 : LVL 1,1767888349952,Supplements 1,1,Panacur Powerpac Equine Dewormer,Horse Care > Supplements > Wormer,001-069276,"Size: 57 Grams, 5-Pack",,,Lot# A489A01,2027-04-01,Wellington Warehouse,79500,80030,81090,95990,0,0,
5,ROW 1 : LVL 1,1767888349952,Supplements 1,1,Panacur Powerpac Equine Dewormer,Horse Care > Supplements > Wormer,001-069276,"Size: 57 Grams, 5-Pack",,,Lot# A510A01V,2027-11-01,Wellington Warehouse,79500,80030,81090,95990,0,0,
28,ROW 1 : LVL 1,1767888349952,Supplements 1,1,Panacur Powerpac Equine Dewormer,Horse Care > Supplements > Wormer,001-069276,"Size: 57 Grams, 5-Pack",,,Lot# A535B01,2028-06-01,Wellington Warehouse,79500,80030,81090,95990,0,0,
44,ROW 5 : LVL 4,1769190184154,Fly sprays,4,Durvet Permethrin 10% Rapid Kill Insecticide Concentrate,Horse Care > Fly & Insect Control > Fly Sprays & Traps,003-1111032,Size: 32 Ounces,,,,,Wellington Warehouse,20450,20450,20450,29990,0,0,0.030498268
0,ROW 1 : LVL 3,1768938712711,First Aid,3,Shapley's Original M-T-G Plus,Horse Care > First Aid & Wellness > Wound Care & Topicals,14937-1,Size: 32 Ounces,,,,,Wellington Warehouse,15630,15630,15630,22490,0,0,
0,BIN-05,1767466772771,Shelf 3,5,"Kensington Fly Boots with Fleece Trim, Pair",Horse Wear > Fly & Insect Control > Fly Boots,KFB200XXL2019,Size: Extra Extra Large - Draft,Color: Imperial Jade,,,,Wellington Warehouse,22500,22500,22500,39990,0,0,
2,BIN-05,1767466772771,Shelf 3,5,"Kensington Fly Boots with Fleece Trim, Pair",Horse Wear > Fly & Insect Control > Fly Boots,KFB-200M2017,Size: Medium - Arab/Cob,Color: Lavender Mint,,,,Wellington Warehouse,22500,22500,22500,39990,0,0,
11,ROW 4 : LVL 3,1774281545043,Grooming,3,EQyss Premier Marigold Spray,"Horse Care > Grooming & Bathing > Shampoos, Conditioners & Sprays > Detanglers, Shines & Sprays",13149-1,Size: 32 Ounces,,,,,Wellington Warehouse,15250,15250,15250,22990,0,0,0.023665577
2,BIN-05,1767466772771,Shelf 3,5,"Kensington Fly Boots with Fleece Trim, Pair",Horse Wear > Fly & Insect Control > Fly Boots,KFB200L121,Size: Large - Average,Color: Deluxe Black,,,,Wellington Warehouse,22500,22500,22500,39990,0,0,
3,BIN-05,1767466772771,Shelf 3,5,"Kensington Fly Boots with Fleece Trim, Pair",Horse Wear > Fly & Insect Control > Fly Boots,KFB200M2021,Size: Medium - Arab/Cob,Color: Atlantis,,,,Wellington Warehouse,22500,22500,22500,39990,0,0,
2,BIN-05,1767466772771,Shelf 3,5,"Kensington Fly Boots with Web Trim, Pair",Horse Wear > Fly & Insect Control > Fly Boots,KFB100XL200,Size: Extra Large - Oversize,Color: Bay/Brown,,,,Wellington Warehouse,20000,20000,20000,39990,0,0,
2,BIN-05,1767466772771,Shelf 3,5,"Kensington Fly Boots with Fleece Trim, Pair",Horse Wear > Fly & Insect Control > Fly Boots,KFB200XL2021,Size: Extra Large - Oversize,Color: Atlantis,,,,Wellington Warehouse,22500,22500,22500,39990,0,0,
8,BIN-05,1767466772771,Shelf 3,5,"Kensington Fly Boots with Fleece Trim, Pair",Horse Wear > Fly & Insect Control > Fly Boots,KFB200XL121,Size: Extra Large - Oversize,Color: Deluxe Black,,,,Wellington Warehouse,22500,22500,22500,39990,0,0,
14,ROW 4 : LVL 3,1774281545043,Grooming,3,EQyss Premier Conditioner,"Horse Care > Grooming & Bathing > Shampoos, Conditioners, & Sprays > Conditioners",091-10380,Size: 16 Ounces,,,,,Wellington Warehouse,9850,9850,9850,13990,0,0,0.06765263
0,BIN-05,1767466772771,Shelf 3,5,"Kensington Fly Boots with Fleece Trim, Pair",Horse Wear > Fly & Insect Control > Fly Boots,KFB200L181,Size: Large - Average,Color: Kentucky Blue,,,,Wellington Warehouse,22500,22500,22500,39990,0,0,0.050458543
8,BIN-05,1767466772771,Shelf 3,5,"Kensington Fly Boots with Fleece Trim, Pair",Horse Wear > Fly & Insect Control > Fly Boots,KFB200M121,Size: Medium - Arab/Cob,Color: Deluxe Black,,,,Wellington Warehouse,22500,22500,22500,39990,0,0,
30,ROW 4 : LVL 3,1774281545043,Grooming,3,EQyss Premier Equine Shampoo,"Horse Care > Grooming & Bathing > Shampoos, Conditioners, & Sprays > Shampoos",091-10350,Size: 32 Ounces,,,,,Wellington Warehouse,13290,13290,13290,19950,0,0,0.06765263
19,ROW 4 : LVL 3,1774281545043,Grooming,3,EQyss Premier Equine Shampoo,"Horse Care > Grooming & Bathing > Shampoos, Conditioners, & Sprays > Shampoos",10355,Size: 1 Gallon,,,,,Wellington Warehouse,44500,44500,44500,59990,0,0,0.023438677
11,ROW 4 : LVL 3,1774281545043,Grooming,3,EQyss Premier Marigold Spray,"Horse Care > Grooming & Bathing > Shampoos, Conditioners & Sprays > Detanglers, Shines & Sprays",091-10470,Size: 1 Gallon,,,,,Wellington Warehouse,48250,48250,48250,66990,0,0,
3,BIN-05,1767466772771,Shelf 3,5,"Kensington Fly Boots with Fleece Trim, Pair",Horse Wear > Fly & Insect Control > Fly Boots,KFB200XL181,Size: Extra Large - Oversize,Color: Kentucky Blue,,,,Wellington Warehouse,22500,22500,22500,39990,0,0,
0,ROW 3 : LVL 2,1774281545037,Grooming,2,exhibitor's QUIC CONDITIONER Moisturizer & Strengthener,"Horse Care > Grooming & Bathing > Shampoos, Conditioners, & Sprays > Conditioners",321096,Size: 32 Ounces,,,,,Wellington Warehouse,9270,9270,9270,13990,0,0,0.0116436975
7,ROW 3 : LVL 4,1774281545039,Grooming,4,exhibitor's QUIC BRAID Total Mane & Tail Control,Horse Care > Grooming & Bathing > Brushes & Tools > Braiding,12028-2,Size: 64 Ounces,,,,,Wellington Warehouse,19090,19090,19090,29990,0,0,0.012712601
7,ROW 3 : LVL 4,1774281545039,Grooming,4,exhibitor's QUIC BRAID Total Mane & Tail Control,Horse Care > Grooming & Bathing > Brushes & Tools > Braiding,321326,Size: 16 Ounces,,,,,Wellington Warehouse,8060,8060,8060,15340,0,0,0.04108005
0,ROW 4 : LVL 2,1774281614632,Grooming/Tack Cleaner,2,exhibitor's QUIC SHEEN Coat Polish,"Horse Care > Grooming & Bathing > Shampoos, Conditioners & Sprays > Detanglers, Shines & Sprays",013-321386,Size: 32 Ounces,,,,,Wellington Warehouse,9990,9990,9990,16990,0,0,
9,ROW 3 : LVL 2,1774281545037,Grooming,2,exhibitor's QUIC BLACK Dark Intensifier & Shampoo,"Horse Care > Grooming & Bathing > Shampoos, Conditioners, & Sprays > Shampoos",321266,Size: 16 Ounces,,,,,Wellington Warehouse,6790,6790,6790,12990,0,0,
2,BIN-05,1767452692386,Shelf 2,5,Rambo Plus Fly Mask with Ears,Horse Wear > Fly & Insect Control > Fly Masks,DMAF15-LL00-SP,Color: Lavender,Size: Small Pony,,,,Wellington Warehouse,24750,24750,24750,47960,0,0,
1,BIN-03,1768845014311,Shelf 13,3,Rambo Micklem Original Competition Bridle,"Tack & Equipment > Bridles, Headstalls & Reins > English Bridles & Reins > Bridles",SBAC9D-NAB0-LH,Size: Large Horse,Color: Dark Havana,,,,Wellington Warehouse,115000,115000,115000,169990,0,0,
0,ROW 1 : LVL 1,1774281650387,Hoof/Treats,1,Farnam Rain Maker Triple Action Hoof Moisturizer and Conditioner,Horse Care > Grooming & Bathing > Hoof Oils & Conditioner,39701,Size: 32 Ounces,,,,,Wellington Warehouse,16880,16880,16880,30990,0,0,
5,ROW 5 : LVL 4,1769190184154,Fly sprays,4,Starbar QuikStrike Fly Bait,Horse Care > Fly & Insect Control > Fly Sprays & Traps,100508298,Size: 5 Pounds,,,,,Wellington Warehouse,34160,34160,34160,38990,0,0,0.14156963
4,BIN-05,1768845069693,Shelf 15,5,Rambo Plus Fly Mask with Ears,Horse Wear > Fly & Insect Control > Fly Masks,DMAF15-IB00-PY,Color: Silver/Navy,Size: Pony,,,,Wellington Warehouse,27760,27760,27760,59950,0,0,
0,ROW 5 : LVL 4,1769190184154,Fly sprays,4,Starbar QuikStrike Fly Bait,Horse Care > Fly & Insect Control > Fly Sprays & Traps,100508299,Size: 1 Pound,,,,,Wellington Warehouse,0,0,0,8990,0,0,0.012473743
18,ROW 3 : LVL 2,1774281545037,Grooming,2,exhibitor's QUIC SILVER Whitening Intensifier & Shampoo,"Horse Care > Grooming & Bathing > Shampoos, Conditioners, & Sprays > Shampoos",321164,Size: 64 Ounces,,,,,Wellington Warehouse,23230,23230,23230,35990,0,0,0.050456528
8,BIN-03,1768845014311,Shelf 13,3,Rambo Micklem Original Competition Bridle,"Tack & Equipment > Bridles, Headstalls & Reins > English Bridles & Reins > Bridles",SBAC9D-K000-PY,Size: Pony,Color: Black,,,,Wellington Warehouse,115000,115000,115000,169990,0,0,
3,BIN-03,1768845014311,Shelf 13,3,Rambo Micklem Original Competition Bridle,"Tack & Equipment > Bridles, Headstalls & Reins > English Bridles & Reins > Bridles",SBAC9D-NAB0-PY,Size: Pony,Color: Dark Havana,,,,Wellington Warehouse,115000,115000,115000,169990,0,0,
0,BIN-03,1768845014311,Shelf 13,3,Rambo Micklem Original Competition Bridle,"Tack & Equipment > Bridles, Headstalls & Reins > English Bridles & Reins > Bridles",SBAC9D-NAB0-SC,Size: Small Horse,Color: Dark Havana,,,,Wellington Warehouse,115000,115000,115000,169990,0,0,0.018309409
11,ROW 3 : LVL 2,1774281545037,Grooming,2,exhibitor's QUIC SILVER Whitening Intensifier & Shampoo,"Horse Care > Grooming & Bathing > Shampoos, Conditioners, & Sprays > Shampoos",12029-1,Size: 16 Ounces,,,,,Wellington Warehouse,7630,7630,7630,13990,0,0,0.036325898
0,ROW 5 : LVL 2,1769190184152,Fly sprays,2,Farnam Repel-X Insecticide and Repellent,Horse Care > Fly & Insect Control > Fly Sprays & Traps,100551184,Size: 1 Quart,,,,,Wellington Warehouse,10560,10560,10560,15990,0,0,
105,ROW 1 : LVL 1,1767888349952,Supplements 1,1,Redmond Rock on a Rope,Horse Care > Treats & Toys > Toys & Licks,331063,Size: 3-6 Pounds,,,,,Wellington Warehouse,6500,6500,6500,15990,0,0,0.107763
17,ROW 1 : LVL 1,1767888349952,Supplements 1,1,Redmond Rock,Horse Care > Treats & Toys > Toys & Licks,330004,Size: 7 Pounds,,,,,Wellington Warehouse,8370,8370,8370,14990,0,0,0.047162402
41,ROW 4 : LVL 4,1774281147464,Supplements 2,4,Horse Health Products Red Cell Vitamin-Iron-Mineral Supplement,Horse Care > Supplements > Performance & Energy,74110,Size: 1 Gallon,,,,,Wellington Warehouse,21840,21840,21840,34970,0,0,
5,ROW 4 : LVL 4,1774281147464,Supplements 2,4,Horse Health Products Red Cell Pellets,Horse Care > Supplements > Performance & Energy,100506701,Size: 4 Pounds,,,,,Wellington Warehouse,25900,25900,25900,31990,0,0,0.064265564
290,ROW 3 : LVL 5,1774281226568,Supplements 2,5,Kensington Safe-T-Tie Breakaway Tether Release,Stable > Stable Supplies > Cross Ties & Trailer Ties,SAFT-2-DarkGreen,Quantity: 2-Pack,Color: Dark Green,,,,Wellington Warehouse,7500,7500,7500,12950,0,0,0.055659167
23,BIN-01,1773766480614,Shelf 17,1,Kensington Safe-T-Tie Breakaway Tether Release,Stable > Stable Supplies > Cross Ties & Trailer Ties,SAFT-2-DarkGreen,Quantity: 2-Pack,Color: Dark Green,,,,Wellington Warehouse,7500,7500,7500,12950,0,0,0.055659167
13,ROW 5 : LVL 2,1774281422020,Supplements 3,2,Farnam SandClear Natural Psyllium Fiber Crumbles Supplement for Digestive Support,Horse Care > Supplements > Digestive & Gut Health,10208,Size: 10 Pounds,,,,,Wellington Warehouse,51760,51760,51760,83490,0,0,
53,BIN-01,1773766480614,Shelf 17,1,Kensington Safe-T-Tie Breakaway Tether Release,Stable > Stable Supplies > Cross Ties & Trailer Ties,SAFT-2-PK,Quantity: 2-Pack,Color: Pink,,,,Wellington Warehouse,7500,7500,7500,12950,0,0,0.37812442
4,ROW 5 : LVL 4,1769190184154,Fly sprays,4,Farnam Repel-X Lotion Fly Repellent,Horse Care > Fly & Insect Control > Fly Sprays & Traps,19903,Size: 8 Ounces,,,,,Wellington Warehouse,9830,9830,9830,12950,0,0,0.092710525
17,ROW 4 : LVL 3,1774281545043,Grooming,3,The Original Mane 'n Tail Shampoo,"Horse Care > Grooming & Bathing > Shampoos, Conditioners, & Sprays > Shampoos",013-543646,Size: 1 Quart,,,,,Wellington Warehouse,5830,5830,5830,8990,0,0,
150,ROW 3 : LVL 5,1774281226568,Supplements 2,5,Kensington Safe-T-Tie Breakaway Tether Release,Stable > Stable Supplies > Cross Ties & Trailer Ties,SAFT-2-RSP,Quantity: 2-Pack,Color: Raspberry,,,,Wellington Warehouse,7500,7500,7500,12950,0,0,0.37812442
20,BIN-01,1773766480614,Shelf 17,1,Kensington Safe-T-Tie Breakaway Tether Release,Stable > Stable Supplies > Cross Ties & Trailer Ties,SAFT-2-RSP,Quantity: 2-Pack,Color: Raspberry,,,,Wellington Warehouse,7500,7500,7500,12950,0,0,0.37812442
8,ROW 5 : LVL 2,1774281422020,Supplements 3,2,Farnam SandClear Natural Psyllium Fiber Crumbles Supplement for Digestive Support,Horse Care > Supplements > Digestive & Gut Health,10220,Size: 20 Pounds,,,,,Wellington Warehouse,100590,102095,103600,149970,0,0,0.0926059
150,ROW 3 : LVL 5,1774281226568,Supplements 2,5,Kensington Safe-T-Tie Breakaway Tether Release,Stable > Stable Supplies > Cross Ties & Trailer Ties,SAFT-2-GRN,Quantity: 2-Pack,Color: Green,,,,Wellington Warehouse,7500,7500,7500,12950,0,0,
33,BIN-01,1773766480614,Shelf 17,1,Kensington Safe-T-Tie Breakaway Tether Release,Stable > Stable Supplies > Cross Ties & Trailer Ties,SAFT-2-GRN,Quantity: 2-Pack,Color: Green,,,,Wellington Warehouse,7500,7500,7500,12950,0,0,
0,ROW 4 : LVL 4,1774281147464,Supplements 2,4,AniMed Rice Bran Oil,Horse Care > Supplements > Weight Gain & Muscle,053-90422,Size: 1 Gallon,,,,,Wellington Warehouse,29020,29020,29020,49990,0,0,0.03490618
13,ROW 4 : LVL 3,1774281545043,Grooming,3,The Original Mane 'n Tail Shampoo,"Horse Care > Grooming & Bathing > Shampoos, Conditioners, & Sprays > Shampoos",013-543216,Size: 12 Ounces,,,,,Wellington Warehouse,2470,2470,2470,5060,0,0,
6,ROW 4 : LVL 3,1774281545043,Grooming,3,The Original Mane 'n Tail Shampoo,"Horse Care > Grooming & Bathing > Shampoos, Conditioners, & Sprays > Shampoos",11468-3,Size: 1 Gallon,,,,,Wellington Warehouse,22900,22900,22900,31400,0,0,0.10062783
0,ROW 4 : LVL 2,1774281614632,Grooming/Tack Cleaner,2,Shapley's Show Touch Ups,"Horse Care > Grooming & Bathing > Shampoos, Conditioners, & Sprays > Stain Removers",STUGDS,Size: 10 Ounces,Color: Gray,,,,Wellington Warehouse,9940,9940,9940,12990,0,0,
3,ROW 4 : LVL 2,1774281614632,Grooming/Tack Cleaner,2,Shapley's Show Touch Ups,"Horse Care > Grooming & Bathing > Shampoos, Conditioners, & Sprays > Stain Removers",13018-3,Size: 10 Ounces,Color: Dark Brown,,,,Wellington Warehouse,9940,9940,9940,12990,0,0,
9,BIN 1,1776787211212,Gloves,1,Tough-1 Shaped Leather Hobble Straps,Tack & Equipment > Stirrups & Leathers > Stirrup Leathers & Accessories,56-1133-32-0,Color: Dark Oil,,,,,Wellington Warehouse,3390,3390,3390,6990,0,0,
8,LVL 2,1772124449866,Hoof Boots,2,"Cavallo Simple Regular Sole Hoof Boots, Set of Two",Tack & Equipment > Boots & Wraps > Hoof Boots,11-4170-0,Size: Size 0,,,,,Wellington Warehouse,94500,94500,94500,169950,0,0,0.011436979
8,BIN 1,1776787211212,Gloves,1,Tough-1 Shaped Leather Hobble Straps,Tack & Equipment > Stirrups & Leathers > Stirrup Leathers & Accessories,56-1133-31-0,Color: Light Oil,,,,,Wellington Warehouse,3390,3390,3390,6990,0,0,
0,ROW 4 : LVL 1,1774281614631,Grooming/Tack Cleaner,1,Absorbine ShowSheen Miracle Groom Bath in a Bottle,"Horse Care > Grooming & Bathing > Shampoos, Conditioners & Sprays > Detanglers, Shines & Sprays",450150,Size: 16 Ounces,,,,,Wellington Warehouse,6330,6330,6330,17290,0,0,0.06615274
5,ROW 4 : LVL 2,1774281614632,Grooming/Tack Cleaner,2,Shapley's Show Touch Ups,"Horse Care > Grooming & Bathing > Shampoos, Conditioners, & Sprays > Stain Removers",STUSDS,Size: 10 Ounces,Color: Sorrel,,,,Wellington Warehouse,9940,9940,9940,12990,0,0,0.011579682
1,ROW 4 : LVL 2,1774281614632,Grooming/Tack Cleaner,2,Shapley's Show Touch Ups,"Horse Care > Grooming & Bathing > Shampoos, Conditioners, & Sprays > Stain Removers",STU-C DS,Size: 10 Ounces,Color: Chestnut,,,,Wellington Warehouse,9940,9940,9940,12990,0,0,
13,LVL 2,1772124449866,Hoof Boots,2,"Cavallo Simple Regular Sole Hoof Boots, Set of Two",Tack & Equipment > Boots & Wraps > Hoof Boots,11-4170-4,Size: Size 4,,,,,Wellington Warehouse,94500,94500,94500,169950,0,0,0.05630853
2,ROW 4 : LVL 2,1774281614632,Grooming/Tack Cleaner,2,Shapley's Show Touch Ups,"Horse Care > Grooming & Bathing > Shampoos, Conditioners, & Sprays > Stain Removers",STUPDS,Size: 10 Ounces,Color: Palomino,,,,Wellington Warehouse,9940,9940,9940,12990,0,0,0.01806603
9,ROW 4 : LVL 2,1774281614632,Grooming/Tack Cleaner,2,Shapley's Show Touch Ups,"Horse Care > Grooming & Bathing > Shampoos, Conditioners, & Sprays > Stain Removers",13018-5,Size: 10 Ounces,Color: Medium Brown,,,,Wellington Warehouse,9940,9940,9940,12990,0,0,0.011579682
32,ROW 4 : LVL 3,1774281614633,Grooming/Tack Cleaner,3,Absorbine ShowSheen Hair Polish & Detangler,"Horse Care > Grooming & Bathing > Shampoos, Conditioners & Sprays > Detanglers, Shines & Sprays",428940,Size: 1 Gallon,,,,,Wellington Warehouse,30160,30160,30160,43590,0,0,0.07378313
17,ROW 4 : LVL 2,1774281614632,Grooming/Tack Cleaner,2,Shapley's Show Touch Ups,"Horse Care > Grooming & Bathing > Shampoos, Conditioners, & Sprays > Stain Removers",13018-8,Size: 10 Ounces,Color: White,,,,Wellington Warehouse,9940,9940,9940,12990,0,0,0.01806603
15,ROW 4 : LVL 3,1774281614633,Grooming/Tack Cleaner,3,Absorbine ShowSheen Hair Polish & Detangler,"Horse Care > Grooming & Bathing > Shampoos, Conditioners & Sprays > Detanglers, Shines & Sprays",11094-1,Size: 32-Ounce Spray,,,,,Wellington Warehouse,11940,11940,11940,17990,0,0,0.017362805
5,LVL 2,1772124449866,Hoof Boots,2,"Cavallo Simple Regular Sole Hoof Boots, Set of Two",Tack & Equipment > Boots & Wraps > Hoof Boots,11-4170-2,Size: Size 2,,,,,Wellington Warehouse,94500,94500,94500,169950,0,0,
11,ROW 4 : LVL 2,1774281614632,Grooming/Tack Cleaner,2,Shapley's Show Touch Ups,"Horse Care > Grooming & Bathing > Shampoos, Conditioners, & Sprays > Stain Removers",STU-BDS,Size: 10 Ounces,Color: Black,,,,Wellington Warehouse,9940,9940,9940,12990,0,0,
2,ROW 1 : LVL 1,1774281650387,Hoof/Treats,1,Hawthorne Products Sole Pack Medicated Liquid Hoof Dressing,Horse Care > First Aid & Wellness > Poultices & Hoof Packing,1003,Size: 16 Ounces,,,,,Wellington Warehouse,8220,8220,8220,22990,0,0,0.064265564
14,ROW 1 : LVL 1,1774281650387,Hoof/Treats,1,Hawthorne Products Sole Pack Medicated Hoof Packing Paste,Horse Care > First Aid & Wellness > Poultices & Hoof Packing,16824-2,Size: 8 Pounds,,,,,Wellington Warehouse,74770,74770,74770,94990,0,0,0.12652257
0,ROW 1 : LVL 3,1768938712711,First Aid,3,Effol Skin Balm,Horse Care > First Aid & Wellness > Wound Care & Topicals,117240,Size: 150 Milliliters,,,,,Wellington Warehouse,9950,9950,9950,14990,0,0,0.019900935
34,ROW 1 : LVL 1,1774281650387,Hoof/Treats,1,Hawthorne Products Sole Pack Medicated Hoof Packing Paddies,Horse Care > First Aid & Wellness > Poultices & Hoof Packing,SP-SINGLE,"Size: 2-ounce, Single",,,,,Wellington Warehouse,2280,2280,2280,2990,0,0,0.32226363
1,LVL 2,1772124449866,Hoof Boots,2,"Cavallo Sport Regular Sole Hoof Boot, Set of Two",Tack & Equipment > Boots & Wraps > Hoof Boots,11-4180-1,Size: Size 1,,,,,Wellington Warehouse,85000,85000,85000,174950,0,0,
9,LVL 2,1772124449866,Hoof Boots,2,"Cavallo Sport Regular Sole Hoof Boot, Set of Two",Tack & Equipment > Boots & Wraps > Hoof Boots,11-4180-0,Size: Size 0,,,,,Wellington Warehouse,85000,85000,85000,174950,0,0,
16,LVL 2,1772124449866,Hoof Boots,2,"Cavallo Sport Regular Sole Hoof Boot, Set of Two",Tack & Equipment > Boots & Wraps > Hoof Boots,11-4180-4,Size: Size 4,,,,,Wellington Warehouse,85000,85000,85000,174950,0,0,
14,LVL 2,1772124449866,Hoof Boots,2,"Cavallo Sport Regular Sole Hoof Boot, Set of Two",Tack & Equipment > Boots & Wraps > Hoof Boots,11-4180-2,Size: Size 2,,,,,Wellington Warehouse,85000,85000,85000,174950,0,0,
11,BIN-01,1777314699038,Shelf 20,1,Best Friend Standard Grazing Muzzle,Tack & Equipment > Grazing Muzzles & Cribbing Collars > Grazing Muzzles,BF08S,Size: Cob,,,,,Wellington Warehouse,24220,24220,24220,67990,0,0,
0,ROW 2 : LVL 1,1774281650391,Hoof/Treats,1,Horsemen's Pride Stall Snack Combo,Horse Care > Treats & Toys > Toys & Licks,SS203APPLE,Size: 1 Combo,,,,,Wellington Warehouse,25470,25470,25470,44450,0,0,0.027641911
14,ROW 5 : LVL 4,1769190184154,Fly sprays,4,Farnam SWAT Fly Repellent Ointment,Horse Care > Fly & Insect Control > Fly Sprays & Traps,100532426,Size: 7 Ounces,Color: Clear,,,,Wellington Warehouse,0,4920,9840,15490,0,0,0.023375543
30,ROW 1 : LVL 1,1767888349952,Supplements 1,1,Zoetis STRONGID Broad-Spectrum Dewormer Paste,Horse Care > Supplements > Wormer,10000468,Size: .5 Ounces,,,Lot# 738439,2026-12-01,Wellington Warehouse,7200,7200,7200,10990,0,0,
5,ROW 1 : LVL 1,1774281650387,Hoof/Treats,1,Absorbine SuperShine Hoof Polish & Sealer,Horse Care > Grooming & Bathing > Hoof Oils & Conditioner,428989,Size: 8 Ounces,Color: Black,,,,Wellington Warehouse,9600,9600,9600,15990,0,0,
1,ROW 2 : LVL 1,1774281650391,Hoof/Treats,1,Cavalor Sweeties Healthy Horse Snacks,Horse Care > Treats & Toys > Treats,82696304,Size: 750 Grams,,,Lot# LL297,2027-04-24,Wellington Warehouse,7290,7290,7290,10950,0,0,0.15811269
1,BIN-03,1767626770402,Shelf 5,3,Back on Track Therapeutic Exercise Front Boots,Tack & Equipment > Boots & Wraps > Protective Boots > Front Boots,20440201,Size: Small,Color: White,,,,Wellington Warehouse,36000,36000,36000,72000,0,0,
1,BIN-03,1767626770402,Shelf 5,3,Back on Track Therapeutic Exercise Front Boots,Tack & Equipment > Boots & Wraps > Protective Boots > Front Boots,20440002,Size: Medium,Color: Black,,,,Wellington Warehouse,36000,36000,36000,72000,0,0,0.0292425
5,BIN-01,1767626770400,Shelf 5,1,Back on Track Therapeutic Knee Boots,Tack & Equipment > Boots & Wraps > Protective Boots > Hock & Knee Boots,20370004,Size: Extra Large,Color: Black,,,,Wellington Warehouse,34500,34500,34500,69000,0,0,
6,BIN-03,1767626770402,Shelf 5,3,Back on Track Therapeutic Exercise Hind Boots,Tack & Equipment > Boots & Wraps > Protective Boots > Hind Boots,20450202,Size: Medium,Color: White,,,,Wellington Warehouse,36000,36000,36000,72000,0,0,0.029641459
0,LVL 1,1770396427443,Saddle Pads 3,1,Back on Track Therapeutic Dressage Saddle Pad,Tack & Equipment > English Saddle Pads > Dressage Saddle Pads,21370203,Color: White,Size: Full,,,,Wellington Warehouse,41000,41000,41000,82000,0,0,0.0299439
2,BIN-01,1767626770400,Shelf 5,1,Back on Track Therapeutic Knee Boots,Tack & Equipment > Boots & Wraps > Protective Boots > Hock & Knee Boots,20370003,Size: Large,Color: Black,,,,Wellington Warehouse,34500,34500,34500,69000,0,0,0.022320684
2,LVL 1,1770396427443,Saddle Pads 3,1,Back on Track Therapeutic Dressage Saddle Pad,Tack & Equipment > English Saddle Pads > Dressage Saddle Pads,21370003,Color: Black,Size: Full,,,,Wellington Warehouse,41000,41000,41000,82000,0,0,
0,BIN-03,1767626770402,Shelf 5,3,Back on Track Therapeutic Exercise Hind Boots,Tack & Equipment > Boots & Wraps > Protective Boots > Hind Boots,20450203,Size: Large,Color: White,,,,Wellington Warehouse,36000,36000,36000,72000,0,0,0.029636132
3,LVL 1,1770396427443,Saddle Pads 3,1,Back on Track Therapeutic Dressage Saddle Pad,Tack & Equipment > English Saddle Pads > Dressage Saddle Pads,21370303,Color: Navy,Size: Full,,,,Wellington Warehouse,41000,41000,41000,82000,0,0,
1,BIN-03,1767626770402,Shelf 5,3,Back on Track Therapeutic Exercise Hind Boots,Tack & Equipment > Boots & Wraps > Protective Boots > Hind Boots,20450201,Size: Small,Color: White,,,,Wellington Warehouse,36000,36000,36000,72000,0,0,
4,BIN-03,1767626770402,Shelf 5,3,Back on Track Therapeutic Exercise Front Boots,Tack & Equipment > Boots & Wraps > Protective Boots > Front Boots,20440202,Size: Medium,Color: White,,,,Wellington Warehouse,36000,36000,36000,72000,0,0,0.014820729
2,BIN-03,1767626770402,Shelf 5,3,Back on Track Therapeutic Exercise Front Boots,Tack & Equipment > Boots & Wraps > Protective Boots > Front Boots,20440003,Size: Large,Color: Black,,,,Wellington Warehouse,36000,36000,36000,72000,0,0,0.014981299
0,BIN-03,1767626770402,Shelf 5,3,Back on Track Therapeutic Exercise Front Boots,Tack & Equipment > Boots & Wraps > Protective Boots > Front Boots,20440203,Size: Large,Color: White,,,,Wellington Warehouse,36000,36000,36000,72000,0,0,0.029636132
2,LVL 2,1770840424777,Blankets 5,2,Back on Track Therapeutic Mesh Sheet,Horse Wear > Blankets & Sheets > Stable Blankets & Sheets > Lightweight,21180809,Color: Hunter Green,Size: 57,,,,Wellington Warehouse,119400,119400,119400,199000,0,0,
1,LVL 2,1770840424777,Blankets 5,2,Back on Track Classic Turnout Sheet,Horse Wear > Blankets & Sheets > Turnout Blankets & Sheets > Sheets,21420035,Size: 72,,,,,Wellington Warehouse,144500,144500,144500,289000,0,0,
30,BIN-04,1768403067583,Shelf 11,4,Back on Track Therapeutic No Bow Wraps,Tack & Equipment > Boots & Wraps > Leg Wraps,20500018,Size: 16 Inches x 20 Inches,Color: Black,,,,Wellington Warehouse,34000,34000,34000,68000,0,0,0.016583884
16,BIN-02,1768403067586,Shelf 12,2,Back on Track Therapeutic Polo Wraps,Tack & Equipment > Boots & Wraps > Leg Wraps,20400201,Size: 9-foot,Color: White,,,,Wellington Warehouse,21500,21500,21500,43000,0,0,
136,ROW 5 : LVL 3,1774281573049,Grooming/Cavali,3,Back on Track Therapeutic Polo Wraps,Tack & Equipment > Boots & Wraps > Leg Wraps,20400201,Size: 9-foot,Color: White,,,,Wellington Warehouse,21500,21500,21500,43000,0,0,
9,LVL 2,1770840424777,Blankets 5,2,Back on Track Classic Turnout Sheet,Horse Wear > Blankets & Sheets > Turnout Blankets & Sheets > Sheets,21420025,Size: 69,,,,,Wellington Warehouse,144500,144500,144500,289000,0,0,
0,LVL 2,1770840424777,Blankets 5,2,Back on Track Therapeutic Mesh Sheet,Horse Wear > Blankets & Sheets > Stable Blankets & Sheets > Lightweight,21180565,Color: Burgundy,Size: 87,,,,Wellington Warehouse,119400,119400,119400,199000,0,0,0.014457815
1,BIN-02,1768403067586,Shelf 12,2,Back on Track Therapeutic Polo Wraps,Tack & Equipment > Boots & Wraps > Leg Wraps,20400001,Size: 9-foot,Color: Black,,,,Wellington Warehouse,21500,21500,21500,43000,0,0,
4,BIN-02,1768403067586,Shelf 12,2,Back on Track Therapeutic Polo Wraps,Tack & Equipment > Boots & Wraps > Leg Wraps,20400002,Size: 11-foot,Color: Black,,,,Wellington Warehouse,21500,21500,21500,43000,0,0,
1,LVL 2,1770840424777,Blankets 5,2,Back on Track Therapeutic Mesh Sheet,Horse Wear > Blankets & Sheets > Stable Blankets & Sheets > Lightweight,21180509,Color: Burgundy,Size: 57,,,,Wellington Warehouse,119400,119400,119400,199000,0,0,
0,BIN-04,1768403067583,Shelf 11,4,Back on Track Therapeutic No Bow Wraps,Tack & Equipment > Boots & Wraps > Leg Wraps,20500006,Size: 12 Inches x 30 Inches,Color: Black,,,,Wellington Warehouse,34000,34000,34000,68000,0,0,0.03808806
2,BIN-04,1768403067583,Shelf 11,4,Back on Track Therapeutic No Bow Wraps,Tack & Equipment > Boots & Wraps > Leg Wraps,20500007,Size: 14 Inches x 30 Inches,Color: Black,,,,Wellington Warehouse,34000,34000,34000,68000,0,0,0.03808806
3,BIN-02,1768403067586,Shelf 12,2,Back on Track Therapeutic Polo Wraps,Tack & Equipment > Boots & Wraps > Leg Wraps,20400003,Size: 7-foot,Color: Black,,,,Wellington Warehouse,21500,21500,21500,43000,0,0,0.015166954
0,BIN-04,1768403067583,Shelf 11,4,Back on Track Therapeutic No Bow Wraps,Tack & Equipment > Boots & Wraps > Leg Wraps,20500008,Size: 16 Inches x 30 Inches,Color: Black,,,,Wellington Warehouse,34000,34000,34000,68000,0,0,
3,LVL 2,1770840424777,Blankets 5,2,Back on Track Therapeutic Mesh Sheet,Horse Wear > Blankets & Sheets > Stable Blankets & Sheets > Lightweight,21180508,Color: Burgundy,Size: 51,,,,Wellington Warehouse,119400,119400,119400,199000,0,0,
5,LVL 2,1770840424777,Blankets 5,2,Back on Track Therapeutic Mesh Sheet,Horse Wear > Blankets & Sheets > Stable Blankets & Sheets > Lightweight,21180515,Color: Burgundy,Size: 66,,,,Wellington Warehouse,119400,119400,119400,199000,0,0,
4,LVL 2,1770840424777,Blankets 5,2,Back on Track Therapeutic Mesh Sheet,Horse Wear > Blankets & Sheets > Stable Blankets & Sheets > Lightweight,21180805,Color: Hunter Green,Size: 60,,,,Wellington Warehouse,119400,119400,119400,199000,0,0,
1,ROW 4 : LVL 2,1774281147462,Supplements 2,2,AniMed TIE-BY Muscle Support Powdered Supplement,Horse Care > Supplements > Weight Gain & Muscle,053-90575,Size: 2.5 Pounds,,,,,Wellington Warehouse,24950,24950,24950,45590,0,0,
0,BIN-04,1768403067583,Shelf 11,4,Back on Track Therapeutic No Bow Wraps,Tack & Equipment > Boots & Wraps > Leg Wraps,20500009,Size: 10 Inches x 30 Inches,Color: Black,,,,Wellington Warehouse,34000,34000,34000,68000,0,0,
18,BIN-02,1768403067586,Shelf 12,2,Back on Track Therapeutic Polo Wraps,Tack & Equipment > Boots & Wraps > Leg Wraps,20400202,Size: 11-foot,Color: White,,,,Wellington Warehouse,21500,21500,21500,43000,0,0,
860,ROW 4 : LVL 5,1774281545045,Grooming,5,Epona Tiger’s Tongue Horse Groomer,"Horse Care > Grooming & Bathing > Brushes & Tools > Grooming Gloves, Curry Combs & Deshedding Tools",TIGER-1010,Title: Default Title,,,,,Wellington Warehouse,3750,3750,3750,9950,0,0,0.12712601
39,BIN-03,1776354991788,Grooming Small,3,Epona Tiger’s Tongue Horse Groomer,"Horse Care > Grooming & Bathing > Brushes & Tools > Grooming Gloves, Curry Combs & Deshedding Tools",TIGER-1010,Title: Default Title,,,,,Wellington Warehouse,3750,3750,3750,9950,0,0,0.12712601
3,LVL 2,1770840424777,Blankets 5,2,Back on Track Therapeutic Mesh Sheet,Horse Wear > Blankets & Sheets > Stable Blankets & Sheets > Lightweight,21180575,Color: Burgundy,Size: 90,,,,Wellington Warehouse,149400,149400,149400,199000,0,0,0.014778096
1,LVL 2,1772124449866,Hoof Boots,2,"Cavallo Trek Regular Sole Hoof Boot, Single Boot",Tack & Equipment > Boots & Wraps > Hoof Boots,11-4182-6-BKGR,Size: Size 6,Color: Green,,,,Wellington Warehouse,55000,55000,55000,104950,0,0,
8,ROW 3 : LVL 3,1774281147459,Supplements 2,3,Ramard Total Joint Care Performance Formula,Horse Care > Supplements > Joint Health,RAM-01J,Size: 1.12 Pounds (30 Day Supply),,,,,Wellington Warehouse,50220,50220,50220,74300,0,0,
1,LVL 2,1772124449866,Hoof Boots,2,"Cavallo Trek Regular Sole Hoof Boot, Single Boot",Tack & Equipment > Boots & Wraps > Hoof Boots,11-4182-1-BKGR,Size: Size 1,Color: Green,,,,Wellington Warehouse,55000,55000,55000,104950,0,0,
0,ROW 2 : LVL 1,1767888349951,Supplements 1,1,Finish Line Total Control All-In-One Supplement,Horse Care > Supplements > Digestive & Gut Health,13439-2,Size: 9.3 Pounds,,,,,Wellington Warehouse,112380,112380,112380,129990,0,0,
6,ROW 4 : LVL 1,1774281545041,Grooming,1,eZall Total Body Wash Green,"Horse Care > Grooming & Bathing > Shampoos, Conditioners, & Sprays > Shampoos",69-4002,Size: 32 Ounces,,,,,Wellington Warehouse,11350,11350,11350,18150,0,0,
4,ROW 4 : LVL 1,1774281545041,Grooming,1,eZall Total Body Wash Green,"Horse Care > Grooming & Bathing > Shampoos, Conditioners, & Sprays > Shampoos",69-4003,Size: 1 Gallon,,,,,Wellington Warehouse,26480,26480,26480,42990,0,0,
7,ROW 5 : LVL 3,1769190184153,Fly sprays,3,Absorbine UltraShield Red Insecticide & Repellent,Horse Care > Fly & Insect Control > Fly Sprays & Traps,429265,Size: 1 Quart,,,,,Wellington Warehouse,13380,13380,13380,19490,0,0,0.0116436975
1,ROW 5 : LVL 3,1769190184153,Fly sprays,3,Absorbine UltraShield Green Natural Fly Repellent,Horse Care > Fly & Insect Control > Fly Sprays & Traps,429512,Size: 1 Gallon,,,,,Wellington Warehouse,46220,46220,46220,69190,0,0,
4,ROW 5 : LVL 3,1769190184153,Fly sprays,3,Absorbine UltraShield Red Insecticide & Repellent,Horse Care > Fly & Insect Control > Fly Sprays & Traps,430874,Size: 1 Gallon,,,,,Wellington Warehouse,41870,41870,41870,62090,0,0,
11,ROW 5 : LVL 3,1769190184153,Fly sprays,3,Absorbine UltraShield Green Natural Fly Repellent,Horse Care > Fly & Insect Control > Fly Sprays & Traps,429501,Size: 32 Ounces,,,,,Wellington Warehouse,15480,15480,15480,23590,0,0,
0,ROW 1 : LVL 1,1768938420680,First Aid,1,3M Vetrap Bandaging Tape,Horse Care > First Aid & Wellness > First Aid Supplies,1410BK,Size: 4-inch x 5 Yards,Color: Black,,,,Wellington Warehouse,2050,2160,2270,2890,0,0,0.13230708
21,ROW 1 : LVL 3,1768938712711,First Aid,3,Absorbine Veterinary Liniment Gel,Horse Care > First Aid & Wellness > Liniments,11015-2,Size: 12 Ounces,,,,,Wellington Warehouse,11140,11140,11140,15450,0,0,0.045910724
14,ROW 4 : LVL 1,1774281614631,Grooming/Tack Cleaner,1,Farnam Vetrolin Instant Detangler & Conditioner for Mane & Tail,"Horse Care > Grooming & Bathing > Shampoos, Conditioners & Sprays > Detanglers, Shines & Sprays",3004960,Size: 12 Ounces,,,,,Wellington Warehouse,15800,15800,15800,22990,0,0,0.019322269
10,ROW 5 : LVL 3,1769190184153,Fly sprays,3,Absorbine UltraShield Sport Insecticide & Repellent,Horse Care > Fly & Insect Control > Fly Sprays & Traps,429267,Size: 32 Ounces,,,,,Wellington Warehouse,13990,13990,13990,20290,0,0,0.042446397
0,ROW 3 : LVL 2,1774281545037,Grooming,2,Farnam Vetrolin Green Spot Out Spray-On Dry Clean Shampoo,"Horse Care > Grooming & Bathing > Shampoos, Conditioners, & Sprays > Stain Removers",3004959,Size: 16 Ounces,,,,,Wellington Warehouse,5610,5610,5610,9990,0,0,0.01132205
12,ROW 1 : LVL 1,1768938420680,First Aid,1,3M Vetrap Bandaging Tape,Horse Care > First Aid & Wellness > First Aid Supplies,1410R,Size: 4-inch x 5 Yards,Color: Red,,,,Wellington Warehouse,1810,1810,1810,2890,0,0,
27,ROW 3 : LVL 2,1774281545037,Grooming,2,Farnam Vetrolin Body Wash,"Horse Care > Grooming & Bathing > Shampoos, Conditioners, & Sprays > Shampoos",100543875,Size: 32 Ounces,,,,,Wellington Warehouse,12340,12340,12340,14990,0,0,0.019900935
15,ROW 1 : LVL 1,1768938420680,First Aid,1,3M Vetrap Bandaging Tape,Horse Care > First Aid & Wellness > First Aid Supplies,1410B,Size: 4-inch x 5 Yards,Color: Blue,,,,Wellington Warehouse,2050,2160,2270,2890,0,0,0.014987774
4,ROW 5 : LVL 3,1769190184153,Fly sprays,3,Absorbine UltraShield Sport Insecticide & Repellent,Horse Care > Fly & Insect Control > Fly Sprays & Traps,430872,Size: 1 Gallon,,,ULTRASHIELD SPORT,2029-09-01,Wellington Warehouse,44480,44480,44480,62990,0,4,
7,ROW 1 : LVL 4,1768938712712,First Aid,4,Farnam Vetrolin Liniment,Horse Care > First Aid & Wellness > Liniments,80193,Size: 1 Gallon,,,,,Wellington Warehouse,35590,35590,35590,44990,0,0,0.07381989
12,ROW 3 : LVL 2,1774281545037,Grooming,2,Farnam Vetrolin White 'N Brite,"Horse Care > Grooming & Bathing > Shampoos, Conditioners, & Sprays > Shampoos",100543890,Size: 32 Ounces,,,,,Wellington Warehouse,14600,14600,14600,18990,0,0,0.10261545
0,ROW 3 : LVL 2,1774281545037,Grooming,2,Lucky Braids Whitener & Dry Wash Spray,"Horse Care > Grooming & Bathing > Shampoos, Conditioners, & Sprays > Stain Removers",2360,Size: 1 Gallon,,,,,Wellington Warehouse,52000,52000,52000,99950,0,0,0.02232903
2,ROW 4 : LVL 2,1774281147462,Supplements 2,2,AniMed Via Calm,Horse Care > Supplements > Calming & Focus,053-90451,Size: 2 Pounds,,,,,Wellington Warehouse,11350,11350,11350,20790,0,0,
4,ROW 4 : LVL 1,1774281614631,Grooming/Tack Cleaner,1,Farnam Vetrolin Shine,"Horse Care > Grooming & Bathing > Shampoos, Conditioners & Sprays > Detanglers, Shines & Sprays",80308,Size: 64 Ounces,,,,,Wellington Warehouse,14200,14200,14200,19990,0,0,
10,ROW 4 : LVL 2,1774281147462,Supplements 2,2,AniMed Via Calm,Horse Care > Supplements > Calming & Focus,90452,Size: 5 Pounds,,,,,Wellington Warehouse,21850,22140,22720,39740,0,4,0.14981179
9,ROW 1 : LVL 3,1768938712711,First Aid,3,Farnam Vetrolin Liniment,Horse Care > First Aid & Wellness > Liniments,80192,Size: 32 Ounces,,,,,Wellington Warehouse,12730,12730,12730,15990,0,0,0.060263198
50,ROW 5 : LVL 3,1769190184153,Fly sprays,3,Pyranha Wipe n' Spray,Horse Care > Fly & Insect Control > Fly Sprays & Traps,001WIPEG,Size: 1 Gallon,,,,,Wellington Warehouse,40520,40520,40520,77950,0,0,0.047331154
6,ROW 5 : LVL 3,1769190184153,Fly sprays,3,Pyranha Wipe n' Spray,Horse Care > Fly & Insect Control > Fly Sprays & Traps,001WIPE,Size: 32 Ounces,,,,,Wellington Warehouse,13820,13820,13820,23990,1,0,0.013059528
12,ROW 4 : LVL 1,1774281614631,Grooming/Tack Cleaner,1,Farnam Vetrolin Shine,"Horse Care > Grooming & Bathing > Shampoos, Conditioners & Sprays > Detanglers, Shines & Sprays",80307,Size: 32 Ounces,,,,,Wellington Warehouse,0,0,0,11990,0,0,
7,ROW 3 : LVL 2,1774281545037,Grooming,2,Lucky Braids Whitener & Dry Wash Spray,"Horse Care > Grooming & Bathing > Shampoos, Conditioners, & Sprays > Stain Removers",2362,Size: 1 Quart,,,,,Wellington Warehouse,25000,25000,25000,39950,0,0,0.04438248
8,ROW 1 : LVL 3,1768938712711,First Aid,3,Farnam Wonder Dust Wound Powder,Horse Care > First Aid & Wellness > Wound Care & Topicals,31101,Size: 4 Ounces,,,,,Wellington Warehouse,5030,5030,5030,7990,0,0,0.019313518
0,ROW 5 : LVL 2,1769190184152,Fly sprays,2,Equicare Flysect Super-7 Repellent Spray,Horse Care > Fly & Insect Control > Fly Sprays & Traps,100502018,Size: 1 Gallon,,,,,Wellington Warehouse,63220,63220,63220,78990,0,0,0.04889326
6,ROW 5 : LVL 3,1769190184153,Fly sprays,3,Equicare Flysect Citronella Spray with Lanolin,Horse Care > Fly & Insect Control > Fly Sprays & Traps,11301,Size: 32 Ounces,,,,,Wellington Warehouse,15530,15530,15530,25990,0,0,0.08237701
0,BIN-05,1767626770404,Shelf 5,5,Premier Equine Air Cooled Super Lite Carbon Tech Boots,Tack & Equipment > Boots & Wraps > Protective Boots > Hind Boots,1031HLBLK,Size: Large,Leg: Hind,,,,Wellington Warehouse,30000,30000,30000,49990,0,0,0.023983374
37,ROW 5 : LVL 2,1769190184152,Fly sprays,2,Equicare Flysect Super-7 Repellent Spray,Horse Care > Fly & Insect Control > Fly Sprays & Traps,100502019,Size: 32 Ounce,,,,,Wellington Warehouse,20060,20060,20060,29950,0,0,0.07205827
0,BIN-05,1767626770404,Shelf 5,5,Premier Equine Air Cooled Super Lite Carbon Tech Boots,Tack & Equipment > Boots & Wraps > Protective Boots > Hind Boots,1031HMBLK,Size: Medium,Leg: Hind,,,,Wellington Warehouse,30000,30000,30000,49990,0,0,0.050271574
3,ROW 5 : LVL 3,1769190184153,Fly sprays,3,Equicare Flysect Citronella Spray with Lanolin,Horse Care > Fly & Insect Control > Fly Sprays & Traps,11302,Size: 1 Gallon,,,,,Wellington Warehouse,61830,61830,61830,79990,0,0,
4,BIN-02,1767452692383,Shelf 2,2,Kensington Signature Fly Mask with Web Trim,Horse Wear > Fly & Insect Control > Fly Masks,KFM100XL2017,Size: Extra Large,Color: Lavender Mint,,,,Wellington Warehouse,20000,20000,20000,34990,0,0,
1,BIN-02,1767452692383,Shelf 2,2,Kensington Signature Fly Mask with Web Trim,Horse Wear > Fly & Insect Control > Fly Masks,KFM100L181,Size: Large,Color: Kentucky Blue,,,,Wellington Warehouse,20000,20000,20000,34990,0,0,0.085821085
3,BIN-02,1767452692383,Shelf 2,2,Kensington Signature Fly Mask with Web Trim,Horse Wear > Fly & Insect Control > Fly Masks,KFM100S121,Size: Small,Color: Deluxe Black,,,,Wellington Warehouse,20000,20000,20000,34990,0,0,
8,BIN-02,1767452692383,Shelf 2,2,Kensington UViator Protective Mask,Horse Wear > Fly & Insect Control > Fly Masks,KCM-100M121,Size: Medium - Small Horse,Color: Deluxe Black,,,,Wellington Warehouse,40000,40000,40000,55990,0,0,
3,BIN-02,1767452692383,Shelf 2,2,Kensington Signature Fly Mask with Web Trim,Horse Wear > Fly & Insect Control > Fly Masks,KFM100L121,Size: Large,Color: Deluxe Black,,,,Wellington Warehouse,20000,20000,20000,34990,0,0,0.042910542
8,BIN-02,1767452692383,Shelf 2,2,Kensington Signature Fly Mask with Web Trim,Horse Wear > Fly & Insect Control > Fly Masks,KFM100M121,Size: Medium,Color: Deluxe Black,,,,Wellington Warehouse,20000,20000,20000,34990,0,0,
3,BIN-04,1768845014312,Shelf 13,4,Passier Special Caveson with Bit Ring Recess,"Tack & Equipment > Bridles, Headstalls & Reins > English Bridles & Reins > Bridle Accessories",951020,Size: Full,,,,,Wellington Warehouse,54000,54000,54000,99990,0,0,
0,Grid wall,1770916055031,Girths,1,Passier Leather Girth for Dressage Saddles with a Tendency to Slip Forward,Tack & Equipment > Girths & Cinches > Dressage Girths,73070,Size: 70 Centimeters,,,,,Wellington Warehouse,82000,82000,82000,164990,0,0,
4,BIN-02,1767452692383,Shelf 2,2,Kensington UViator Protective Mask,Horse Wear > Fly & Insect Control > Fly Masks,KCM-100XL181,Size: Extra Large - Large Horse,Color: Kentucky Blue,,,,Wellington Warehouse,40000,40000,40000,55990,0,0,
3,BIN-05,1776354991790,Grooming Small,5,Betty's Best Striphair Gentle Original Groomer,"Horse Care > Grooming & Bathing > Brushes & Tools > Grooming Gloves, Curry Combs & Deshedding Tools",1100,Title: Default Title,,,,,Wellington Warehouse,19500,19500,19500,29950,0,0,
1,BIN-03,1767452692384,Shelf 2,3,Kensington Signature Fly Mask with Web Trim,Horse Wear > Fly & Insect Control > Fly Masks,KFM100XXL2013,Size: Extra Extra Large,Color: Black Ice,,,,Wellington Warehouse,20000,20000,20000,34990,0,0,0.011573678
5,BIN-03,1767452692384,Shelf 2,3,Kensington Signature Fly Mask with Web Trim,Horse Wear > Fly & Insect Control > Fly Masks,KFM100XL2013,Size: Extra Large,Color: Black Ice,,,,Wellington Warehouse,20000,20000,20000,34990,0,0,
10,BIN-02,1767452692383,Shelf 2,2,Kensington Signature Fly Mask with Web Trim,Horse Wear > Fly & Insect Control > Fly Masks,KFM100XL121,Size: Extra Large,Color: Deluxe Black,,,,Wellington Warehouse,20000,20000,20000,34990,0,0,
1,BIN-02,1767452692383,Shelf 2,2,Kensington Signature Fly Mask with Web Trim,Horse Wear > Fly & Insect Control > Fly Masks,KFM100S2017,Size: Small,Color: Lavender Mint,,,,Wellington Warehouse,20000,20000,20000,34990,0,0,
6,BIN-02,1767452692383,Shelf 2,2,Kensington UViator Protective Mask,Horse Wear > Fly & Insect Control > Fly Masks,KCM-100M181,Size: Medium - Small Horse,Color: Kentucky Blue,,,,Wellington Warehouse,40000,40000,40000,55990,0,0,0.036445636
11,BIN-02,1767452692383,Shelf 2,2,Kensington Signature Fly Mask with Web Trim,Horse Wear > Fly & Insect Control > Fly Masks,KFM100XL181,Size: Extra Large,Color: Kentucky Blue,,,,Wellington Warehouse,20000,20000,20000,34990,0,0,
6,BIN-02,1767452692383,Shelf 2,2,Kensington UViator Protective Mask,Horse Wear > Fly & Insect Control > Fly Masks,KCM-100XL121,Size: Extra Large - Large Horse,Color: Deluxe Black,,,,Wellington Warehouse,40000,40000,40000,55990,0,0,
4,BIN-02,1767452692383,Shelf 2,2,Kensington Signature Fly Mask with Web Trim,Horse Wear > Fly & Insect Control > Fly Masks,KFM100XXL2017,Size: Extra Extra Large,Color: Lavender Mint,,,,Wellington Warehouse,20000,20000,20000,34990,0,0,
16,BIN-05,1776354991790,Grooming Small,5,Betty's Best Striphair Gentle Sensitive Groomer,"Horse Care > Grooming & Bathing > Brushes & Tools > Grooming Gloves, Curry Combs & Deshedding Tools",1120,Title: Default Title,,,,,Wellington Warehouse,19500,19500,19500,29950,0,0,0.014981299
0,ROW 5 : LVL 4,1769190184154,Fly sprays,4,Farnam Wipe Original Formula Fly Protectant,Horse Care > Fly & Insect Control > Fly Sprays & Traps,10124,Size: 1 Gallon,,,,,Wellington Warehouse,80490,80490,80490,115990,0,0,
3,BIN 1,1776787262020,Bits 2,1,"Myler Flat Shank with Sweet Iron Correctional Low Ported Barrel (MB 27PB, Level 2-3)",Tack & Equipment > Bits > Western Bits,89-11255,Size: 5 Inches,,,,,Wellington Warehouse,73500,73500,73500,181950,0,0,
54,ROW 3 : LVL 3,1774281614628,Grooming/Tack Cleaner,3,Andis CeramicEdge Detachable Blade,"Horse Care > Grooming & Bathing > Clippers, Blades & Accessories",64240,Size: Size 7FC (3.2mm),,,,,Wellington Warehouse,23780,23780,23780,32990,0,0,
9,ROW 3 : LVL 3,1774281614628,Grooming/Tack Cleaner,3,Andis CeramicEdge Detachable Blade,"Horse Care > Grooming & Bathing > Clippers, Blades & Accessories",64265,Size: Size 40 (.25mm),,,,,Wellington Warehouse,21830,21830,21830,26990,0,0,0.014168084
31,ROW 3 : LVL 3,1774281614628,Grooming/Tack Cleaner,3,Andis CeramicEdge Detachable Blade,"Horse Care > Grooming & Bathing > Clippers, Blades & Accessories",64315,Size: Size 10 (1.5mm),,,,,Wellington Warehouse,21830,21830,21830,27990,0,0,0.04177314
0,BIN 1,1776787262020,Bits 2,1,"Myler Flat Shank with Sweet Iron Low Port (MB 04, Level 2)",Tack & Equipment > Bits > Western Bits,89-11045,Size: 5 Inches,,,,,Wellington Warehouse,71500,71500,71500,173950,0,0,
0,BIN 1,1776787262020,Bits 2,1,"Myler Flat Shank with Sweet Iron Ported Barrel (MB 33, Level 3)",Tack & Equipment > Bits > Western Bits,89-11335,Size: 5 Inches,,,,,Wellington Warehouse,74500,74500,74500,183950,0,0,
2,BIN 1,1776787262020,Bits 2,1,"Myler Western Dee with Sweet Iron Comfort Snaffle with Copper Roller (MB 03, Level 1)",Tack & Equipment > Bits > Western Bits,89-18035,Size: 5 Inches,,,,,Wellington Warehouse,61950,61950,61950,151950,0,0,
1,BIN 1,1776787262020,Bits 2,1,"Myler Western Dee with 2 Hooks with Sweet Iron Low Port Comfort Snaffle (MB 04, Level 2)",Tack & Equipment > Bits > Western Bits,89-19045,Size: 5 Inches,,,,,Wellington Warehouse,61950,61950,61950,151950,0,0,
7,BIN 1,1776787262020,Bits 2,1,"Myler HBT Shank with Sweet Iron Comfort Snaffle Wide Barrel (MB 02, Level 1)",Tack & Equipment > Bits > Western Bits,89-20025,Size: 5 inches,,,,,Wellington Warehouse,63950,63950,63950,159950,0,0,
0,BIN 1,1776787262020,Bits 2,1,"Myler Western Dee with Sweet Iron Low Port Comfort Snaffle (MB 04, Level 2)",Tack & Equipment > Bits > Western Bits,89-18045,Size: 5 Inches,,,,,Wellington Warehouse,58500,58500,58500,143950,0,0,
7,BIN 1,1776787262020,Bits 2,1,"Myler Flat Shank with Sweet Iron Low Ported Barrel Narrow (MB 43LP, Level 2-3)",Tack & Equipment > Bits > Western Bits,89-11435,Size: 5 Inches,,,,,Wellington Warehouse,73500,73500,73500,181950,0,0,
4,BIN 1,1776787262019,Bits 1,1,"Myler Loose Ring with Low Wide Ported Barrel (MB 33WL, Level 3)",Tack & Equipment > Bits > English Bits,89-28345,Size: 5 Inches,,,,,Wellington Warehouse,48950,48950,48950,121950,0,0,
0,BIN 1,1776787262020,Bits 2,1,"Myler HBT Shank with Sweet Iron Ported Barrel (MB 33, Level 3)",Tack & Equipment > Bits > Western Bits,89-20335,Size: 5 inches,,,,,Wellington Warehouse,65950,65950,65950,163950,0,0,0.4098605
1,BIN 1,1776787262019,Bits 1,1,"Myler Dee without Hooks with Stainless Steel Comfort Snaffle Wide Barrel (MB 02, Level 1)",Tack & Equipment > Bits > English Bits,89-21025,Size: 5 Inches,,,,,Wellington Warehouse,53950,53950,53950,139950,0,0,
1,BIN 1,1776787262019,Bits 1,1,"Myler Loose Ring with 14mm Low Port Comfort Snaffle Wide Barrel (MB 04, Level 2)",Tack & Equipment > Bits > English Bits,89-28145,Size: 5 Inches,,,,,Wellington Warehouse,46500,46500,46500,113950,0,0,
5,BIN 1,1776787262020,Bits 2,1,"Myler HBT Shank with Sweet Iron Low Ported Barrel Narrow (MB 43LP, Level 2-3)",Tack & Equipment > Bits > Western Bits,89-20435,Size: 5 inches,,,,,Wellington Warehouse,70500,70500,70500,173950,0,0,
10,BIN 1,1776787262019,Bits 1,1,"Myler Kimberwick with Stainless Steel Ported Barrel (MB 33, Level 3)",Tack & Equipment > Bits > English Bits,89-25335,Size: 5 inches,,,,,Wellington Warehouse,78950,78950,78950,193950,0,0,
1,BIN 1,1776787262019,Bits 1,1,"Myler Eggbutt without Hooks with Wide Ported Barrel (MB 33WL, Level 3)",Tack & Equipment > Bits > English Bits,89-29345,Size: 5 Inches,,,,,Wellington Warehouse,59950,59950,59950,147950,0,0,
1,BIN 1,1776787262020,Bits 2,1,"Myler Eggbutt with Hooks and Stainless Steel Ported Barrel (MB 33, Level 3)",Tack & Equipment > Bits > Western Bits,89-30335,Size: 5 Inches,,,,,Wellington Warehouse,60950,60950,60950,151950,0,0,0.012629717
4,BIN 1,1776787262019,Bits 1,1,"Myler Eggbutt without Hooks with 14mm Stainless Steel Comfort Snaffle Wide Barrel (MB 02, Level 1)",Tack & Equipment > Bits > English Bits,89-29135,Size: 5 Inches,,,,,Wellington Warehouse,53950,53950,53950,133950,0,0,
0,BIN 1,1776787262019,Bits 1,1,"Myler Eggbutt without Hooks with 14mm Stainless Steel Low Port Comfort Snaffle (MB 04, Level 2)",Tack & Equipment > Bits > English Bits,89-29145,Size: 5 Inches,,,,,Wellington Warehouse,53950,53950,53950,137950,0,0,
2,BIN 1,1776787262020,Bits 2,1,"Myler MBB Black Flat Shank with Sweet Iron Wide Ported Barrel  (MB 16PB, Level 3)",Tack & Equipment > Bits > Western Bits,89-64175,Size: 5 Inches,,,,,Wellington Warehouse,75950,75950,75950,151950,0,0,
1,BIN 1,1776787262019,Bits 1,1,"Myler 3 3/8"" Medium Dee with Hooks and Forward Tilted Port (MB 36, Level 2-3)",Tack & Equipment > Bits > English Bits,89-44365,Size: 5 Inches,,,,,Wellington Warehouse,70950,70950,70950,165950,0,0,
1,BIN 1,1776787262020,Bits 2,1,"Myler MBT Shank with Sweet Iron Wide Ported Barrel MB (16PB, Level 3)",Tack & Equipment > Bits > Western Bits,89-61175,Size: 5 Inches,,,,,Wellington Warehouse,76950,76950,76950,187950,0,0,
4,BIN 1,1776787262019,Bits 1,1,"Myler 3 3/8"" Medium Dee with Hooks and Low Medium Wide Ported Barrel (MB 33, Level 3)",Tack & Equipment > Bits > English Bits,89-44335,Size: 5 Inches,,,,,Wellington Warehouse,67950,67950,67950,157950,0,0,0.45593563
3,BIN 1,1776787262020,Bits 2,1,"Myler MBT Shank with Sweet Iron Ported Barrel (MB 33, Level 3)",Tack & Equipment > Bits > Western Bits,89-61335,Size: 5 Inches,,,,,Wellington Warehouse,76950,76950,76950,187950,0,0,
3,BIN 1,1776787262019,Bits 1,1,Myler Black Leather Noseband Kit for Combination Bits,Tack & Equipment > Bits > Bit Accessories,89-0027L5,Size: 5 Inches,,,,,Wellington Warehouse,14950,14950,14950,29950,0,0,
1,BIN 1,1776787262019,Bits 1,1,"Myler Eggbutt without Hooks with Stainless Steel Comfort Snaffle Wide Barrel (MB 02, Level 1)",Tack & Equipment > Bits > English Bits,89-29027,Size: 5.5 Inches,,,,,Wellington Warehouse,52950,52950,52950,129950,0,0,
3,BIN 1,1776787211212,Gloves,1,Herm Sprenger Bow Balance Stirrup,Tack & Equipment > Stirrups & Leathers > English Stirrups,44266 112 55,Width: 4.25 Inches,Color: Black,,,,Wellington Warehouse,126200,126200,126200,241900,0,0,0.046595875
3,BIN 1,1776787262019,Bits 1,1,Myler Black Leather Noseband Kit for Combination Bits,Tack & Equipment > Bits > Bit Accessories,89-0027L8,Size: 6 Inches,,,,,Wellington Warehouse,14950,14950,14950,29950,0,0,
3,BIN 1,1776787262019,Bits 1,1,Myler Black Leather Noseband Kit for Combination Bits,Tack & Equipment > Bits > Bit Accessories,89-0027L4,Size: 4.75 Inches,,,,,Wellington Warehouse,14950,14950,14950,29950,0,0,
3,BIN 1,1776787262019,Bits 1,1,Myler Black Leather Noseband Kit for Combination Bits,Tack & Equipment > Bits > Bit Accessories,89-0027L7,Size: 5.5 Inches,,,,,Wellington Warehouse,14950,14950,14950,29950,0,0,
1,BIN 1,1776787262019,Bits 1,1,Herm Sprenger KK Ultra Sensogan 14mm Loose Ring Snaffle,Tack & Equipment > Bits > English Bits,40605 145 78,Width: 14 Millimeters,Length: 5.75 Inches,,,,Wellington Warehouse,79300,79300,79300,170900,0,0,
2,BIN 1,1776787262019,Bits 1,1,Herm Sprenger KK Ultra Sensogan 14mm Loose Ring Snaffle,Tack & Equipment > Bits > English Bits,40605 135 78,Width: 14 Millimeters,Length: 5.25 Inches,,,,Wellington Warehouse,79300,79300,79300,170900,0,0,
24,LVL 1,1770059667422,Buckets,1,Fortiflex 8-Quart Utility Pail,Stable > Stable Supplies > Feed & Water Buckets,N400-8-GRN,Size: 8 Quarts,Color: Green,,,,Wellington Warehouse,3990,3990,3990,6990,0,0,
6,LVL 1,1770059667422,Buckets,1,Fortiflex 20 Quart Over The Fence Feeder,Stable > Stable Supplies > Feed & Water Buckets,OF20-BLU,Size: 20 Quarts,Color: Blue,,,,Wellington Warehouse,12190,12190,12190,14990,0,0,
12,LVL 1,1770059667422,Buckets,1,Little Giant Duraflex Advanced Flat Back Rubber Bucket 12 Qt,Stable > Stable Supplies > Feed & Water Buckets,DF12FB,Size: 12 Quarts,Color: Black,,,,Wellington Warehouse,10420,10420,10420,17990,0,0,
12,LVL 1,1770059667422,Buckets,1,Little Giant Plastic 20 Quart Flat Back Bucket,Stable > Stable Supplies > Feed & Water Buckets,P20FBNAVY6,Size: 20 Quarts,Color: Navy,,,,Wellington Warehouse,5840,6465,7090,12990,13,0,0.2845466
9,LVL 2,1770059717290,Buckets,2,Little Giant Plastic 20 Quart Flat Back Bucket,Stable > Stable Supplies > Feed & Water Buckets,P20FBNAVY6,Size: 20 Quarts,Color: Navy,,,,Wellington Warehouse,5840,6465,7090,12990,13,0,0.2845466
-8,,,,,Little Giant Plastic 20 Quart Flat Back Bucket,Stable > Stable Supplies > Feed & Water Buckets,P20FBNAVY6,Size: 20 Quarts,Color: Navy,,,,Wellington Warehouse,5840,6465,7090,12990,13,0,0.2845466
115,LVL 1,1770059667422,Buckets,1,Fortiflex Square Low Pan 10 Qt,Stable > Stable Supplies > Feed & Water Buckets,SLP-10,Size: 10 Quarts,Color: Black,,,,Wellington Warehouse,6570,6570,6570,10990,0,0,0.044527337
2,LVL 1,1770059667422,Buckets,1,Fortiflex 20 Quart Over The Fence Feeder,Stable > Stable Supplies > Feed & Water Buckets,OF20-RED,Size: 20 Quarts,Color: Red,,,,Wellington Warehouse,12190,12190,12190,14990,0,0,
178,LVL 2,1770059717290,Buckets,2,Fortiflex 8-Quart Utility Pail,Stable > Stable Supplies > Feed & Water Buckets,N400-8BX,Size: 8 Quarts,Color: Black,,,,Wellington Warehouse,3990,3990,3990,6990,20,0,0.3852726
42,LVL 1,1770059667422,Buckets,1,Fortiflex Corner Fence Mount Feeder,Stable > Stable Supplies > Feed & Water Buckets,CF-24GREEN,Size: 24 Quarts,Color: Green,,,,Wellington Warehouse,14160,14160,14160,19990,0,0,
0,LVL 1,1770059667422,Buckets,1,Fortiflex 8-Quart Utility Pail,Stable > Stable Supplies > Feed & Water Buckets,N400-8-BLU,Size: 8 Quarts,Color: Blue,,,,Wellington Warehouse,3990,3990,3990,6990,0,0,0.20821798
12,LVL 1,1770059667422,Buckets,1,Little Giant Plastic 20 Quart Flat Back Bucket,Stable > Stable Supplies > Feed & Water Buckets,P20FBBLACK6,Size: 20 Quarts,Color: Black,,,,Wellington Warehouse,5840,6465,7090,12990,13,0,0.13647681
2,LVL 2,1770059717290,Buckets,2,Little Giant Plastic 20 Quart Flat Back Bucket,Stable > Stable Supplies > Feed & Water Buckets,P20FBBLACK6,Size: 20 Quarts,Color: Black,,,,Wellington Warehouse,5840,6465,7090,12990,13,0,0.13647681
-1,,,,,Little Giant Plastic 20 Quart Flat Back Bucket,Stable > Stable Supplies > Feed & Water Buckets,P20FBBLACK6,Size: 20 Quarts,Color: Black,,,,Wellington Warehouse,5840,6465,7090,12990,13,0,0.13647681
0,LVL 2,1770059717290,Buckets,2,Fortiflex 20 Quart Flat Back Bucket,Stable > Stable Supplies > Feed & Water Buckets,FB-120HG,Size: 20 Quarts,Color: Hunter Green,,,,Wellington Warehouse,5840,5840,5840,14990,0,0,0.024273103
2,LVL 1,1770059667422,Buckets,1,Fortiflex 8-Quart Utility Pail,Stable > Stable Supplies > Feed & Water Buckets,N400-8-RED,Size: 8 Quarts,Color: Red,,,,Wellington Warehouse,3990,3990,3990,6990,0,0,
6,LVL 1,1770059667422,Buckets,1,Fortiflex Corner Fence Mount Feeder,Stable > Stable Supplies > Feed & Water Buckets,CF-24RED,Size: 24 Quarts,Color: Red,,,,Wellington Warehouse,14160,14160,14160,19990,0,0,
24,LVL 1,1770059667422,Buckets,1,Fortiflex Corner Fence Mount Feeder,Stable > Stable Supplies > Feed & Water Buckets,CF-24 BLACK,Size: 24 Quarts,Color: Black,,,,Wellington Warehouse,14160,14160,14160,19990,0,0,
53,ROW 3 : LVL 4,1774281147460,Supplements 2,4,Ramard Total Respiratory & Endurance Show Safe Syringe,Horse Care > Supplements > Respiratory & Allergy,RAM-RESP,Size: .5 Ounces,,,Lot #22834,2026-08-01,Wellington Warehouse,9570,9570,9570,14780,0,0,
2,ROW 3 : LVL 3,1774281147459,Supplements 2,3,Ramard Total Calm & Focus Supplement,Horse Care > Supplements > Calming & Focus,RAM-04J,Size: 1.12LB (30 day supply),,,Lot #F242422,2027-03-01,Wellington Warehouse,42150,42150,42150,63480,0,0,
12,LVL 1,1770059667422,Buckets,1,Little Giant Plastic 8 Quart Flat Back Bucket,Stable > Stable Supplies > Feed & Water Buckets,P8FBBLACK,Size: 8 Quarts,Color: Black,,,,Wellington Warehouse,3730,4110,4490,6990,10,0,
12,LVL 2,1770059717290,Buckets,2,Little Giant Plastic 8 Quart Flat Back Bucket,Stable > Stable Supplies > Feed & Water Buckets,P8FBBLACK,Size: 8 Quarts,Color: Black,,,,Wellington Warehouse,3730,4110,4490,6990,10,0,
0,ROW 3 : LVL 3,1774281147459,Supplements 2,3,Ramard Total Calm & Focus Show Safe Syringe,Horse Care > Supplements > Calming & Focus,RAM-04S,Size: 1 Ounce,,,,,Wellington Warehouse,8030,8030,8030,11990,0,0,0.4691985
7,LVL 2,1770059717290,Buckets,2,Fortiflex Rubber Stall Feeder Reinforced Rubber Pan,Stable > Stable Supplies > Feed & Water Buckets,CR-80,Size: 8 Quarts,Color: Black,,,,Wellington Warehouse,5540,5540,5540,8990,0,0,0.06944207
18,ROW 3 : LVL 3,1774281147459,Supplements 2,3,Ramard Total Gut Health Show Safe Syringe,Horse Care > Supplements > Digestive & Gut Health,RAM-09S,Size: 1 Ounce,,,Lot #23032,2026-08-01,Wellington Warehouse,10890,10890,10890,14990,0,0,
60,ROW 5 : LVL 6,1769190184156,Fly sprays,6,Starbar EZ Fly Trap,Horse Care > Fly & Insect Control > Fly Sprays & Traps,3004323,Size: Twin Pack,,,,,Wellington Warehouse,7550,8755,9960,9990,0,0,
4,ROW 3 : LVL 3,1774281147459,Supplements 2,3,Ramard Total Calm & Focus Supplement,Horse Care > Supplements > Calming & Focus,RAM-04P,Size: 6.75LB (180 day supply),,,Lot #F253607,2028-04-01,Wellington Warehouse,259970,259970,259970,315990,0,0,
6,LVL 4,1771259569149,Blankets 7,4,WeatherBeeta Comfitec Essential Standard Neck Lite Turnout Sheet,Horse Wear > Blankets & Sheets > Turnout Blankets & Sheets > Sheets,801461,Size: 63,Color: Navy/Silver/Red,,,,Wellington Warehouse,73460,73460,73460,129990,0,0,
4,ROW 1 : LVL 4,1768938712712,First Aid,4,Absorbine Veterinary Liniment Liquid,Horse Care > First Aid & Wellness > Liniments,427862,Size: 1 Gallon,,,,,Wellington Warehouse,59820,59820,59820,81690,0,0,0.01798009
1,LVL 4,1771259569149,Blankets 7,4,WeatherBeeta Comfitec Essential Standard Neck Lite Turnout Sheet,Horse Wear > Blankets & Sheets > Turnout Blankets & Sheets > Sheets,801463,Size: 69,Color: Navy/Silver/Red,,,,Wellington Warehouse,73460,73460,73460,129990,0,0,
3,LVL 4,1771259569149,Blankets 7,4,WeatherBeeta Comfitec Classic Standard Neck Lite Turnout Sheet,Horse Wear > Blankets & Sheets > Turnout Blankets & Sheets > Sheets,801583,Size: 87,Color: Red/Silver/Navy,,,,Wellington Warehouse,70580,70580,70580,79990,0,0,
4,LVL 5,1771001977937,Blankets 6,5,WeatherBeeta Comfitec Essential Standard Neck Heavy Turnout Blanket,Horse Wear > Blankets & Sheets > Turnout Blankets & Sheets > Heavy Weight,801411,Size: 81,Color: Navy/Silver/Red,,,,Wellington Warehouse,80720,80720,80720,114990,0,0,
5,LVL 5,1771001977937,Blankets 6,5,WeatherBeeta Comfitec Essential Standard Neck Heavy Turnout Blanket,Horse Wear > Blankets & Sheets > Turnout Blankets & Sheets > Heavy Weight,801410,Size: 78,Color: Navy/Silver/Red,,,,Wellington Warehouse,80720,80720,80720,114990,0,0,
0,LVL 4,1771259569149,Blankets 7,4,WeatherBeeta Comfitec Essential Standard Neck Lite Turnout Sheet,Horse Wear > Blankets & Sheets > Turnout Blankets & Sheets > Sheets,801464,Size: 72,Color: Navy/Silver/Red,,,,Wellington Warehouse,73460,73460,73460,129990,0,0,0.04262887
2,LVL 4,1771001977936,Blankets 6,4,WeatherBeeta Comfitec Essential Combo Neck Heavy Turnout Blanket,Horse Wear > Blankets & Sheets > Turnout Blankets & Sheets > Heavy Weight,801370,Size: 66,Color: Navy,,,,Wellington Warehouse,91140,91140,91140,123950,0,0,
5,LVL 4,1771259569149,Blankets 7,4,WeatherBeeta Comfitec Essential Standard Neck Lite Turnout Sheet,Horse Wear > Blankets & Sheets > Turnout Blankets & Sheets > Sheets,801462,Size: 66,Color: Navy/Silver/Red,,,,Wellington Warehouse,73460,73460,73460,129990,0,0,
12,LVL 4,1771259569149,Blankets 7,4,WeatherBeeta Comfitec Essential Standard Neck Lite Turnout Sheet,Horse Wear > Blankets & Sheets > Turnout Blankets & Sheets > Sheets,801465,Size: 75,Color: Navy/Silver/Red,,,,Wellington Warehouse,73460,73460,73460,129990,0,0,0.016782723
1,LVL 5,1771001977937,Blankets 6,5,WeatherBeeta Comfitec Essential Standard Neck Heavy Turnout Blanket,Horse Wear > Blankets & Sheets > Turnout Blankets & Sheets > Heavy Weight,801406,Size: 66,Color: Navy/Silver/Red,,,,Wellington Warehouse,80720,80720,80720,114990,0,0,
12,LVL 4,1771259569149,Blankets 7,4,WeatherBeeta Comfitec Essential Standard Neck Lite Turnout Sheet,Horse Wear > Blankets & Sheets > Turnout Blankets & Sheets > Sheets,801466,Size: 78,Color: Navy/Silver/Red,,,,Wellington Warehouse,73460,73460,73460,129990,0,0,0.016782723
11,ROW 4 : LVL 2,1774281147462,Supplements 2,2,"AniMed Pure Glucosamine Powdered Cartilage, Connective Tissue, and Joint Supplement",Horse Care > Supplements > Joint Health,90350,Size: 16 Ounces,,,,,Wellington Warehouse,24650,24650,24650,53310,0,0,0.031567104
1,LVL 4,1771259569149,Blankets 7,4,WeatherBeeta Comfitec Classic Standard Neck Lite Turnout Sheet,Horse Wear > Blankets & Sheets > Turnout Blankets & Sheets > Sheets,801577,Size: 69,Color: Red/Silver/Navy,,,,Wellington Warehouse,70580,70580,70580,79990,0,0,
5,LVL 5,1771001977937,Blankets 6,5,WeatherBeeta Comfitec Essential Standard Neck Heavy Turnout Blanket,Horse Wear > Blankets & Sheets > Turnout Blankets & Sheets > Heavy Weight,811624,Size: 63,Color: Navy/Silver/Red,,,,Wellington Warehouse,80720,80720,80720,114990,0,0,
3,LVL 4,1771001977936,Blankets 6,4,WeatherBeeta Comfitec Essential Standard Neck Medium Turnout Blanket,Horse Wear > Blankets & Sheets > Turnout Blankets & Sheets > Medium Weight,801419,Size: 63,Color: Navy/Silver/Red,,,,Wellington Warehouse,75520,75520,75520,139950,0,0,
6,LVL 4,1771001977936,Blankets 6,4,WeatherBeeta Comfitec Essential Standard Neck Medium Turnout Blanket,Horse Wear > Blankets & Sheets > Turnout Blankets & Sheets > Medium Weight,801422,Size: 72,Color: Navy/Silver/Red,,,,Wellington Warehouse,75520,75520,75520,139950,0,0,
1,LVL 4,1771001977936,Blankets 6,4,WeatherBeeta Comfitec Essential Standard Neck Medium Turnout Blanket,Horse Wear > Blankets & Sheets > Turnout Blankets & Sheets > Medium Weight,801427,Size: 87,Color: Navy/Silver/Red,,,,Wellington Warehouse,75520,75520,75520,139950,0,0,
2,LVL 4,1771001977936,Blankets 6,4,WeatherBeeta Comfitec Essential Standard Neck Medium Turnout Blanket,Horse Wear > Blankets & Sheets > Turnout Blankets & Sheets > Medium Weight,801418,Size: 60,Color: Navy/Silver/Red,,,,Wellington Warehouse,75520,75520,75520,139950,0,0,
38,BIN-01,1767466741476,Shelf 3,1,Tough-1 Contoured Mesh Fly Boots,Horse Wear > Fly & Insect Control > Fly Boots,85-800P-2-0,Size: Pony,Color: Black,,,,Wellington Warehouse,12980,12980,12980,18950,0,0,
25,BIN-01,1767466741476,Shelf 3,1,Tough-1 Contoured Mesh Fly Boots,Horse Wear > Fly & Insect Control > Fly Boots,85-800-3-0,Size: Horse,Color: White,,,,Wellington Warehouse,12980,12980,12980,24950,0,0,0.018803589
3,BIN-01,1767466741476,Shelf 3,1,Tough-1 Contoured Mesh Fly Boots,Horse Wear > Fly & Insect Control > Fly Boots,85-800-2-0,Size: Horse,Color: Black,,,,Wellington Warehouse,12980,12980,12980,24950,0,0,0.018105758
6,ROW 1 : LVL 3,1768938712711,First Aid,3,Sore No-More Performance Liniment,Horse Care > First Aid & Wellness > Liniments,14900-2,Size: 16 Ounces,,,,,Wellington Warehouse,15230,15885,16540,28130,0,0,0.05163955
3,ROW 4 : LVL 1,1774281147461,Supplements 2,1,HEIRO Insulin Resistance Supplement,Horse Care > Supplements > Digestive & Gut Health,2006,Size: 30 Servings,,,Lot# 30H-425021,2026-12-01,Wellington Warehouse,37200,37200,37200,50950,0,0,
0,ROW 5 : LVL 2,1769190184152,Fly sprays,2,E3 All Natural Fly Repellent Spray,Horse Care > Fly & Insect Control > Fly Sprays & Traps,30128,Size: Gallon,,,,,Wellington Warehouse,25890,25890,25890,34990,0,0,0.12558872
17,ROW 3 : LVL 2,1774281147458,Supplements 2,2,Equiade Body Builder,Horse Care > Supplements > Weight Gain & Muscle,BB-32,Size: 32 Ounces,,,,,Wellington Warehouse,52970,54710,56450,69950,0,0,
177,ROW 3 : LVL 3,1774281545038,Grooming,3,E3 Tea Tree Shampoo,"Horse Care > Grooming & Bathing > Shampoos, Conditioners, & Sprays > Shampoos",E3-40032,Size: 32 Ounces,,,,,Wellington Warehouse,11010,11010,11010,16000,0,0,0.06137877
3,ROW 3 : LVL 3,1774281545038,Grooming,3,E3 Tea Tree Shampoo,"Horse Care > Grooming & Bathing > Shampoos, Conditioners, & Sprays > Shampoos",001-40128,Size: 1 Gallon,,,,,Wellington Warehouse,23790,27355,30920,38990,0,0,
64,ROW 3 : LVL 3,1774281545038,Grooming,3,E3 Argan Oil Shampoo Waterless Spray,"Horse Care > Grooming & Bathing > Shampoos, Conditioners, & Sprays > Shampoos",001-130032,Size: 32 Ounces,,,,,Wellington Warehouse,8850,8850,8850,14850,0,0,0.034194395
8,ROW 5 : LVL 2,1769190184152,Fly sprays,2,E3 All Natural Fly Repellent Spray,Horse Care > Fly & Insect Control > Fly Sprays & Traps,30032,Size: 32 Ounces,,,,,Wellington Warehouse,10400,10400,10400,17000,0,0,0.038156103
15,ROW 3 : LVL 3,1774281545038,Grooming,3,E3 Antibacterial & Antifungal Shampoo,"Horse Care > Grooming & Bathing > Shampoos, Conditioners, & Sprays > Shampoos",17230-2,Size: 1 Gallon,,,,,Wellington Warehouse,31820,31820,31820,47780,0,0,0.09359683
22,ROW 3 : LVL 3,1774281545038,Grooming,3,E3 Argan Oil Conditioner,"Horse Care > Grooming & Bathing > Shampoos, Conditioners, & Sprays > Conditioners",17235-1,Size: 32 Ounces,,,,,Wellington Warehouse,9620,9620,9620,17980,0,0,0.022337839
5,ROW 3 : LVL 3,1774281545038,Grooming,3,E3 Argan Oil Shampoo,"Horse Care > Grooming & Bathing > Shampoos, Conditioners, & Sprays > Shampoos",17231-3,Size: 1 Gallon,,,,,Wellington Warehouse,28670,28670,28670,49950,0,0,0.1144134
5,ROW 3 : LVL 3,1774281545038,Grooming,3,E3 Antibacterial & Antifungal Shampoo,"Horse Care > Grooming & Bathing > Shampoos, Conditioners, & Sprays > Shampoos",17230-1,Size: 32 Ounces,,,,,Wellington Warehouse,0,6950,13900,25170,0,0,0.054043703
4,ROW 3 : LVL 3,1774281545038,Grooming,3,E3 Argan Oil Shampoo,"Horse Care > Grooming & Bathing > Shampoos, Conditioners, & Sprays > Shampoos",120032,Size: 32 Ounces,,,,,Wellington Warehouse,12040,12040,12040,21290,0,0,0.051076535
0,ROW 3 : LVL 4,1774281545039,Grooming,4,Lucky Braids Horse Braiding Yarn,Horse Care > Grooming & Bathing > Brushes & Tools > Braiding,2440,Color: Charcoal/Salt & Pepper,,,,,Wellington Warehouse,5750,5750,5750,17950,0,0,
13,ROW 2 : LVL 1,1774281650391,Hoof/Treats,1,German Horse Minty Muffins,Horse Care > Treats & Toys > Treats,15497-1,Size: 1 Pound,,,,,Wellington Warehouse,7530,7530,7530,10990,0,0,0.23336922
0,ROW 2 : LVL 1,1774281650391,Hoof/Treats,1,German Horse Muffins,Horse Care > Treats & Toys > Treats,011-1001014,Size: 14 Pounds,,,,,Wellington Warehouse,54160,56270,58380,78990,0,0,0.01142749
5,ROW 3 : LVL 4,1774281545039,Grooming,4,Lucky Braids Horse Braiding Yarn,Horse Care > Grooming & Bathing > Brushes & Tools > Braiding,2420,Color: Chestnut/Sorrel,,,,,Wellington Warehouse,5750,5750,5750,17950,0,0,
3,BIN 1,1776787262019,Bits 1,1,Herm Sprenger KK Ultra Sensogan 16mm Loose Ring Snaffle,Tack & Equipment > Bits > English Bits,40604 145 78,Width: 16 Millimeters,Length: 5.75 Inches,,,,Wellington Warehouse,79300,79300,79300,169300,0,0,0.024478039
2,ROW 3 : LVL 4,1774281545039,Grooming,4,Lucky Braids Horse Braiding Yarn,Horse Care > Grooming & Bathing > Brushes & Tools > Braiding,2422,Color: Liver Chestnut,,,,,Wellington Warehouse,5750,5750,5750,17950,0,0,
0,ROW 2 : LVL 1,1774281650391,Hoof/Treats,1,German Horse Muffins,Horse Care > Treats & Toys > Treats,15528-3,Size: 6 Pounds,,,,,Wellington Warehouse,22630,22630,22630,34990,0,0,0.015033927
0,ROW 2 : LVL 1,1774281650391,Hoof/Treats,1,German Horse Minty Muffins,Horse Care > Treats & Toys > Treats,15497-4,Size: 6 Pounds,,,,,Wellington Warehouse,31740,31740,31740,45990,0,0,0.01142749
134,ROW 5 : LVL 6,1769190184156,Fly sprays,6,Starbar Captivator Fly Trap,Horse Care > Fly & Insect Control > Fly Sprays & Traps,100520214,Title: Default Title,,,,,Wellington Warehouse,6260,6490,6720,9990,0,0,0.5934256
2,ROW 3 : LVL 4,1774281545039,Grooming,4,Lucky Braids Horse Braiding Yarn,Horse Care > Grooming & Bathing > Brushes & Tools > Braiding,2430,Color: Light Grey/Flaxen,,,,,Wellington Warehouse,5750,5750,5750,17950,0,0,0.021051686
1,BIN 1,1776787262019,Bits 1,1,Herm Sprenger KK Ultra Sensogan 21mm Loose Ring Snaffle,Tack & Equipment > Bits > English Bits,40600 140 78,Width: 21 Millimeters,Length: 5.5 Inches,,,,Wellington Warehouse,79300,79300,79300,169300,0,0,
19,ROW 2 : LVL 1,1774281650391,Hoof/Treats,1,German Horse Muffins,Horse Care > Treats & Toys > Treats,011-1001001,Size: 1 Pound,,,,,Wellington Warehouse,5120,5120,5120,9990,0,0,0.16163187
1,BIN 1,1776787262019,Bits 1,1,Herm Sprenger KK Ultra Sensogan 16mm Loose Ring Snaffle,Tack & Equipment > Bits > English Bits,40604 135 78,Width: 16 Millimeters,Length: 5.25 Inches,,,,Wellington Warehouse,79300,79300,79300,169300,0,0,
1,BIN 1,1776787262019,Bits 1,1,Herm Sprenger KK Ultra Sensogan 18mm Loose Ring Snaffle,Tack & Equipment > Bits > English Bits,40606 130 78,Width: 18 Millimeters,Length: 5.125 Inches,,,,Wellington Warehouse,79300,79300,79300,169300,0,0,
3,ROW 3 : LVL 4,1774281545039,Grooming,4,Lucky Braids Horse Braiding Yarn,Horse Care > Grooming & Bathing > Brushes & Tools > Braiding,2410,Color: Black,,,,,Wellington Warehouse,5750,5750,5750,17950,0,0,
1,Grid wall,1770916055031,Girths,1,EquiFit Belly Band,Tack & Equipment > Girths & Cinches > English Girths > Hunter/Jumper Girths,02018O,Size: Oversized,,,,,Wellington Warehouse,81180,81180,81180,164000,0,0,
1,BIN-04,1777314709514,Shelf 21,4,EquiFit Ear Bonnet,Tack & Equipment > Ear Plugs & Bonnets > Bonnets,02016C,Size: Cob,Color: Black,,,,Wellington Warehouse,54970,54970,54970,108000,0,0,
0,Grid wall,1770916055031,Girths,1,EquiFit Belly Band,Tack & Equipment > Girths & Cinches > English Girths > Hunter/Jumper Girths,02018H,Size: Horse,,,,,Wellington Warehouse,81180,81180,81180,164000,0,0,0.011945776
0,LVL 5,1770396443383,Saddle Pads 3,5,EquiFit Essential Square Pad,Tack & Equipment > English Saddle Pads > All Purpose & Hunter/Jumper Saddle Pads,41207,Color: White,,,,,Wellington Warehouse,28120,28120,28120,60000,0,0,0.0127029335
0,BIN-04,1777314709514,Shelf 21,4,EquiFit Ear Bonnet,Tack & Equipment > Ear Plugs & Bonnets > Bonnets,02016O,Size: Oversized,Color: Black,,,,Wellington Warehouse,54970,54970,54970,108000,0,0,0.01659058
0,BIN-05,1767626770404,Shelf 5,5,EquiFit Essential Everyday Front Boots,Tack & Equipment > Boots & Wraps > Protective Boots > Front Boots,11277FMB,Size: Medium,Color: Black,,,,Wellington Warehouse,57490,57490,57490,116000,0,0,
1,BIN-04,1777314709514,Shelf 21,4,EquiFit Ear Bonnet,Tack & Equipment > Ear Plugs & Bonnets > Bonnets,02016H,Size: Horse,Color: Black,,,,Wellington Warehouse,54970,54970,54970,108000,0,0,
12,ROW 4 : LVL 1,1774281147461,Supplements 2,1,AniMed Vitamin E,Horse Care > Supplements > Vitamins & Minerals,90165,Size: 5 Pounds,,,,,Wellington Warehouse,26000,26000,26000,36540,0,0,0.06961609
0,BIN-04,1767626770403,Shelf 5,4,EquiFit D-Teq Hind Boots with ImpacTeq Liners,Tack & Equipment > Boots & Wraps > Protective Boots > Hind Boots,01602HLB,Size: Large,Color: Black with Black Binding,,,,Wellington Warehouse,156450,156450,156450,302000,0,0,
1,BIN-05,1767626770404,Shelf 5,5,EquiFit Essential Everyday Front Boots,Tack & Equipment > Boots & Wraps > Protective Boots > Front Boots,11277XLWHT,Size: Extra Large,Color: White,,,,Wellington Warehouse,57490,57490,57490,116000,0,0,
1,BIN-05,1767626770404,Shelf 5,5,EquiFit Essential Everyday Front Boots,Tack & Equipment > Boots & Wraps > Protective Boots > Front Boots,11277FXLB,Size: Extra Large,Color: Black,,,,Wellington Warehouse,57490,57490,57490,116000,0,0,
1,BIN-04,1767626770403,Shelf 5,4,EquiFit D-Teq Hind Boots with ImpacTeq Liners,Tack & Equipment > Boots & Wraps > Protective Boots > Hind Boots,01604-LGBLKOST,Size: Large,Color: Black Ostrich with Black Binding,,,,Wellington Warehouse,156450,156450,156450,302000,0,0,
0,BIN-04,1767626770403,Shelf 5,4,EquiFit D-Teq Front Boot with ImpacTeq Liner,Tack & Equipment > Boots & Wraps > Protective Boots > Front Boots,01601FMB,Size: Medium,Color: Black with Black Binding,,,,Wellington Warehouse,162750,162750,162750,314000,0,0,
0,BIN-04,1767626770403,Shelf 5,4,EquiFit D-Teq Front Boot with ImpacTeq Liner,Tack & Equipment > Boots & Wraps > Protective Boots > Front Boots,01601FLB,Size: Large,Color: Black with Black Binding,,,,Wellington Warehouse,162750,162750,162750,314000,0,0,
13,ROW 4 : LVL 2,1774281147462,Supplements 2,2,AniMed Vitamin E,Horse Care > Supplements > Vitamins & Minerals,053-90167,Size: 2.5 Pounds,,,,,Wellington Warehouse,9480,9480,9480,21240,0,0,
1,BIN-04,1767626770403,Shelf 5,4,EquiFit D-Teq Hind Boots with ImpacTeq Liners,Tack & Equipment > Boots & Wraps > Protective Boots > Hind Boots,01602HMB,Size: Medium,Color: Black with Black Binding,,,,Wellington Warehouse,156450,156450,156450,302000,0,0,
2,BIN-04,1767626770403,Shelf 5,4,EquiFit D-Teq Front Boot with ImpacTeq Liner,Tack & Equipment > Boots & Wraps > Protective Boots > Front Boots,01601FXLB,Size: Extra Large,Color: Black with Black Binding,,,,Wellington Warehouse,162750,162750,162750,314000,0,0,
0,BIN-04,1767626770403,Shelf 5,4,EquiFit D-Teq Hind Boots with ImpacTeq Liners,Tack & Equipment > Boots & Wraps > Protective Boots > Hind Boots,01608-LGBN,Size: Large,Color: Black Ostrich with Brown Binding,,,,Wellington Warehouse,156450,156450,156450,302000,0,0,
1,Grid wall,1770916055031,Girths,1,EquiFit Belly Band,Tack & Equipment > Girths & Cinches > English Girths > Hunter/Jumper Girths,02018C,Size: Cob,,,,,Wellington Warehouse,81180,81180,81180,164000,0,0,
1,BIN-04,1767626770403,Shelf 5,4,EquiFit D-Teq Front Boot with ImpacTeq Liner,Tack & Equipment > Boots & Wraps > Protective Boots > Front Boots,01603-Large,Size: Large,Color: Black Ostrich with Black Binding,,,,Wellington Warehouse,162750,162750,162750,314000,0,0,0.01231158
2,LVL 4,1771001977936,Blankets 6,4,WeatherBeeta Comfitec Plus Dynamic Standard Neck Medium/Lite,Horse Wear > Blankets & Sheets > Turnout Blankets & Sheets > Medium Weight,801321,Size: 60-,Color: Purple/Black,,,,Wellington Warehouse,78980,78980,78980,164990,0,0,
6,LVL 2,1770131722585,Blankets 1,2,Amigo Bravo 12 Plus (400g Heavy),Horse Wear > Blankets & Sheets > Turnout Blankets & Sheets > Heavy Weight,AARP74-KJI0-75,Color: Black/Titanium Grey & Silver,Size: 75-Inch,,,,Wellington Warehouse,109200,109200,109200,239950,0,0,
3,LVL 4,1771259569149,Blankets 7,4,WeatherBeeta Comfitec Plus Dynamic Standard Neck Lite Turnout Sheet,Horse Wear > Blankets & Sheets > Turnout Blankets & Sheets > Sheets,801346,Size: 69,Color: Purple/Black,,,,Wellington Warehouse,73860,73860,73860,124990,0,0,
7,LVL 2,1770131722585,Blankets 1,2,Amigo Bravo 12 Plus (400g Heavy),Horse Wear > Blankets & Sheets > Turnout Blankets & Sheets > Heavy Weight,AARP74-KJI0-72,Color: Black/Titanium Grey & Silver,Size: 72-Inch,,,,Wellington Warehouse,109200,109200,109200,239950,0,0,
2,BIN-05,1767626770404,Shelf 5,5,EquiFit Essential Everyday Hind Boot,Tack & Equipment > Boots & Wraps > Protective Boots > Hind Boots,11278HXLB,Size: Extra Large,Color: Black,,,,Wellington Warehouse,51220,51220,51220,103000,0,0,
0,LVL 4,1771259569149,Blankets 7,4,WeatherBeeta Comfitec Plus Dynamic Standard Neck Lite Turnout Sheet,Horse Wear > Blankets & Sheets > Turnout Blankets & Sheets > Sheets,801351,Size: 84,Color: Purple/Black,,,,Wellington Warehouse,73860,73860,73860,124990,0,0,
3,LVL 3,1771436264207,Blankets 8,3,Amigo Hero 900 Plus Turnout Sheet with Disc Front Closure (0g Lite),Horse Wear > Blankets & Sheets > Turnout Blankets & Sheets > Sheets,AAMPT0-BMWV-66,Size: 66,Color: Blue,,,,Wellington Warehouse,95000,95000,95000,113990,0,0,
1,LVL 4,1771259569149,Blankets 7,4,WeatherBeeta Comfitec Plus Dynamic Standard Neck Lite Turnout Sheet,Horse Wear > Blankets & Sheets > Turnout Blankets & Sheets > Sheets,801344,Size: 63,Color: Purple/Black,,,,Wellington Warehouse,73860,73860,73860,124990,0,0,
6,LVL 2,1770131722585,Blankets 1,2,Amigo Bravo 12 Plus (400g Heavy),Horse Wear > Blankets & Sheets > Turnout Blankets & Sheets > Heavy Weight,AARP74-BJI0-72,Color: Navy/Titanium Grey & Silver,Size: 72-Inch,,,,Wellington Warehouse,109200,109200,109200,239950,0,0,
1,BIN-05,1767626770404,Shelf 5,5,EquiFit Essential Everyday Hind Boot,Tack & Equipment > Boots & Wraps > Protective Boots > Hind Boots,11278WhiteXLarge,Size: Extra Large,Color: White,,,,Wellington Warehouse,51220,51220,51220,103000,0,0,
1,LVL 4,1771259569149,Blankets 7,4,WeatherBeeta Comfitec Plus Dynamic Standard Neck Lite Turnout Sheet,Horse Wear > Blankets & Sheets > Turnout Blankets & Sheets > Sheets,801345,Size: 66,Color: Purple/Black,,,,Wellington Warehouse,73860,73860,73860,124990,0,0,
0,BIN-05,1767626770404,Shelf 5,5,EquiFit Essential Everyday Hind Boot,Tack & Equipment > Boots & Wraps > Protective Boots > Hind Boots,11278HMB,Size: Medium,Color: Black,,,,Wellington Warehouse,51220,51220,51220,103000,0,0,
2,LVL 4,1771259569149,Blankets 7,4,WeatherBeeta Comfitec Plus Dynamic Standard Neck Lite Turnout Sheet,Horse Wear > Blankets & Sheets > Turnout Blankets & Sheets > Sheets,801352,Size: 87,Color: Purple/Black,,,,Wellington Warehouse,73860,73860,73860,124990,0,0,
0,BIN-05,1773766441667,Shelf 16,5,Kensington Premium Nylon Halter,Tack & Equipment > Halters & Leads > Halters > Nylon & Rope Halters,KHS-L-2017,Size: Large - Average,Color: Lavender Mint,,,,Wellington Warehouse,22500,22500,22500,44990,0,0,
1,BIN-05,1773766441667,Shelf 16,5,Kensington Premium Nylon Halter,Tack & Equipment > Halters & Leads > Halters > Nylon & Rope Halters,KHS-L-181,Size: Large - Average,Color: Kentucky Blue,,,,Wellington Warehouse,22500,22500,22500,44990,0,0,
3,LVL 3,1770740443980,Blankets 2,3,Amigo Bravo 12 Wug (250g Medium),Horse Wear > Blankets & Sheets > Turnout Blankets & Sheets > Medium Weight,AARW72-KJI0-75,Size: 75-Inch,Color: Black/Titanium Grey & Silver,,,,Wellington Warehouse,111000,111000,111000,219950,0,0,
3,BIN-05,1773766441667,Shelf 16,5,Kensington Premium Nylon Halter,Tack & Equipment > Halters & Leads > Halters > Nylon & Rope Halters,KHS-M-181,Size: Medium - Small Horse,Color: Kentucky Blue,,,,Wellington Warehouse,22500,22500,22500,44990,0,0,
1,BIN-05,1773766441667,Shelf 16,5,Kensington Premium Breakaway Halter,Tack & Equipment > Halters & Leads > Halters > Nylon & Rope Halters,KHSB-XL-181,Size: Extra Large - Large Horse,Color: Kentucky Blue,,,,Wellington Warehouse,22500,22500,22500,44990,0,0,
2,LVL 3,1770740443980,Blankets 2,3,Amigo Bravo 12 Wug (250g Medium),Horse Wear > Blankets & Sheets > Turnout Blankets & Sheets > Medium Weight,AARW72-KJI0-78,Size: 78-Inch,Color: Black/Titanium Grey & Silver,,,,Wellington Warehouse,111000,111000,111000,219950,0,0,
1,BIN-05,1773766441667,Shelf 16,5,Kensington Premium Nylon Halter,Tack & Equipment > Halters & Leads > Halters > Nylon & Rope Halters,KHS-XL-2017,Size: Extra Large - Large Horse,Color: Lavender Mint,,,,Wellington Warehouse,22500,22500,22500,44990,0,0,
1,LVL 3,1770740443980,Blankets 2,3,Amigo Bravo 12 Wug (250g Medium),Horse Wear > Blankets & Sheets > Turnout Blankets & Sheets > Medium Weight,AARW72-KJI0-69,Size: 69-Inch,Color: Black/Titanium Grey & Silver,,,,Wellington Warehouse,111000,111000,111000,219950,0,0,
9,BIN-05,1773766441667,Shelf 16,5,Kensington Premium Breakaway Halter,Tack & Equipment > Halters & Leads > Halters > Nylon & Rope Halters,KHSB-M-121,Size: Medium - Small Horse,Color: Deluxe Black,,,,Wellington Warehouse,22500,22500,22500,44990,0,0,
3,BIN-05,1773766441667,Shelf 16,5,Kensington Premium Nylon Halter,Tack & Equipment > Halters & Leads > Halters > Nylon & Rope Halters,KHS-XL-121,Size: Extra Large - Large Horse,Color: Deluxe Black,,,,Wellington Warehouse,22500,22500,22500,44990,0,0,
3,BIN-01,1773766480619,Shelf 18,1,Kensington 10-Foot Cotton Tri-Color Lead Rope,Tack & Equipment > Halters & Leads > Lead Ropes,KCT880-161,Size: 10-Foot,Color: Deluxe Red,,,,Wellington Warehouse,10000,10000,10000,15990,0,0,0.57540077
2,BIN-05,1773766441667,Shelf 16,5,Kensington Premium Nylon Halter,Tack & Equipment > Halters & Leads > Halters > Nylon & Rope Halters,KHS-M-121,Size: Medium - Small Horse,Color: Deluxe Black,,,,Wellington Warehouse,22500,22500,22500,44990,0,0,
1,BIN-05,1773766441667,Shelf 16,5,Kensington Premium Breakaway Halter,Tack & Equipment > Halters & Leads > Halters > Nylon & Rope Halters,KHSB-XL-121,Size: Extra Large - Large Horse,Color: Deluxe Black,,,,Wellington Warehouse,22500,22500,22500,44990,0,0,
2,BIN-05,1773766441667,Shelf 16,5,Kensington Premium Nylon Halter,Tack & Equipment > Halters & Leads > Halters > Nylon & Rope Halters,KHS-XL-181,Size: Extra Large - Large Horse,Color: Kentucky Blue,,,,Wellington Warehouse,22500,22500,22500,44990,0,0,
4,LVL 3,1770740443980,Blankets 2,3,Amigo Bravo 12 Wug (250g Medium),Horse Wear > Blankets & Sheets > Turnout Blankets & Sheets > Medium Weight,AARW72-KJI0-72,Size: 72-Inch,Color: Black/Titanium Grey & Silver,,,,Wellington Warehouse,111000,111000,111000,219950,0,0,
2,BIN-05,1773766441667,Shelf 16,5,Kensington Premium Breakaway Halter,Tack & Equipment > Halters & Leads > Halters > Nylon & Rope Halters,KHSB-M-2021,Size: Medium - Small Horse,Color: Atlantis,,,,Wellington Warehouse,22500,22500,22500,44990,0,0,
4,ROW 2 : LVL 1,1774281650391,Hoof/Treats,1,Likit Holder,Horse Care > Treats & Toys > Toys & Licks,LH01US10,Color: Red,,,,,Wellington Warehouse,11430,11430,11430,21990,0,0,0.22303827
3,BIN-04,1767722157720,Shelf 7,4,Kensington All Around Zippered Show Tote,Horse Care > Grooming & Bathing > Brushes & Tools > Grooming Bags,KZST121,Color: Deluxe Black,,,,,Wellington Warehouse,30000,30000,30000,49990,0,0,
2,BIN-04,1767722157720,Shelf 7,4,Kensington All Around Zippered Show Tote,Horse Care > Grooming & Bathing > Brushes & Tools > Grooming Bags,KZST181,Color: Kentucky Blue,,,,,Wellington Warehouse,30000,30000,30000,49990,0,0,
2,BIN-01,1773766480619,Shelf 18,1,Kensington 10-Foot Poly Tri-Color Lead Rope,Tack & Equipment > Halters & Leads > Lead Ropes,KPT880-500,Size: 10-Foot,Color: Desert Sand,,,,Wellington Warehouse,10000,10000,10000,15990,0,0,
11,BIN-01,1773766480619,Shelf 18,1,Kensington 10-Foot Poly Tri-Color Lead Rope,Tack & Equipment > Halters & Leads > Lead Ropes,KPT880-181,Size: 10-Foot,Color: Kentucky Blue,,,,Wellington Warehouse,10000,10000,10000,15990,0,0,
1,BIN-04,1767722157720,Shelf 7,4,Kensington All Around Zippered Show Tote,Horse Care > Grooming & Bathing > Brushes & Tools > Grooming Bags,KZST2017,Color: Lavender Mint,,,,,Wellington Warehouse,30000,30000,30000,49990,0,0,
3,BIN-01,1767722157718,Shelf 7,1,Kensington All Around Blanket Storage Bag,"Tack & Equipment > Bags, Cases & Covers",KABSB-121,Size: One Size,Color: Deluxe Black,,,,Wellington Warehouse,32500,32500,32500,64990,0,0,
11,BIN-01,1767722157718,Shelf 7,1,Kensington All Around Blanket Storage Bag,"Tack & Equipment > Bags, Cases & Covers",KABSB-2017,Size: One Size,Color: Lavender Mint,,,,Wellington Warehouse,32500,32500,32500,64990,0,0,
0,ROW 1 : LVL 3,1768938712711,First Aid,3,Back on Track Limber Up All-Natural Liniment Foam For Muscle & Joint Pain Relief,Horse Care > First Aid & Wellness > Liniments,1LMBRPF013,Size: 13 Ounces,,,,,Wellington Warehouse,13770,13770,13770,17950,0,0,0.10275852
1,BIN-01,1767722157718,Shelf 7,1,Kensington All Around Blanket Storage Bag,"Tack & Equipment > Bags, Cases & Covers",KABSB-181,Size: One Size,Color: Kentucky Blue,,,,Wellington Warehouse,32500,32500,32500,64990,0,0,
4,ROW 2 : LVL 1,1774281650391,Hoof/Treats,1,Horsemen's Pride Mega Ball Cover,Horse Care > Treats & Toys > Toys & Licks,C430SB,Size: 30 inch,Color: Soccer Ball,,,,Wellington Warehouse,14880,14880,14880,22990,0,0,
5,ROW 2 : LVL 1,1774281650391,Hoof/Treats,1,Horsemen's Pride Mega Ball Cover,Horse Care > Treats & Toys > Toys & Licks,C440BB,Size: 40 Inch,Color: Beach Ball,,,,Wellington Warehouse,24140,24140,24140,37990,0,0,
5,ROW 2 : LVL 1,1774281650391,Hoof/Treats,1,Horsemen's Pride Mega Ball Cover,Horse Care > Treats & Toys > Toys & Licks,C430BB,Size: 30 inch,Color: Beach Ball,,,,Wellington Warehouse,14880,14880,14880,22990,0,0,
4,BIN 1,1776787262019,Bits 1,1,JP Korsteel Blue Steel Jointed Loose Ring Snaffle Bit,Tack & Equipment > Bits > English Bits,807530,Size: 4.5 Inches,,,,,Wellington Warehouse,20750,20750,20750,49990,0,0,
2,BIN 1,1776787262019,Bits 1,1,JP Korsteel Blue Steel Jointed Eggbutt Snaffle Bit,Tack & Equipment > Bits > English Bits,807539,Size: 4.5 Inches,,,,,Wellington Warehouse,25000,25000,25000,49990,0,0,
4,BIN 1,1776787262019,Bits 1,1,JP Korsteel Blue Steel Jointed Loose Ring Snaffle Bit,Tack & Equipment > Bits > English Bits,807531,Size: 5 Inches,,,,,Wellington Warehouse,20750,20750,20750,49990,0,0,
3,BIN-03,1768845014311,Shelf 13,3,Collegiate One Sided Rubber Reins IV,"Tack & Equipment > Bridles, Headstalls & Reins > English Bridles & Reins > Reins",811676,Size: 5/8 Inches x 54 Inches,Color: Brown,,,,Wellington Warehouse,29500,29500,29500,62990,0,0,
1,BIN 1,1776787262019,Bits 1,1,JP Korsteel Blue Steel Jointed Dee Ring Snaffle Bit,Tack & Equipment > Bits > English Bits,1000104002,Size: 4.5 Inches,,,,,Wellington Warehouse,26500,26500,26500,49990,0,0,
3,BIN 1,1776787262019,Bits 1,1,JP Korsteel Stainless Steel Oval Link Loose Ring Snaffle Bit,Tack & Equipment > Bits > English Bits,144196,Size: 5.5 Inches,,,,,Wellington Warehouse,20750,20750,20750,39990,0,0,
1,BIN 1,1776787262019,Bits 1,1,JP Korsteel Stainless Steel Oval Link Loose Ring Snaffle Bit,Tack & Equipment > Bits > English Bits,144192,Size: 4.5 Inches,,,,,Wellington Warehouse,20750,20750,20750,39990,0,0,
8,BIN 1,1776787262019,Bits 1,1,JP Korsteel Stainless Steel Oval Link Eggbutt Snaffle Bit,Tack & Equipment > Bits > English Bits,144188,Size: 6 Inches,,,,,Wellington Warehouse,24000,24000,24000,44990,0,0,
0,Grid wall,1770916055031,Girths,1,Kincade Fleece Girth,Tack & Equipment > Girths & Cinches > English Girths > Hunter/Jumper Girths,344051,Size: 42 Inches,Color: White/Brown,,,,Wellington Warehouse,29000,29000,29000,52990,0,0,
6,BIN 1,1776787262019,Bits 1,1,JP Korsteel Blue Steel Oval Link Loose Ring Snaffle Bit,Tack & Equipment > Bits > English Bits,807528,Size: 5.5 Inches,,,,,Wellington Warehouse,26000,26000,26000,39990,0,0,
4,BIN 1,1776787262019,Bits 1,1,JP Korsteel Blue Steel Oval Link Loose Ring Snaffle Bit,Tack & Equipment > Bits > English Bits,807526,Size: 4.5 Inches,,,,,Wellington Warehouse,26000,26000,26000,39990,0,0,
5,BIN 1,1776787262019,Bits 1,1,JP Korsteel Stainless Steel Copper Mouth Oval Link Loose Ring Snaffle Bit,Tack & Equipment > Bits > English Bits,144208,Size: 5.5 Inches,,,,,Wellington Warehouse,25000,25000,25000,35990,0,0,
7,BIN 1,1776787262019,Bits 1,1,Korsteel Stainless Steel French Link Eggbutt Snaffle Bit,Tack & Equipment > Bits > English Bits,140280,Size: 4.5 Inches,,,,,Wellington Warehouse,25000,25000,25000,42990,0,0,
7,BIN 1,1776787262019,Bits 1,1,Korsteel Stainless Steel Full Cheek Snaffle Bit,Tack & Equipment > Bits > English Bits,144550,Size: 4 Inches,,,,,Wellington Warehouse,21000,21000,21000,49990,0,0,
8,BIN 1,1776787262019,Bits 1,1,Korsteel Stainless Steel Copper Roller Mouth Eggbutt Snaffle Bit,Tack & Equipment > Bits > English Bits,144822,Size: 5 Inches,,,,,Wellington Warehouse,20750,20750,20750,39990,0,0,
6,LVL 1,1770747610172,Saddle Pads 4,1,Roma Circle Quilt All Purpose Saddle Pad,Tack & Equipment > English Saddle Pads > All Purpose & Hunter/Jumper Saddle Pads,571415,Size: Full,Color: Purple/White/Dark Orange,,,,Wellington Warehouse,21500,21500,21500,41990,0,0,
2,LVL 1,1770747610172,Saddle Pads 4,1,Roma Circle Quilt All Purpose Saddle Pad,Tack & Equipment > English Saddle Pads > All Purpose & Hunter/Jumper Saddle Pads,571404,Size: Full,Color: Purple/White/Turquoise,,,,Wellington Warehouse,21500,21500,21500,41990,0,0,
4,LVL 1,1770747610172,Saddle Pads 4,1,Roma Circle Quilt All Purpose Saddle Pad,Tack & Equipment > English Saddle Pads > All Purpose & Hunter/Jumper Saddle Pads,571406,Size: Full,Color: Crimson/White/Lime,,,,Wellington Warehouse,21500,21500,21500,41990,0,0,
1,LVL 1,1770747610172,Saddle Pads 4,1,Roma Circle Quilt All Purpose Saddle Pad,Tack & Equipment > English Saddle Pads > All Purpose & Hunter/Jumper Saddle Pads,571411,Size: Full,Color: Red Orange/White/Dark Denim,,,,Wellington Warehouse,21500,21500,21500,41990,0,0,
26,LVL 1,1770747610172,Saddle Pads 4,1,Roma Circle Quilt All Purpose Saddle Pad,Tack & Equipment > English Saddle Pads > All Purpose & Hunter/Jumper Saddle Pads,571412,Size: Full,Color: Red/White/Charcoal,,,,Wellington Warehouse,21500,21500,21500,41990,0,0,
8,LVL 1,1770747610172,Saddle Pads 4,1,Roma Ecole Star Quilt Close Contact Saddle Pad,Tack & Equipment > English Saddle Pads > All Purpose & Hunter/Jumper Saddle Pads,650669,Size: Full,Color: Teal/White/Lavender,,,,Wellington Warehouse,25500,25500,25500,50990,0,0,
1,LVL 1,1770747610172,Saddle Pads 4,1,Roma Ecole Star Quilt Close Contact Saddle Pad,Tack & Equipment > English Saddle Pads > All Purpose & Hunter/Jumper Saddle Pads,650795,Size: Full,Color: Black/Slate/Red,,,,Wellington Warehouse,25500,25500,25500,50990,0,0,
12,LVL 1,1770747610172,Saddle Pads 4,1,Roma Ecole Star Quilt Close Contact Saddle Pad,Tack & Equipment > English Saddle Pads > All Purpose & Hunter/Jumper Saddle Pads,650666,Size: Full,Color: Purple/Blue/Lavender,,,,Wellington Warehouse,25500,25500,25500,50990,0,0,
22,LVL 2,1770145216505,Saddle Pads 2,2,Weatherbeeta Prime Ombre Dressage Saddle Pad,Tack & Equipment > English Saddle Pads > Dressage Saddle Pads,1002677002,Size: Full,Color: Lagoon Mist,Add On: Saddle Pad,,,Wellington Warehouse,35500,35500,35500,35500,0,0,
3,BIN-01,1777314709511,Shelf 21,1,Weatherbeeta Prime Ombre Ear Bonnet,Tack & Equipment > Ear Plugs & Bonnets > Bonnets,1002679006,Size: Full,Color: Ocean Breeze,,,,Wellington Warehouse,22000,22000,22000,29990,0,0,
17,BIN-01,1777314709511,Shelf 21,1,Weatherbeeta Prime Ombre Ear Bonnet,Tack & Equipment > Ear Plugs & Bonnets > Bonnets,1002679004,Size: Full,Color: Lagoon Mist,,,,Wellington Warehouse,22000,22000,22000,29990,0,0,
9,LVL 3,1770145216506,Saddle Pads 2,3,Weatherbeeta Prime Ombre Dressage Saddle Pad,Tack & Equipment > English Saddle Pads > Dressage Saddle Pads,1002677005,Size: Full,Color: Midnight Aurora,Add On: Saddle Pad,,,Wellington Warehouse,35500,35500,35500,35500,0,0,
6,BIN-01,1777314709511,Shelf 21,1,Weatherbeeta Prime Ombre Ear Bonnet,Tack & Equipment > Ear Plugs & Bonnets > Bonnets,1002679002,Size: Full,Color: Desert Sky,,,,Wellington Warehouse,22000,22000,22000,29990,0,0,
5,BIN-01,1777314709511,Shelf 21,1,Weatherbeeta Prime Ombre Ear Bonnet,Tack & Equipment > Ear Plugs & Bonnets > Bonnets,1002679010,Size: Full,Color: Midnight Aurora,,,,Wellington Warehouse,22000,22000,22000,29990,0,0,
14,LVL 3,1770145216506,Saddle Pads 2,3,Weatherbeeta Prime Ombre Dressage Saddle Pad,Tack & Equipment > English Saddle Pads > Dressage Saddle Pads,1002677001,Size: Full,Color: Desert Sky,Add On: Saddle Pad,,,Wellington Warehouse,35500,35500,35500,35500,0,0,
3,LVL 3,1770145216506,Saddle Pads 2,3,Weatherbeeta Prime Ombre All Purpose Saddle Pad,Tack & Equipment > English Saddle Pads > All Purpose & Hunter/Jumper Saddle Pads,1002676020,Size: Full,Color: Ocean's Reef,Add On: Saddle Pad,,,Wellington Warehouse,35500,35500,35500,35500,0,0,
7,BIN-01,1776354991786,Grooming Small,1,Tough-1 Great Grips Flex Finishing Brush,Horse Care > Grooming & Bathing > Brushes & Tools > Brushes & Combs,68-904-293-0,Color: Green/Light  Green,,,,,Wellington Warehouse,3590,3590,3590,7990,0,0,
5,BIN-01,1776354991786,Grooming Small,1,Tough-1 Great Grips Flex Finishing Brush,Horse Care > Grooming & Bathing > Brushes & Tools > Brushes & Combs,68-904-294-0,Color: Blue/Light  Blue,,,,,Wellington Warehouse,3590,3590,3590,7990,0,0,
5,BIN-01,1776354991786,Grooming Small,1,Tough-1 Great Grip Finishing Brush,Horse Care > Grooming & Bathing > Brushes & Tools > Brushes & Combs,68-905-4-0,Color: Royal Blue,,,,,Wellington Warehouse,4190,4190,4190,7990,0,0,
9,BIN-01,1776354991786,Grooming Small,1,Tough-1 Great Grips Stiff Brush,Horse Care > Grooming & Bathing > Brushes & Tools > Brushes & Combs,68-900-6-0,Color: Hunter Green,,,,,Wellington Warehouse,4090,4090,4090,8990,0,0,0.059668202
2,LVL 2,1771530839744,Blankets 9,2,Rambo Protector Fly Sheet,Horse Wear > Fly & Insect Control > Fly Sheets,AFAR90-IBWT-78,Color: Silver/Navy,Size: 78,,,,Wellington Warehouse,100000,100000,100000,219950,0,0,0.14806248
9,LVL 2,1771530839744,Blankets 9,2,Rambo Protector Fly Sheet,Horse Wear > Fly & Insect Control > Fly Sheets,AFAR90-IBWT-81,Color: Silver/Navy,Size: 81,,,,Wellington Warehouse,100000,100000,100000,219950,0,0,0.056705326
0,BIN-01,1776354991786,Grooming Small,1,Tough-1 Great Grips Flex Finishing Brush,Horse Care > Grooming & Bathing > Brushes & Tools > Brushes & Combs,68-904-295-0,Color: Gray/Black,,,,,Wellington Warehouse,3590,3590,3590,7990,0,0,0.02763733
2,BIN-01,1776354991786,Grooming Small,1,Tough-1 Great Grip Mane & Tail Brush,Horse Care > Grooming & Bathing > Brushes & Tools > Brushes & Combs,68-907-40-0,Color: Neon Green,,,,,Wellington Warehouse,3690,3690,3690,6990,0,0,
8,LVL 2,1771530839744,Blankets 9,2,Rambo Protector Fly Sheet,Horse Wear > Fly & Insect Control > Fly Sheets,AFAR90-IBWT-75,Color: Silver/Navy,Size: 75,,,,Wellington Warehouse,100000,100000,100000,219950,0,0,0.0705764
1,BIN-01,1776354991786,Grooming Small,1,Tough-1 Great Grip Mane & Tail Brush,Horse Care > Grooming & Bathing > Brushes & Tools > Brushes & Combs,68-907-14-0,Color: Turquoise,,,,,Wellington Warehouse,3690,3690,3690,6990,0,0,0.0732367
6,LVL 2,1771530839744,Blankets 9,2,Rambo Protector Fly Sheet,Horse Wear > Fly & Insect Control > Fly Sheets,AFAR90-IBWT-84,Color: Silver/Navy,Size: 84,,,,Wellington Warehouse,100000,100000,100000,219950,0,0,0.043669883
0,BIN-01,1776354991786,Grooming Small,1,Tough-1 Great Grip Finishing Brush,Horse Care > Grooming & Bathing > Brushes & Tools > Brushes & Combs,68-905-10-0,Color: Purple,,,,,Wellington Warehouse,4190,4190,4190,7990,0,0,0.02763733
1,LVL 2,1771530839744,Blankets 9,2,Rambo Protector Fly Sheet,Horse Wear > Fly & Insect Control > Fly Sheets,AFAR90-IBWT-72,Color: Silver/Navy,Size: 72,,,,Wellington Warehouse,100000,100000,100000,219950,0,0,0.11436237
3,BIN-01,1776354991786,Grooming Small,1,Tough-1 Great Grips Stiff Brush,Horse Care > Grooming & Bathing > Brushes & Tools > Brushes & Combs,68-900-4-0,Color: Royal Blue,,,,,Wellington Warehouse,4090,4090,4090,8990,0,0,
0,BIN-01,1776354991786,Grooming Small,1,Tough-1 Great Grip Mane & Tail Brush,Horse Care > Grooming & Bathing > Brushes & Tools > Brushes & Combs,68-907-10-0,Color: Purple,,,,,Wellington Warehouse,3690,3690,3690,6990,0,0,0.06019114
7,BIN-01,1776354991786,Grooming Small,1,Tough-1 Great Grips Stiff Brush,Horse Care > Grooming & Bathing > Brushes & Tools > Brushes & Combs,68-900-5-0,Color: Red,,,,,Wellington Warehouse,4090,4090,4090,8990,0,0,
0,BIN-01,1776354991786,Grooming Small,1,Tough-1 Great Grip Mane & Tail Brush,Horse Care > Grooming & Bathing > Brushes & Tools > Brushes & Combs,68-907-4-0,Color: Royal Blue,,,,,Wellington Warehouse,3690,3690,3690,6990,0,0,
0,BIN-04,1773766441666,Shelf 16,4,Rambo Padded Halter,Tack & Equipment > Halters & Leads > Halters > Nylon & Rope Halters,DHAG40-VRKB-CO,Size: Cob,Color: Witney Navy,,,,Wellington Warehouse,27000,27000,27000,34990,0,0,0.0299439
9,BIN 1,1776787211212,Gloves,1,Horseware Ireland Elastic PVC Covered Tailcord,Horse Wear > Blankets & Sheets > Blanket Accessories,DUHA00-K000-50,Color: Black,Size: 50 inches,,,,Wellington Warehouse,8000,8000,8000,14950,0,0,
7,BIN 1,1776787211212,Gloves,1,Horseware Ireland Elastic PVC Covered Tailcord,Horse Wear > Blankets & Sheets > Blanket Accessories,DUHA00-K000-40,Color: Black,Size: 40 inches,,,,Wellington Warehouse,8000,8000,8000,14950,0,0,
1,BIN-04,1767466772770,Shelf 3,4,"Amigo Flyboots, Set of Four",Horse Wear > Fly & Insect Control > Fly Boots,DDRF30-IB00-PY,Size: Pony,Color: Silver & Navy,,,,Wellington Warehouse,25000,25000,25000,39960,0,0,
0,BIN-05,1767466772771,Shelf 3,5,Rambo Padded Halter,Tack & Equipment > Halters & Leads > Halters > Nylon & Rope Halters,DHAG40-VRK0-CO,Size: Cob,Color: Witney Gold,,,,Wellington Warehouse,27000,27000,27000,34990,0,0,
19,ROW 5 : LVL 2,1769190184152,Fly sprays,2,Farnam Equisect Fly Repellent,Horse Care > Fly & Insect Control > Fly Sprays & Traps,3002536,Size: 32 Ounces,,,,,Wellington Warehouse,9890,9890,9890,19990,0,0,0.01461885
3,ROW 5 : LVL 2,1769190184152,Fly sprays,2,Farnam Equisect Fly Repellent,Horse Care > Fly & Insect Control > Fly Sprays & Traps,100540297,Size: 1 Gallon,,,,,Wellington Warehouse,44840,44840,44840,52990,0,0,0.022088913
2,BIN-03,1768845014311,Shelf 13,3,Rambo Micklem Original Multibridle with Reins,"Tack & Equipment > Bridles, Headstalls & Reins > English Bridles & Reins > Bridles",SBAB51-K000-PY,Color: Black,Size: Pony,,,,Wellington Warehouse,101000,101000,101000,139950,0,0,
10,LVL 3,1771530839745,Blankets 9,3,Amigo Bug Buster with No-Fly Zone,Horse Wear > Fly & Insect Control > Fly Sheets,AFRR3V-IQWQ-75,Color: Silver/Burgundy,Size: 75-Inch,,,,Wellington Warehouse,95000,95000,95000,219950,0,0,
5,BIN-04,1773766441666,Shelf 16,4,Rambo Padded Halter,Tack & Equipment > Halters & Leads > Halters > Nylon & Rope Halters,DHAG40-VRK0-PY,Size: Pony,Color: Witney Gold,,,,Wellington Warehouse,27000,27000,27000,34990,0,0,
0,LVL 3,1771530839745,Blankets 9,3,Amigo Bug Buster with No-Fly Zone,Horse Wear > Fly & Insect Control > Fly Sheets,AFRR3V-IQWQ-81,Color: Silver/Burgundy,Size: 81-Inch,,,,Wellington Warehouse,95000,95000,95000,219950,0,0,
3,BIN 1,1776787211212,Gloves,1,Horseware Ireland Elastic PVC Covered Tailcord,Horse Wear > Blankets & Sheets > Blanket Accessories,DUHA00-K000-30,Color: Black,Size: 30 inches,,,,Wellington Warehouse,8000,8000,8000,14950,0,0,
7,LVL 3,1771530839745,Blankets 9,3,Amigo Bug Buster with No-Fly Zone,Horse Wear > Fly & Insect Control > Fly Sheets,AFRR3V-IQWQ-78,Color: Silver/Burgundy,Size: 78-Inch,,,,Wellington Warehouse,95000,95000,95000,219950,0,0,
9,BIN-04,1773766441666,Shelf 16,4,Rambo Padded Halter,Tack & Equipment > Halters & Leads > Halters > Nylon & Rope Halters,DHAG40-VRKB-PY,Size: Pony,Color: Witney Navy,,,,Wellington Warehouse,27000,27000,27000,34990,0,0,
5,LVL 3,1771530839745,Blankets 9,3,Amigo Bug Buster with No-Fly Zone,Horse Wear > Fly & Insect Control > Fly Sheets,AFRR3V-IQWQ-72,Color: Silver/Burgundy,Size: 72-Inch,,,,Wellington Warehouse,95000,95000,95000,219950,0,0,
6,ROW 3 : LVL 1,1774281147457,Supplements 2,1,Farnam SimpliFly Feed-Thru Fly Control,Horse Care > Fly & Insect Control > Fly Control Supplements,100515881,Size: 3.75 Pounds,,,,,Wellington Warehouse,25160,25160,25160,43990,0,0,0.062055316
4,ROW 5 : LVL 2,1769190184152,Fly sprays,2,Farnam Repel-X Pe Emulsifiable Fly Spray,Horse Care > Fly & Insect Control > Fly Sprays & Traps,100512027,Size: 1 Gallon,,,,,Wellington Warehouse,114000,114000,114000,157490,0,0,
6,ROW 3 : LVL 1,1774281147457,Supplements 2,1,Farnam SimpliFly Feed-Thru Fly Control,Horse Care > Fly & Insect Control > Fly Control Supplements,100515883,Size: 10 Pounds,,,,,Wellington Warehouse,60890,60890,60890,79970,0,0,
36,BIN 1,1776787211212,Gloves,1,WeatherBeeta Rubber Surcingle Stoppers,Horse Wear > Blankets & Sheets > Blanket Accessories,999569,Color: Black,,,,,Wellington Warehouse,1190,1190,1190,2100,0,0,
3,BIN 1,1776787211212,Gloves,1,WeatherBeeta Replacement Chest Buckle Set,Horse Wear > Blankets & Sheets > Blanket Accessories,594707,Color: Black,,,,,Wellington Warehouse,2410,2410,2410,5250,0,0,
4,ROW 3 : LVL 4,1774281545039,Grooming,4,Absorbine Fungasol Shampoo,"Horse Care > Grooming & Bathing > Shampoos, Conditioners, & Sprays > Shampoos",430440,Size: 20 Ounces,,,,,Wellington Warehouse,8360,8360,8360,11290,0,0,
1,ROW 1 : LVL 2,1768938712710,First Aid,2,Absorbine Fungasol Ointment,Horse Care > First Aid & Wellness > Wound Care & Topicals,430450,Size: 13 Ounces,,,,,Wellington Warehouse,10110,10110,10110,14990,0,0,0.0457015
1,ROW 3 : LVL 1,1774281147457,Supplements 2,1,Horse Health Products Vita Biotin Crumbles Hoof Supplement,Horse Care > Supplements > Hoof Health,100542321,Size: 20 lbs,,,,,Wellington Warehouse,89940,89940,89940,112950,0,0,
5,ROW 5 : LVL 2,1769190184152,Fly sprays,2,Farnam Repel-X Pe Emulsifiable Fly Spray,Horse Care > Fly & Insect Control > Fly Sprays & Traps,100512028,Size: 32 Ounces,,,,,Wellington Warehouse,27210,27210,27210,46990,0,0,
7,BIN 1,1776787211212,Gloves,1,WeatherBeeta Replacement Elastic Leg Strap (Pair),Horse Wear > Blankets & Sheets > Blanket Accessories,642023,Color: Black,,,,,Wellington Warehouse,5920,5920,5920,12250,0,0,0.04464537
13,ROW 1 : LVL 3,1768938712711,First Aid,3,Silver Honey Rapid Wound Repair,Horse Care > First Aid & Wellness > Wound Care & Topicals,18471-2,Size: 8 Ounces - Spray Gel,,,,,Wellington Warehouse,14650,14650,14650,24090,0,0,
4,ROW 1 : LVL 2,1768938712710,First Aid,2,Absorbine Fungasol Anti Fungal Spray,Horse Care > First Aid & Wellness > Wound Care & Topicals,430430,Size: 22 fl oz,,,,,Wellington Warehouse,13030,13030,13030,17090,0,0,0.019900935
2,ROW 1 : LVL 3,1768938712711,First Aid,3,Vetericyn Plus Wound & Skin Care Antimicrobial Hydrogel Spray,Horse Care > First Aid & Wellness > Wound Care & Topicals,085-1040,Size: 16 Ounces,,,,,Wellington Warehouse,25340,25340,25340,35990,0,0,0.014981299
14,ROW 1 : LVL 3,1768938712711,First Aid,3,Silver Honey Rapid Wound Repair,Horse Care > First Aid & Wellness > Wound Care & Topicals,18471-1,Size: 2 Ounces - Ointment Tube,,,,,Wellington Warehouse,14380,14380,14380,24090,0,0,0.04192124
1,LVL 1,1767805838121,Fly Sheets 2,1,WeatherBeeta Comfitec Ripshield Plus With Belly Wrap and Detach-A-Neck Fly Sheet,Horse Wear > Fly & Insect Control > Fly Sheets,1002930001,Color: White/Burgundy,Size: 66-Inch,,,,Wellington Warehouse,80100,80100,80100,119960,0,0,
2,LVL 2,1767805838122,Fly Sheets 2,2,WeatherBeeta Comfitec Airflow II Detach A Neck Fly Sheet,Horse Wear > Fly & Insect Control > Fly Sheets,1002927008,Color: Grey/Blue/Grey,Size: 69,,,,Wellington Warehouse,71190,71190,71190,119990,0,0,
1,LVL 2,1767805838122,Fly Sheets 2,2,WeatherBeeta Comfitec Airflow II Detach A Neck Fly Sheet,Horse Wear > Fly & Insect Control > Fly Sheets,1002927038,Color: White/Blue/Sea Blue,Size: 69,,,,Wellington Warehouse,71190,71190,71190,119990,0,0,
3,LVL 2,1767805838122,Fly Sheets 2,2,WeatherBeeta Comfitec Airflow II Detach A Neck Fly Sheet,Horse Wear > Fly & Insect Control > Fly Sheets,1002927039,Color: White/Blue/Sea Blue,Size: 72,,,,Wellington Warehouse,71190,71190,71190,119990,0,0,
8,BIN-01,1767452663133,Shelf 2,1,WeatherBeeta Stretch Bug Eye Saver With Ears,Horse Wear > Fly & Insect Control > Fly Masks,1002938016,Size: Pony,Color: Red/Black,,,,Wellington Warehouse,12770,12770,12770,17560,0,0,
0,LVL 1,1767805838121,Fly Sheets 2,1,WeatherBeeta Comfitec Ripshield Plus With Belly Wrap and Detach-A-Neck Fly Sheet,Horse Wear > Fly & Insect Control > Fly Sheets,1002930002,Color: White/Burgundy,Size: 69-Inch,,,,Wellington Warehouse,80100,80100,80100,119960,0,0,
11,BIN-01,1767452663133,Shelf 2,1,WeatherBeeta Stretch Bug Eye Saver With Ears,Horse Wear > Fly & Insect Control > Fly Masks,819103,Size: Pony,Color: Hunter/Black,,,,Wellington Warehouse,12770,12770,12770,17560,0,0,
2,LVL 2,1767805838122,Fly Sheets 2,2,WeatherBeeta Comfitec Airflow II Detach A Neck Fly Sheet,Horse Wear > Fly & Insect Control > Fly Sheets,1002927044,Color: White/Blue/Sea Blue,Size: 84,,,,Wellington Warehouse,71190,71190,71190,119990,0,0,0.03618131
20,ROW 4 : LVL 3,1774281614633,Grooming/Tack Cleaner,3,Betty's Best Skin & Coat Grooming Cloth XXL Wipes,"Horse Care > Grooming & Bathing > Shampoos, Conditioners & Sprays > Detanglers, Shines & Sprays",3121 XXL-TB,Size: 1 Pack (15 Wipes),,,,,Wellington Warehouse,6810,6810,6810,12990,0,0,0.033897202
2,BIN-01,1767452663133,Shelf 2,1,WeatherBeeta Stretch Bug Eye Saver With Ears,Horse Wear > Fly & Insect Control > Fly Masks,819100,Size: Pony,Color: Black/Black,,,,Wellington Warehouse,12770,12770,12770,17560,0,0,
0,LVL 1,1767805838121,Fly Sheets 2,1,WeatherBeeta Comfitec Ripshield Plus With Belly Wrap and Detach-A-Neck Fly Sheet,Horse Wear > Fly & Insect Control > Fly Sheets,1002930003,Color: White/Burgundy,Size: 72-Inch,,,,Wellington Warehouse,80100,80100,80100,119960,0,0,
0,LVL 2,1767805838122,Fly Sheets 2,2,WeatherBeeta Comfitec Airflow II Detach A Neck Fly Sheet,Horse Wear > Fly & Insect Control > Fly Sheets,1002927045,Color: White/Blue/Sea Blue,Size: 87,,,,Wellington Warehouse,71190,71190,71190,119990,0,0,
1,LVL 4,1767805838124,Fly Sheets 2,4,WeatherBeeta Comfitec Essential Mesh II Standard Neck Fly Sheet,Horse Wear > Fly & Insect Control > Fly Sheets,818760,Size: 87,Color: White/Purple/Black,,,,Wellington Warehouse,43430,43430,43430,55990,0,0,
22,BIN-01,1767452663133,Shelf 2,1,WeatherBeeta Stretch Bug Eye Saver With Ears,Horse Wear > Fly & Insect Control > Fly Masks,1002938005,Size: Pony,Color: Grey/Black,,,,Wellington Warehouse,12770,12770,12770,17560,0,0,
19,BIN-01,1767452663133,Shelf 2,1,WeatherBeeta Stretch Bug Eye Saver With Ears,Horse Wear > Fly & Insect Control > Fly Masks,819109,Size: Pony,Color: Purple/Black,,,,Wellington Warehouse,12770,12770,12770,17560,0,0,
1,LVL 2,1767805838122,Fly Sheets 2,2,WeatherBeeta Comfitec Airflow II Detach A Neck Fly Sheet,Horse Wear > Fly & Insect Control > Fly Sheets,1002927040,Color: White/Blue/Sea Blue,Size: 75,,,,Wellington Warehouse,71190,71190,71190,119990,0,0,
10,ROW 3 : LVL 2,1774281614627,Grooming/Tack Cleaner,2,Absorbine Leather Therapy Wash,Tack & Equipment > Leather Care,450501,Size: 8 Ounces,,,,,Wellington Warehouse,8530,8530,8530,9990,0,0,
0,BIN-05,1767722157719,Shelf 7,5,Weaver Leather Goods Slow Feed Hay Net,Stable > Stable Supplies > Hay Nets & Bags,35-4043-BL,Color: Blue,,,,,Wellington Warehouse,9330,9330,9330,12990,0,0,0.3132904
6,ROW 3 : LVL 2,1774281614627,Grooming/Tack Cleaner,2,Absorbine Leather Therapy Wash,Tack & Equipment > Leather Care,450502,Size: 16 Ounces,,,,,Wellington Warehouse,13760,13760,13760,16950,0,0,0.039552566
21,ROW 3 : LVL 2,1774281614627,Grooming/Tack Cleaner,2,Absorbine Leather Therapy Restorer & Conditioner,Tack & Equipment > Leather Care,16003-2,Size: 16 Ounces,,,,,Wellington Warehouse,16900,16900,16900,19990,0,0,
0,Grid wall,1770916055031,Girths,1,Weaver Leather AirFlex Roper Cinch,Tack & Equipment > Girths & Cinches > Western Cinches,35-2471-30,Size: 30 Inches,,,,,Wellington Warehouse,47990,47990,47990,74990,0,0,
2,Grid wall,1770916055031,Girths,1,Weaver Leather AirFlex Straight Cinch with Roll Snug Cinch Buckle,Tack & Equipment > Girths & Cinches > Western Cinches,35-2410-30,Size: 30 Inches,,,,,Wellington Warehouse,59710,59710,59710,84990,0,0,
4,Grid wall,1770916055031,Girths,1,Weaver Leather AirFlex Roper Cinch,Tack & Equipment > Girths & Cinches > Western Cinches,35-2471-32,Size: 32 Inches,,,,,Wellington Warehouse,47990,47990,47990,74990,0,0,
0,BIN-05,1773766441667,Shelf 16,5,Tough-1 Poly Rope Tied Halter,Tack & Equipment > Halters & Leads > Halters > Nylon & Rope Halters,50-1000-2-0,Color: Black,,,,,Wellington Warehouse,3190,3190,3190,6990,0,0,0.2197101
0,Grid wall,1770916055031,Girths,1,Weaver Leather AirFlex Roll Snug Roper Cinch,Tack & Equipment > Girths & Cinches > Western Cinches,35-2411-30,Size: 30 Inches,,,,,Wellington Warehouse,59340,59340,59340,84990,0,0,
1,LVL 2,1772124449866,Hoof Boots,2,"EasyCare Easyboot Glove Soft Hoof Boot, Single Boot",Tack & Equipment > Boots & Wraps > Hoof Boots,SB-GLS-1,Size: Size 1,,,,,Wellington Warehouse,50910,50910,50910,90000,0,0,
9,LVL 2,1772124449866,Hoof Boots,2,"EasyCare Easyboot Glove Soft Hoof Boot, Single Boot",Tack & Equipment > Boots & Wraps > Hoof Boots,SB-GLS-1.5,Size: Size 1.5,,,,,Wellington Warehouse,50910,50910,50910,90000,0,0,
0,ROW 4 : LVL 1,1774281147461,Supplements 2,1,Farnam Mare Plus Gestation and Lactation Supplement,Horse Care > Supplements > Metabolic,100539410,Size: 5 Pounds/40 Day Supply,,,,,Wellington Warehouse,21470,21470,21470,32990,0,0,
7,LVL 2,1772124449866,Hoof Boots,2,"EasyCare Easyboot Glove Soft Hoof Boot, Single Boot",Tack & Equipment > Boots & Wraps > Hoof Boots,SB-GLS-3.5,Size: Size 3.5,,,,,Wellington Warehouse,50910,50910,50910,90000,0,0,
7,LVL 2,1772124449866,Hoof Boots,2,"EasyCare Easyboot Glove Soft Hoof Boot, Single Boot",Tack & Equipment > Boots & Wraps > Hoof Boots,SB-GLS-2,Size: Size 2,,,,,Wellington Warehouse,50910,50910,50910,90000,0,0,
1,LVL 2,1772124449866,Hoof Boots,2,"Cavallo Trek Slim Sole Hoof Boot, Single Boot",Tack & Equipment > Boots & Wraps > Hoof Boots,11-4183-4,Color: Black,Size: Size 4,,,,Wellington Warehouse,55000,55000,55000,104950,0,0,
0,ROW 1 : LVL 1,1774281650387,Hoof/Treats,1,SBS Equine Sav-A-Hoof Spray,Horse Care > First Aid & Wellness > Hoof Care > Thrush,316-1,Size: 16 Ounces,,,,,Wellington Warehouse,16630,16630,16630,22990,0,0,0.029570354
4,LVL 2,1772124449866,Hoof Boots,2,"EasyCare Easyboot Glove Soft Hoof Boot, Single Boot",Tack & Equipment > Boots & Wraps > Hoof Boots,SB-GLS-0,Size: Size 0,,,,,Wellington Warehouse,50910,50910,50910,90000,0,0,
4,LVL 2,1772124449866,Hoof Boots,2,"EasyCare Easyboot Glove Soft Hoof Boot, Single Boot",Tack & Equipment > Boots & Wraps > Hoof Boots,SB-GLS-4,Size: Size 4,,,,,Wellington Warehouse,50910,50910,50910,90000,0,0,
8,LVL 2,1772124449866,Hoof Boots,2,"EasyCare Easyboot Glove Soft Hoof Boot, Single Boot",Tack & Equipment > Boots & Wraps > Hoof Boots,SB-GLS-00.5,Size: Size 00.5,,,,,Wellington Warehouse,50910,50910,50910,90000,0,0,
1,LVL 2,1772124449866,Hoof Boots,2,"Cavallo Trek Slim Sole Hoof Boot, Single Boot",Tack & Equipment > Boots & Wraps > Hoof Boots,11-4183-6,Color: Black,Size: Size 6,,,,Wellington Warehouse,55000,55000,55000,104950,0,0,
18,ROW 4 : LVL 2,1774281614632,Grooming/Tack Cleaner,2,"Healthy HairCare Horse Moisturizer Concentrate for Coat, Mane, and Tail","Horse Care > Grooming & Bathing > Shampoos, Conditioners & Sprays > Detanglers, Shines & Sprays",16906-3,Size: 32 Ounces,,,,,Wellington Warehouse,17500,17500,17500,27990,0,0,0.06615274
61,ROW 4 : LVL 2,1774281614632,Grooming/Tack Cleaner,2,Healthy HairCare Sunflower Suncoat SPF Spray,"Horse Care > Grooming & Bathing > Shampoos, Conditioners & Sprays > Detanglers, Shines & Sprays",13508-1,Size: 32 Ounces,,,,,Wellington Warehouse,9170,9170,9170,14990,0,0,0.030202143
10,ROW 4 : LVL 1,1774281545041,Grooming,1,"Healthy HairCare Horse Moisturizer Concentrate for Coat, Mane, and Tail","Horse Care > Grooming & Bathing > Shampoos, Conditioners & Sprays > Detanglers, Shines & Sprays",16906-4,Size: 1 Gallon,,,,,Wellington Warehouse,37060,39513,40740,59990,0,0,0.06779697
2,LVL 4,1767805838124,Fly Sheets 2,4,WeatherBeeta Comfitec Essential Mesh II Combo Neck Fly Sheet,Horse Wear > Fly & Insect Control > Fly Sheets,1002931015,Color: Light Taupe,Size: 87,,,,Wellington Warehouse,48480,48480,48480,87960,0,0,
3,LVL 4,1767805838124,Fly Sheets 2,4,WeatherBeeta Comfitec Essential Mesh II Combo Neck Fly Sheet,Horse Wear > Fly & Insect Control > Fly Sheets,1002931114,Color: White/Maroon/Grey,Size: 69,,,,Wellington Warehouse,52650,52650,52650,87960,0,0,
5,LVL 1,1772124449865,Hoof Boots,1,"EasyCare Old Mac G2 Hoof Boots, Set of Two",Tack & Equipment > Boots & Wraps > Hoof Boots,OM-2,Size: Size 2,,,,,Wellington Warehouse,114910,114910,114910,189990,0,0,
9,ROW 3 : LVL 3,1774281614628,Grooming/Tack Cleaner,3,Andis UltraEdge Detachable Blade,"Horse Care > Grooming & Bathing > Clippers, Blades & Accessories",13235-10,Size: T-10,,,,,Wellington Warehouse,29720,29720,29720,47990,0,0,0.050860453
1,BIN-01,1767452663133,Shelf 2,1,Weatherbeeta Stretch Eye Saver With Ears,Horse Wear > Fly & Insect Control > Fly Masks,819097,Size: Pony,Color: Purple/Black,,,,Wellington Warehouse,12770,12770,12770,6390,0,0,
20,ROW 3 : LVL 3,1774281614628,Grooming/Tack Cleaner,3,Andis UltraEdge Detachable Blade,"Horse Care > Grooming & Bathing > Clippers, Blades & Accessories",64072,Size: #15,,,,,Wellington Warehouse,18890,18890,18890,30950,0,0,
3,ROW 3 : LVL 3,1774281614628,Grooming/Tack Cleaner,3,Andis UltraEdge Detachable Blade,"Horse Care > Grooming & Bathing > Clippers, Blades & Accessories",13235-9,Size: #40,,,,,Wellington Warehouse,18500,18500,18500,30950,0,0,
10,ROW 3 : LVL 3,1774281614628,Grooming/Tack Cleaner,3,Andis UltraEdge Detachable Blade,"Horse Care > Grooming & Bathing > Clippers, Blades & Accessories",13235-11,Size: T-84,,,,,Wellington Warehouse,25020,25020,25020,39990,0,0,
1,LVL 4,1767805838124,Fly Sheets 2,4,WeatherBeeta Comfitec Essential Mesh II Combo Neck Fly Sheet,Horse Wear > Fly & Insect Control > Fly Sheets,1002931007,Color: Light Taupe,Size: 66,,,,Wellington Warehouse,48480,48480,48480,87960,0,0,0.015587153
1,BIN-01,1767452663133,Shelf 2,1,Weatherbeeta Stretch Eye Saver With Ears,Horse Wear > Fly & Insect Control > Fly Masks,819094,Size: Pony,Color: Navy/Black,,,,Wellington Warehouse,12770,12770,12770,6390,0,0,3.1867974
0,LVL 4,1767805838124,Fly Sheets 2,4,WeatherBeeta Comfitec Essential Mesh II Combo Neck Fly Sheet,Horse Wear > Fly & Insect Control > Fly Sheets,1002931118,Color: White/Maroon/Grey,Size: 78,,,,Wellington Warehouse,52650,52650,52650,87960,0,0,0.012890482
0,LVL 4,1767805838124,Fly Sheets 2,4,WeatherBeeta Comfitec Essential Mesh II Combo Neck Fly Sheet,Horse Wear > Fly & Insect Control > Fly Sheets,1002931119,Color: White/Maroon/Grey,Size: 81,,,,Wellington Warehouse,52650,52650,52650,87960,0,0,0.0121390335
1,LVL 4,1767805838124,Fly Sheets 2,4,WeatherBeeta Comfitec Essential Mesh II Combo Neck Fly Sheet,Horse Wear > Fly & Insect Control > Fly Sheets,1002931006,Color: Light Taupe,Size: 63,,,,Wellington Warehouse,48480,48480,48480,87960,0,0,
31,ROW 3 : LVL 3,1774281614628,Grooming/Tack Cleaner,3,Andis UltraEdge Detachable Blade,"Horse Care > Grooming & Bathing > Clippers, Blades & Accessories",64075,Size: #30 (Fine),,,,,Wellington Warehouse,18500,18500,18500,30950,0,0,
17,ROW 3 : LVL 3,1774281614628,Grooming/Tack Cleaner,3,Andis UltraEdge Detachable Blade,"Horse Care > Grooming & Bathing > Clippers, Blades & Accessories",64071,Size: #10 (Medium),,,,,Wellington Warehouse,18500,18500,18500,30950,0,0,
0,LVL 1,1772124449865,Hoof Boots,1,"EasyCare Old Mac G2 Hoof Boots, Set of Two",Tack & Equipment > Boots & Wraps > Hoof Boots,OM-7,Size: Size 7,,,,,Wellington Warehouse,131680,131680,131680,189990,0,0,
1,LVL 4,1767805838124,Fly Sheets 2,4,WeatherBeeta Comfitec Essential Mesh II Combo Neck Fly Sheet,Horse Wear > Fly & Insect Control > Fly Sheets,1002931115,Color: White/Maroon/Grey,Size: 72,,,,Wellington Warehouse,52650,52650,52650,87960,0,0,
1,LVL 4,1767805838124,Fly Sheets 2,4,WeatherBeeta Comfitec Essential Mesh II Combo Neck Fly Sheet,Horse Wear > Fly & Insect Control > Fly Sheets,1002931120,Color: White/Maroon/Grey,Size: 84,,,,Wellington Warehouse,52650,52650,52650,87960,0,0,0.011678137
0,BIN-01,1767452663133,Shelf 2,1,Weatherbeeta Stretch Eye Saver With Ears,Horse Wear > Fly & Insect Control > Fly Masks,819098,Size: Cob,Color: Purple/Black,,,,Wellington Warehouse,12770,12770,12770,6390,0,0,0.029359577
2,BIN-01,1768403023955,Shelf 10,1,"EasyCare Easyboot Zip Hoof Boot, Single Boot",Tack & Equipment > Boots & Wraps > Hoof Boots,SB-EBZ-1,Size: Size 1,,,,,Wellington Warehouse,29170,29170,29170,50950,0,0,
2,LVL 2,1772124449866,Hoof Boots,2,"EasyCare Easyboot Back Country Hoof Boot, Single Boot",Tack & Equipment > Boots & Wraps > Hoof Boots,SB-BC-2.5,Size: Size 2.5,,,,,Wellington Warehouse,63340,63340,63340,110950,0,0,
2,ROW 4 : LVL 3,1774281545043,Grooming,3,The Original Mane 'n Tail Ultimate Gloss Shampoo,"Horse Care > Grooming & Bathing > Shampoos, Conditioners, & Sprays > Shampoos",013-544506,Size: 32 Ounces,,,,,Wellington Warehouse,5830,5830,5830,15990,0,0,
1,LVL 2,1772124449866,Hoof Boots,2,"EasyCare Easyboot Back Country Hoof Boot, Single Boot",Tack & Equipment > Boots & Wraps > Hoof Boots,SB-BC-3.5_EC_DS,Size: Size 3.5,,,,,Wellington Warehouse,63340,63340,63340,110950,0,0,
3,BIN-01,1768403023955,Shelf 10,1,"EasyCare Easyboot Zip Hoof Boot, Single Boot",Tack & Equipment > Boots & Wraps > Hoof Boots,SB-EBZ-2,Size: Size 2,,,,,Wellington Warehouse,29170,29170,29170,50950,0,0,
2,LVL 2,1772124449866,Hoof Boots,2,"EasyCare Easyboot Back Country Hoof Boot, Single Boot",Tack & Equipment > Boots & Wraps > Hoof Boots,SB-BC-0.5_EC_DS,Size: Size 0.5,,,,,Wellington Warehouse,63340,63340,63340,110950,0,0,
2,LVL 2,1772124449866,Hoof Boots,2,"EasyCare Easyboot Back Country Hoof Boot, Single Boot",Tack & Equipment > Boots & Wraps > Hoof Boots,SB-BC-2,Size: Size 2,,,,,Wellington Warehouse,63340,63340,63340,110950,0,0,
2,BIN-01,1768403023955,Shelf 10,1,"EasyCare Easyboot Zip Hoof Boot, Single Boot",Tack & Equipment > Boots & Wraps > Hoof Boots,SB-EBZ-4,Size: Size 4,,,,,Wellington Warehouse,29170,29170,29170,50950,0,0,
7,ROW 4 : LVL 3,1774281545043,Grooming,3,The Original Mane 'n Tail Ultimate Gloss Conditioner,"Horse Care > Grooming & Bathing > Shampoos, Conditioners, & Sprays > Conditioners",013-544546,Size: 32 Ounces,,,,,Wellington Warehouse,10530,10530,10530,16990,0,0,
11,BIN 1,1776787211212,Gloves,1,"Cavallo Hoof Boot Replacement Closures, Set of Two",Tack & Equipment > Boots & Wraps > Accessories,11-4151,Style: Trek Boot,Color: Black,,,,Wellington Warehouse,5500,5500,5500,8990,0,0,0.060756687
4,BIN 1,1776787211212,Gloves,1,Cavallo Simple Studs Applicator Tool,Tack & Equipment > Boots & Wraps > Hoof Boots,11-4169,Title: Default Title,,,,,Wellington Warehouse,9000,9000,9000,14990,0,0,
3,BIN 1,1776787211212,Gloves,1,"Cavallo Hoof Boot Replacement Closures, Set of Two",Tack & Equipment > Boots & Wraps > Accessories,11-4153,Style: CLB Boot,Color: Black,,,,Wellington Warehouse,5500,5500,5500,8990,0,0,
4,ROW 4 : LVL 1,1774281147461,Supplements 2,1,AniMed Garlic Powder,Horse Care > Fly & Insect Control > Fly Control Supplements,053-90217,Size: 4 Pounds,,,,,Wellington Warehouse,38550,38550,38550,59490,0,0,
0,LVL 1,1770747610172,Saddle Pads 4,1,Lettia Collection Printed All Purpose Saddle Pad,Tack & Equipment > English Saddle Pads > All Purpose & Hunter/Jumper Saddle Pads,10848,Print: Toucan,,,,,Wellington Warehouse,24000,24000,24000,53990,0,0,
7,ROW 1 : LVL 2,1767888398016,Supplements 1,2,Nupafeed L-Carnitine Concentrated Paste,Horse Care > Supplements > Performance & Energy,LCARNSYR,Size: 1 Syringe,,,,,Wellington Warehouse,11700,11700,11700,16700,0,0,
3,ROW 1 : LVL 2,1767888398016,Supplements 1,2,Nupafeed Magnesium Horse Calming Concentrated Paste,Horse Care > Supplements > Calming & Focus,MAHSYR,Size: 1 Syringe,,,,,Wellington Warehouse,9200,9200,9200,14800,0,0,
4,ROW 1 : LVL 2,1767888398016,Supplements 1,2,Nupafeed Magnesium Horse Calming Concentrated Paste,Horse Care > Supplements > Calming & Focus,MAHBOX10,Size: 10-Pack,,,,,Wellington Warehouse,92000,92000,92000,131000,0,0,0.25439665
0,LVL 1,1770747610172,Saddle Pads 4,1,Lettia Collection All Purpose Saddle Pad,Tack & Equipment > English Saddle Pads > All Purpose & Hunter/Jumper Saddle Pads,10706,Color: Black/Rosegold,,,,,Wellington Warehouse,30000,30000,30000,54990,0,0,
5,ROW 1 : LVL 2,1767888398016,Supplements 1,2,Nupafeed MAH Magnesium Daily Liquid,Horse Care > Supplements > Calming & Focus,MAH5,Size: 5 Liters,,,,,Wellington Warehouse,161000,161000,161000,233000,0,0,0.06760568
0,ROW 1 : LVL 2,1767888398016,Supplements 1,2,Nupafeed MAH Magnesium Daily Liquid,Horse Care > Supplements > Calming & Focus,MAH3,Size: 3 Liters,,,,,Wellington Warehouse,107000,107000,107000,165000,0,0,0.10280855
10,ROW 5 : LVL 4,1769190184154,Fly sprays,4,Manna Pro Opti-Force Sweat Resistant Fly Spray,Horse Care > Fly & Insect Control > Fly Sprays & Traps,1000181,Size: 1 Gallon,,,,,Wellington Warehouse,35770,35770,35770,68990,0,0,
17,ROW 5 : LVL 4,1769190184154,Fly sprays,4,Equiderma Neem & Aloe Spray,Horse Care > Fly & Insect Control > Fly Sprays & Traps,TEOS,Size: 32-Ounce Spray,,,,,Wellington Warehouse,15980,17413,18130,22990,0,0,0.05733154
0,ROW 3 : LVL 1,1774281545036,Grooming,1,Orvus Paste Soap,"Horse Care > Grooming & Bathing > Shampoos, Conditioners, & Sprays > Shampoos",11068-1,Size: 120 Ounces,,,,,Wellington Warehouse,22210,22210,22210,31990,0,0,
14,BIN-01,1777314699038,Shelf 20,1,Cashel Tush Cushion (English & Western),"Tack & Equipment > Bags, Cases & Covers",TC-W2L,Style: Western (Long),Size: 1/2-Inch,,,,Wellington Warehouse,21000,21000,21000,36990,0,0,
2,LVL 2,1772124449866,Hoof Boots,2,"EasyCare Easyboot Glove Soft Wide, Single Boot",Tack & Equipment > Boots & Wraps > Hoof Boots,SB-GLSW-0,Size: Size 0,,,,,Wellington Warehouse,50910,50910,50910,89990,0,0,
3,LVL 2,1772124449866,Hoof Boots,2,"EasyCare Easyboot Glove Soft Wide, Single Boot",Tack & Equipment > Boots & Wraps > Hoof Boots,SB-GLSW-1,Size: Size 1,,,,,Wellington Warehouse,50910,50910,50910,89990,0,0,
3,LVL 2,1772124449866,Hoof Boots,2,"EasyCare Easyboot Glove Soft Wide, Single Boot",Tack & Equipment > Boots & Wraps > Hoof Boots,SB-GLSW-1.5,Size: Size 1.5,,,,,Wellington Warehouse,50910,50910,50910,89990,0,0,
6,ROW 1 : LVL 2,1768938712710,First Aid,2,Horse Health Products Cool Pack Green Jelly Liniment,Horse Care > First Aid & Wellness > Liniments,82603,Size: 64 fl oz,,,,,Wellington Warehouse,23590,24570,25550,29990,0,0,0.05423742
14,ROW 5 : LVL 4,1769190184154,Fly sprays,4,Pyranha Stock Guard Concentrate,Horse Care > Fly & Insect Control > Fly Sprays & Traps,001STCKGRD,Size: 64 Ounces,,,,,Wellington Warehouse,56390,58650,59780,79990,0,0,
1,LVL 2,1772124449866,Hoof Boots,2,"EasyCare Easyboot Glove Soft Wide, Single Boot",Tack & Equipment > Boots & Wraps > Hoof Boots,SB-GLSW-0.5,Size: Size 0.5,,,,,Wellington Warehouse,50910,50910,50910,89990,0,0,
12,BIN-01,1777314699038,Shelf 20,1,Cashel Tush Cushion (English & Western),"Tack & Equipment > Bags, Cases & Covers",TC-E2,Style: English,Size: 1/2-Inch,,,,Wellington Warehouse,20000,20000,20000,36990,0,0,0.024205517
0,ROW 4 : LVL 2,1774281614632,Grooming/Tack Cleaner,2,Style Stable World Champion Pepi Coat Conditioner,"Horse Care > Grooming & Bathing > Shampoos, Conditioners & Sprays > Detanglers, Shines & Sprays",85-9800,Size: 11.6 Oz,,,,,Wellington Warehouse,7590,7590,7590,10990,0,0,0.07754329
35,ROW 4 : LVL 5,1774281545045,Grooming,5,Epona April Power Shower Horse Sponge,Horse Care > Grooming & Bathing > Brushes & Tools > Sponges,1089,Title: Default Title,,,,,Wellington Warehouse,3750,3750,3750,9950,0,0,0.08267411
22,BIN-03,1776354991788,Grooming Small,3,Epona April Power Shower Horse Sponge,Horse Care > Grooming & Bathing > Brushes & Tools > Sponges,1089,Title: Default Title,,,,,Wellington Warehouse,3750,3750,3750,9950,0,0,0.08267411
3,BIN-03,1776354991788,Grooming Small,3,Epona Ulta Mitt,"Horse Care > Grooming & Bathing > Brushes & Tools > Grooming Gloves, Curry Combs & Deshedding Tools",12423-1,Title: Default Title,,,,,Wellington Warehouse,7260,7260,7260,14970,0,0,0.09138538
12,ROW 4 : LVL 2,1774281614632,Grooming/Tack Cleaner,2,E3 Detangles & Shines,"Horse Care > Grooming & Bathing > Shampoos, Conditioners & Sprays > Detanglers, Shines & Sprays",001-50128,Size: Gallon,,,,,Wellington Warehouse,21370,23515,25660,31990,0,0,0.044675678
8,ROW 3 : LVL 3,1774281545038,Grooming,3,E3 Brightening Shampoo,"Horse Care > Grooming & Bathing > Shampoos, Conditioners, & Sprays > Shampoos",001-110032,Size: 32 Ounces,,,,,Wellington Warehouse,12300,12300,12300,19060,0,0,0.012614132
5,BIN-04,1776354991789,Grooming Small,4,Epona Gummy Scrubby Brush,"Horse Care > Grooming & Bathing > Brushes & Tools > Grooming Gloves, Curry Combs & Deshedding Tools",GUMMY-1014,Color: Assorted,,,,,Wellington Warehouse,6500,6500,6500,12990,0,0,0.059668202
7,ROW 3 : LVL 1,1774281147457,Supplements 2,1,Adeptus Allay Buffering Digestion and Calming Supplement,Horse Care > Supplements > Digestive & Gut Health,20108,Size: 4 Pounds,,,,,Wellington Warehouse,22110,22110,22110,27990,0,0,
7,ROW 4 : LVL 3,1774281147463,Supplements 2,3,Adeptus Persevere Electrolytes For Horses Supplement,Horse Care > Supplements > Electrolytes & Salt,20113,Size: 4 Pounds,,,,,Wellington Warehouse,18280,18280,18280,27990,0,0,
2,ROW 4 : LVL 2,1774281614632,Grooming/Tack Cleaner,2,E3 Detangles & Shines,"Horse Care > Grooming & Bathing > Shampoos, Conditioners & Sprays > Detanglers, Shines & Sprays",001-50032,Size: 32-Ounce Spray,,,,,Wellington Warehouse,10990,10990,10990,16430,0,0,0.023287395
12,ROW 1 : LVL 2,1774281650388,Hoof/Treats,2,E3 Hoof Oil Conditioner and Dressing,Horse Care > Grooming & Bathing > Hoof Oils & Conditioner,001-80032,Size: 32 Ounces,,,,,Wellington Warehouse,16110,18810,21510,30410,0,0,
4,ROW 1 : LVL 1,1774281650387,Hoof/Treats,1,Groom's Hand Thrush Solution,Horse Care > First Aid & Wellness > Hoof Care > Thrush,GHTS35AR,Size: 3.5 Ounces,,,,,Wellington Warehouse,14130,14400,14670,20990,0,0,
4,ROW 2 : LVL 1,1774281650391,Hoof/Treats,1,Likit Granola Horse Treat Refill,Horse Care > Treats & Toys > Toys & Licks,GRANAPX8US,Size: 550 Grams,Flavor: Apple,,,,Wellington Warehouse,0,1850,3700,7990,0,0,0.05303322
5,ROW 2 : LVL 1,1774281650391,Hoof/Treats,1,Likit Granola Horse Treat Refill,Horse Care > Treats & Toys > Toys & Licks,GRANORX8US,Size: 550 Grams,Flavor: Multigrain,,,,Wellington Warehouse,3700,3840,3980,7990,0,0,0.34633172
4,ROW 2 : LVL 1,1774281650391,Hoof/Treats,1,Likit Granola Horse Treat Refill,Horse Care > Treats & Toys > Toys & Licks,GRANMBX8US,Size: 550 Grams,Flavor: Mixed Berry,,,,Wellington Warehouse,0,1850,3700,7990,0,0,0.017677741
3,ROW 2 : LVL 1,1774281650391,Hoof/Treats,1,Likit Granola Horse Treat Refill,Horse Care > Treats & Toys > Toys & Licks,GRANMIX8US,Size: 550 Grams,Flavor: Mixed Peppermint,,,,Wellington Warehouse,0,1850,3700,7990,0,0,0.12374418
1,BIN 1,1776787262019,Bits 1,1,"Myler Eggbutt without Hooks and Forward Tilt Ported Barrel (MB 36, Level 2-3)",Tack & Equipment > Bits > English Bits,89-29367_TK_DS,Size: 5 1/2 inches,,,,,Wellington Warehouse,58950,58950,58950,143950,0,0,
1,ROW 2 : LVL 1,1774281650391,Hoof/Treats,1,Kelcie's Treats Pumpkin Spice Horse Treat,Horse Care > Treats & Toys > Treats,19718-3,Size: 5 Pounds,,,,,Wellington Warehouse,23870,24935,26000,42950,0,0,0.07167465
3,ROW 2 : LVL 1,1774281650391,Hoof/Treats,1,Hilton Herbs Herballs - The Healthy Treat,Horse Care > Treats & Toys > Treats,62102,Size: 4.4 Pounds,,,,,Wellington Warehouse,17320,17320,17320,26990,0,0,0.34148926
0,ROW 2 : LVL 1,1774281650391,Hoof/Treats,1,Kelcie's Treats Pumpkin Spice Horse Treat,Horse Care > Treats & Toys > Treats,19718-2,Size: 1 Pound,,,,,Wellington Warehouse,8000,8000,8000,18490,0,0,0.04465806
0,ROW 1 : LVL 3,1768938712711,First Aid,3,Back on Track Limber Up Liniment Gel,Horse Care > First Aid & Wellness > Liniments,1LMBRPG016,Size: 16 Ounces,,,,,Wellington Warehouse,10770,10770,10770,17950,0,0,
8,ROW 2 : LVL 1,1774281650391,Hoof/Treats,1,Kelcie's Treats Pumpkin Spice Horse Treat,Horse Care > Treats & Toys > Treats,WINTER411,Size: 8 Ounces,,,,,Wellington Warehouse,4000,4000,4000,13950,0,0,0.11658638
0,ROW 4 : LVL 4,1774281147464,Supplements 2,4,Finish Line Performance Builder Muscle Care for Horses,Horse Care > Supplements > Performance & Energy,18184-2,Size: 1 Gallon,,,,,Wellington Warehouse,60880,60880,60880,74990,0,0,0.15533713
3,LVL 4,1771259569149,Blankets 7,4,Weatherbeeta Anti-Static Fleece Cooler Standard Neck,"Horse Wear > Blankets & Sheets > Coolers, Fleece & Covers",591217,Color: Black,Size: 81,,,,Wellington Warehouse,48460,48460,48460,79990,0,0,
2,LVL 4,1771259569149,Blankets 7,4,Weatherbeeta Anti-Static Fleece Cooler Standard Neck,"Horse Wear > Blankets & Sheets > Coolers, Fleece & Covers",591215,Color: Black,Size: 75,,,,Wellington Warehouse,48460,48460,48460,79990,0,0,0.012407362
2,LVL 4,1771259569149,Blankets 7,4,Weatherbeeta Anti-Static Fleece Cooler Standard Neck,"Horse Wear > Blankets & Sheets > Coolers, Fleece & Covers",591279,Color: Black,Size: 69,,,,Wellington Warehouse,48460,48460,48460,79990,0,0,
21,ROW 1 : LVL 3,1768938712711,First Aid,3,Finish Line Fura-Free Sweat & Salve for Horses,Horse Care > First Aid & Wellness > Wound Care & Topicals,59001,Size: 16 Ounces,,,,,Wellington Warehouse,7940,7940,7940,9950,0,0,0.4891684
2,LVL 2,1772124449866,Hoof Boots,2,"EasyCare Easyboot Sneaker Narrow Hind Hoof Boot, Single Boot",Tack & Equipment > Boots & Wraps > Hoof Boots,SB-EBSH-00_EC_DS,Size: Size 00,,,,,Wellington Warehouse,42840,42840,42840,78950,0,0,
1,ROW 3 : LVL 3,1774281147459,Supplements 2,3,Perfect Prep EQ Prime Paste,Horse Care > Supplements > Calming & Focus,851393005635,Size: 60 cc (1-2 Doses),,,Lot #3389329,2027-11-01,Wellington Warehouse,16750,16750,16750,25490,0,0,
1,LVL 2,1772124449866,Hoof Boots,2,"EasyCare Easyboot Sneaker Narrow Hind Hoof Boot, Single Boot",Tack & Equipment > Boots & Wraps > Hoof Boots,SB-EBSH-0_EC_DS,Size: Size 0,,,,,Wellington Warehouse,42840,42840,42840,78950,0,0,
7,ROW 4 : LVL 2,1774281614632,Grooming/Tack Cleaner,2,Carr & Day & Martin Dream Coat,"Horse Care > Grooming & Bathing > Shampoos, Conditioners & Sprays > Detanglers, Shines & Sprays",CC055,Size: 1 Liter,,,,,Wellington Warehouse,12600,12600,12600,24990,0,0,
2,LVL 2,1772124449866,Hoof Boots,2,"EasyCare Easyboot Sneaker Narrow Hind Hoof Boot, Single Boot",Tack & Equipment > Boots & Wraps > Hoof Boots,SB-EBSH-1,Size: Size 1,,,,,Wellington Warehouse,42840,42840,42840,78950,0,0,
8,LVL 2,1772124449866,Hoof Boots,2,"EasyCare Easyboot Sneaker Regular Front Hoof Boot, Single Boot",Tack & Equipment > Boots & Wraps > Hoof Boots,SB-EBSF-1,Size: Size 1,,,,,Wellington Warehouse,42840,42840,42840,76000,0,0,
0,ROW 3 : LVL 3,1774281147459,Supplements 2,3,Perfect Products Lactalex Powder,Horse Care > Supplements > Performance & Energy,851393005789,Size: 1.7 lbs bag,,,,,Wellington Warehouse,146250,146250,146250,225000,0,0,
5,ROW 1 : LVL 1,1774281650387,Hoof/Treats,1,SORE NO-MORE Performance Poultice,Horse Care > First Aid & Wellness > Poultices & Hoof Packing,AE007,Size: 23 Pounds,,,,,Wellington Warehouse,108770,108770,108770,177020,0,0,0.021000037
2,LVL 1,1770396427443,Saddle Pads 3,1,Back on Track Mathilda All Purpose Saddle Pad,Tack & Equipment > English Saddle Pads > All Purpose & Hunter/Jumper Saddle Pads,23470003,Color: Black,Size: Full,,,,Wellington Warehouse,34500,34500,34500,69000,0,0,0.06823466
25,ROW 3 : LVL 3,1774281614628,Grooming/Tack Cleaner,3,Andis Cool Care Plus for Clipper Blades,"Horse Care > Grooming & Bathing > Clippers, Blades & Accessories",12750,Size: 15.5 Ounces,,,,,Wellington Warehouse,5870,5870,5870,12990,0,0,0.018014567
0,ROW 1 : LVL 1,1774281650387,Hoof/Treats,1,SORE NO-MORE Performance Poultice,Horse Care > First Aid & Wellness > Poultices & Hoof Packing,AE006,Size: 5 Pounds,,,,,Wellington Warehouse,27780,27780,27780,44400,0,0,0.05905591
4,BIN-03,1768403023957,Shelf 10,3,"Professional's Choice Ballistic Overreach Boots, Pair",Tack & Equipment > Boots & Wraps > Bell Boots,BB252-ROY,Size: Medium,Color: Royal Blue,,,,Wellington Warehouse,22500,22500,22500,38990,0,0,
1,BIN-03,1768403023957,Shelf 10,3,"Professional's Choice Ballistic Overreach Boots, Pair",Tack & Equipment > Boots & Wraps > Bell Boots,BB251-ROY,Size: Small,Color: Royal Blue,,,,Wellington Warehouse,22500,22500,22500,38990,0,0,
4,BIN-03,1768403023957,Shelf 10,3,"Professional's Choice Ballistic Overreach Boots, Pair",Tack & Equipment > Boots & Wraps > Bell Boots,BB254-BLA,Size: Extra Large,Color: Black,,,,Wellington Warehouse,22500,22500,22500,38990,0,0,
4,BIN-03,1768403023957,Shelf 10,3,"Professional's Choice Ballistic Overreach Boots, Pair",Tack & Equipment > Boots & Wraps > Bell Boots,BB251-BLA,Size: Small,Color: Black,,,,Wellington Warehouse,22500,22500,22500,38990,0,0,
4,BIN-03,1768403023957,Shelf 10,3,"Professional's Choice Ballistic Overreach Boots, Pair",Tack & Equipment > Boots & Wraps > Bell Boots,BB254-CRI,Size: Extra Large,Color: Crimson Red,,,,Wellington Warehouse,22500,22500,22500,38990,0,0,
6,COUNTS,1782309291232,COUNTS,1,"Professional's Choice Men's 5/8"" Sagebrush Spur Strap, Pair",Tack & Equipment > Spurs & Straps > Spur Straps,9381BUR,Color: Burgundy Latigo,,,,,Wellington Warehouse,11250,11250,11250,24990,0,0,
2,BIN-03,1768403023957,Shelf 10,3,"Professional's Choice Ballistic Overreach Boots, Pair",Tack & Equipment > Boots & Wraps > Bell Boots,BB252-CHO,Size: Medium,Color: Chocolate,,,,Wellington Warehouse,22500,22500,22500,38990,0,0,
2,BIN-03,1768403023957,Shelf 10,3,"Professional's Choice Ballistic Overreach Boots, Pair",Tack & Equipment > Boots & Wraps > Bell Boots,BB255-BLA,Size: XX-Large,Color: Black,,,,Wellington Warehouse,22500,22500,22500,38990,0,0,0.011850414
11,COUNTS,1782309291232,COUNTS,1,"Professional's Choice Cross Stitch Spur Strap, Pair",Tack & Equipment > Spurs & Straps > Spur Straps,3P9015-L,Size: Ladies/Youth,,,,,Wellington Warehouse,20750,20750,20750,35950,0,0,
4,BIN-03,1768403023957,Shelf 10,3,"Professional's Choice Ballistic Overreach Boots, Pair",Tack & Equipment > Boots & Wraps > Bell Boots,BB251-WHI,Size: Small,Color: White,,,,Wellington Warehouse,22500,22500,22500,38990,0,0,
0,BIN-03,1768403023957,Shelf 10,3,"Professional's Choice Ballistic Overreach Boots, Pair",Tack & Equipment > Boots & Wraps > Bell Boots,BB256-BLA,Size: XXX-Large,Color: Black,,,,Wellington Warehouse,22500,22500,22500,38990,0,0,0.014764452
2,BIN-03,1768403023957,Shelf 10,3,"Professional's Choice Ballistic Overreach Boots, Pair",Tack & Equipment > Boots & Wraps > Bell Boots,BB253-ROY,Size: Large,Color: Royal Blue,,,,Wellington Warehouse,22500,22500,22500,38990,0,0,
2,COUNTS,1782309291232,COUNTS,1,"Professional's Choice Cross Stitch Spur Strap, Pair",Tack & Equipment > Spurs & Straps > Spur Straps,3P9015-M,Size: Men,,,,,Wellington Warehouse,20750,20750,20750,35950,0,0,
15,BIN-05,1777314699042,Shelf 20,5,Professional's Choice Ultimate Cinch Tie Strap,Tack & Equipment > Girths & Cinches > Western Cinches,93554BUR,Color: Burgundy,"Size: 1 3/4"" x 75""",,,,Wellington Warehouse,21500,21500,21500,37990,0,0,
0,Grid wall,1770916055031,Girths,1,Professional's Choice SMx English Girth Merino,Tack & Equipment > Girths & Cinches > English Girths > Hunter/Jumper Girths,EGM52-CHO,Color: Chocolate,Size: 52-Inch,,,,Wellington Warehouse,58500,58500,58500,122990,0,0,
1,Grid wall,1770916055031,Girths,1,Professional's Choice Contoured VenTECH™ Cinch with Fleece Liner,Tack & Equipment > Girths & Cinches > Western Cinches,CCF-32BLA,Size: 32-Inch,,,,,Wellington Warehouse,88250,88250,88250,168990,0,0,
0,Grid wall,1770916055031,Girths,1,Professional's Choice SMx English Girth Merino,Tack & Equipment > Girths & Cinches > English Girths > Hunter/Jumper Girths,EGM54-CHO,Color: Chocolate,Size: 54-Inch,,,,Wellington Warehouse,58500,58500,58500,122990,0,0,
0,Grid wall,1770916055031,Girths,1,Professional's Choice SMx VenTECH English Girth,Tack & Equipment > Girths & Cinches > English Girths > Hunter/Jumper Girths,EGV50-CHO,Color: Chocolate Brown,Size: 50-Inch,,,,Wellington Warehouse,61750,61750,61750,129990,0,0,
0,Grid wall,1770916055031,Girths,1,Professional's Choice SMx VenTECH English Girth,Tack & Equipment > Girths & Cinches > English Girths > Hunter/Jumper Girths,EGV48-BLA,Color: Black,Size: 48-Inch,,,,Wellington Warehouse,61750,61750,61750,129990,0,0,
0,Grid wall,1770916055031,Girths,1,Professional's Choice SMx English Girth,Tack & Equipment > Girths & Cinches > English Girths > Hunter/Jumper Girths,EG42-BROWN,Color: Brown,Size: 42-Inch,,,,Wellington Warehouse,53250,53250,53250,111990,0,0,
0,Grid wall,1770916055031,Girths,1,Professional's Choice SMx English Girth Merino,Tack & Equipment > Girths & Cinches > English Girths > Hunter/Jumper Girths,EGM50-CHO,Color: Chocolate,Size: 50-Inch,,,,Wellington Warehouse,58500,58500,58500,122990,0,0,
0,Grid wall,1770916055031,Girths,1,Professional's Choice SMx English Girth,Tack & Equipment > Girths & Cinches > English Girths > Hunter/Jumper Girths,EG50-BROWN,Color: Brown,Size: 50-Inch,,,,Wellington Warehouse,53250,53250,53250,111990,0,0,
0,LVL 3,1770840424778,Blankets 5,3,Professional's Choice SMx English Girth,Tack & Equipment > Girths & Cinches > English Girths > Hunter/Jumper Girths,EG50-BROWN,Color: Brown,Size: 50-Inch,,,,Wellington Warehouse,53250,53250,53250,111990,0,0,
0,Grid wall,1770916055031,Girths,1,Professional's Choice SMx VenTECH English Girth,Tack & Equipment > Girths & Cinches > English Girths > Hunter/Jumper Girths,EGV44-CHO,Color: Chocolate Brown,Size: 44-Inch,,,,Wellington Warehouse,61750,61750,61750,129990,0,0,
1,LVL 3,1770840424778,Blankets 5,3,Professional's Choice SMx VenTECH Western Cinch,Tack & Equipment > Girths & Cinches > Western Cinches,CV30-CHO,Size: 30 inches,Color: Chocolate,,,,Wellington Warehouse,51750,51750,51750,98990,0,0,
2,Grid wall,1770916055031,Girths,1,Professional's Choice SMx VenTECH Western Cinch,Tack & Equipment > Girths & Cinches > Western Cinches,CV30-CHO,Size: 30 inches,Color: Chocolate,,,,Wellington Warehouse,51750,51750,51750,98990,0,0,
0,Grid wall,1770916055031,Girths,1,Professional's Choice SMx VenTECH English Girth,Tack & Equipment > Girths & Cinches > English Girths > Hunter/Jumper Girths,EGV54-CHO,Color: Chocolate Brown,Size: 54-Inch,,,,Wellington Warehouse,61750,61750,61750,129990,0,0,
0,Grid wall,1770916055031,Girths,1,Professional's Choice SMx English Girth,Tack & Equipment > Girths & Cinches > English Girths > Hunter/Jumper Girths,EG54-BROWN,Color: Brown,Size: 54-Inch,,,,Wellington Warehouse,53250,53250,53250,111990,0,0,
0,Grid wall,1770916055031,Girths,1,Professional's Choice SMx English Girth Merino,Tack & Equipment > Girths & Cinches > English Girths > Hunter/Jumper Girths,EGM44-CHO,Color: Chocolate,Size: 44-Inch,,,,Wellington Warehouse,58500,58500,58500,122990,0,0,
0,Grid wall,1770916055031,Girths,1,Professional's Choice SMx English Girth Merino,Tack & Equipment > Girths & Cinches > English Girths > Hunter/Jumper Girths,EGM48-CHO,Color: Chocolate,Size: 48-Inch,,,,Wellington Warehouse,58500,58500,58500,122990,0,0,
2,Grid wall,1770916055031,Girths,1,Professional's Choice Contoured VenTECH™ Cinch with Fleece Liner,Tack & Equipment > Girths & Cinches > Western Cinches,CCF-34BLA,Size: 34-Inch,,,,,Wellington Warehouse,88250,88250,88250,168990,0,0,
0,Grid wall,1770916055031,Girths,1,Professional's Choice SMx English Girth Merino,Tack & Equipment > Girths & Cinches > English Girths > Hunter/Jumper Girths,EGM42-CHO,Color: Chocolate,Size: 42-Inch,,,,Wellington Warehouse,58500,58500,58500,122990,0,0,
0,Grid wall,1770916055031,Girths,1,Professional's Choice SMx VenTECH English Girth,Tack & Equipment > Girths & Cinches > English Girths > Hunter/Jumper Girths,EGV54-BLA,Color: Black,Size: 54-Inch,,,,Wellington Warehouse,61750,61750,61750,129990,0,0,
0,LVL 3,1770840424778,Blankets 5,3,Professional's Choice SMx VenTECH English Girth,Tack & Equipment > Girths & Cinches > English Girths > Hunter/Jumper Girths,EGV54-BLA,Color: Black,Size: 54-Inch,,,,Wellington Warehouse,61750,61750,61750,129990,0,0,
3,LVL 3,1770840424778,Blankets 5,3,Professional's Choice SMx VenTECH Western Cinch,Tack & Equipment > Girths & Cinches > Western Cinches,CV28-CHO,Size: 28 inches,Color: Chocolate,,,,Wellington Warehouse,51750,51750,51750,98990,0,0,
2,Grid wall,1770916055031,Girths,1,Professional's Choice SMx VenTECH Western Cinch,Tack & Equipment > Girths & Cinches > Western Cinches,CV28-CHO,Size: 28 inches,Color: Chocolate,,,,Wellington Warehouse,51750,51750,51750,98990,0,0,
1,Grid wall,1770916055031,Girths,1,Professional's Choice SMx VenTECH Western Cinch,Tack & Equipment > Girths & Cinches > Western Cinches,CV34-BLA,Size: 34 inches,Color: Black,,,,Wellington Warehouse,51750,51750,51750,98990,0,0,
1,Grid wall,1770916055031,Girths,1,Professional's Choice SMx VenTECH Western Cinch,Tack & Equipment > Girths & Cinches > Western Cinches,CV28-BLA,Size: 28 inches,Color: Black,,,,Wellington Warehouse,51750,51750,51750,98990,0,0,
0,Grid wall,1770916055031,Girths,1,Professional's Choice SMx English Girth Merino,Tack & Equipment > Girths & Cinches > English Girths > Hunter/Jumper Girths,EGM40-CHO,Color: Chocolate,Size: 40-Inch,,,,Wellington Warehouse,58500,58500,58500,122990,0,0,
0,Grid wall,1770916055031,Girths,1,Professional's Choice SMx VenTECH English Girth,Tack & Equipment > Girths & Cinches > English Girths > Hunter/Jumper Girths,EGV50-BLA,Color: Black,Size: 50-Inch,,,,Wellington Warehouse,61750,61750,61750,129990,0,0,
0,LVL 3,1770840424778,Blankets 5,3,Professional's Choice SMx VenTECH English Girth,Tack & Equipment > Girths & Cinches > English Girths > Hunter/Jumper Girths,EGV50-BLA,Color: Black,Size: 50-Inch,,,,Wellington Warehouse,61750,61750,61750,129990,0,0,
0,Grid wall,1770916055031,Girths,1,Professional's Choice SMx English Girth,Tack & Equipment > Girths & Cinches > English Girths > Hunter/Jumper Girths,EG48-BROWN,Color: Brown,Size: 48-Inch,,,,Wellington Warehouse,53250,53250,53250,111990,0,0,
0,LVL 3,1770840424778,Blankets 5,3,Professional's Choice SMx English Girth,Tack & Equipment > Girths & Cinches > English Girths > Hunter/Jumper Girths,EG48-BROWN,Color: Brown,Size: 48-Inch,,,,Wellington Warehouse,53250,53250,53250,111990,0,0,
2,Grid wall,1770916055031,Girths,1,Professional's Choice SMx VenTECH Western Cinch,Tack & Equipment > Girths & Cinches > Western Cinches,CV30-BLA,Size: 30 inches,Color: Black,,,,Wellington Warehouse,51750,51750,51750,98990,0,0,
1,LVL 3,1770840424778,Blankets 5,3,Professional's Choice SMx VenTECH Western Cinch,Tack & Equipment > Girths & Cinches > Western Cinches,CV34-CHO,Size: 34 inches,Color: Chocolate,,,,Wellington Warehouse,51750,51750,51750,98990,0,0,
1,Grid wall,1770916055031,Girths,1,Professional's Choice SMx VenTECH Western Cinch,Tack & Equipment > Girths & Cinches > Western Cinches,CV34-CHO,Size: 34 inches,Color: Chocolate,,,,Wellington Warehouse,51750,51750,51750,98990,0,0,
0,Grid wall,1770916055031,Girths,1,Professional's Choice SMx VenTECH English Girth,Tack & Equipment > Girths & Cinches > English Girths > Hunter/Jumper Girths,EGV52-CHO,Color: Chocolate Brown,Size: 52-Inch,,,,Wellington Warehouse,61750,61750,61750,129990,0,0,
8,BIN-05,1767722157719,Shelf 7,5,Professional's Choice Equisential Hay Bag,Stable > Stable Supplies > Hay Nets & Bags,EQHB-BLA,Color: Black,Size: 24 Inches x 19 Inches,,,,Wellington Warehouse,28000,28000,28000,49990,0,0,
0,Grid wall,1770916055031,Girths,1,Professional's Choice SMx VenTECH English Girth,Tack & Equipment > Girths & Cinches > English Girths > Hunter/Jumper Girths,EGV48-CHO,Color: Chocolate Brown,Size: 48-Inch,,,,Wellington Warehouse,61750,61750,61750,129990,0,0,
1,LVL 3,1770840424778,Blankets 5,3,Professional's Choice SMx VenTECH Western Cinch,Tack & Equipment > Girths & Cinches > Western Cinches,CV26-CHO,Size: 26 inches,Color: Chocolate,,,,Wellington Warehouse,51750,51750,51750,98990,0,0,
2,Grid wall,1770916055031,Girths,1,Professional's Choice SMx VenTECH Western Cinch,Tack & Equipment > Girths & Cinches > Western Cinches,CV26-CHO,Size: 26 inches,Color: Chocolate,,,,Wellington Warehouse,51750,51750,51750,98990,0,0,
1,Grid wall,1770916055031,Girths,1,Professional's Choice SMx VenTECH Western Cinch,Tack & Equipment > Girths & Cinches > Western Cinches,CV32-BLA,Size: 32 inches,Color: Black,,,,Wellington Warehouse,51750,51750,51750,98990,0,0,
6,LVL 3,1770840424778,Blankets 5,3,Professional's Choice SMx VenTECH Western Cinch,Tack & Equipment > Girths & Cinches > Western Cinches,CV32-BLA,Size: 32 inches,Color: Black,,,,Wellington Warehouse,51750,51750,51750,98990,0,0,
0,Grid wall,1770916055031,Girths,1,Professional's Choice SMx VenTECH English Girth,Tack & Equipment > Girths & Cinches > English Girths > Hunter/Jumper Girths,EGV40-CHO,Color: Chocolate Brown,Size: 40-Inch,,,,Wellington Warehouse,61750,61750,61750,129990,0,0,
1,Grid wall,1770916055031,Girths,1,Professional's Choice SMx VenTECH Western Cinch,Tack & Equipment > Girths & Cinches > Western Cinches,Cv36-BLA,Size: 36 inches,Color: Black,,,,Wellington Warehouse,51750,51750,51750,98990,0,0,
0,Grid wall,1770916055031,Girths,1,Professional's Choice SMx VenTECH English Girth,Tack & Equipment > Girths & Cinches > English Girths > Hunter/Jumper Girths,EGV52-BLA,Color: Black,Size: 52-Inch,,,,Wellington Warehouse,61750,61750,61750,129990,0,0,
0,LVL 3,1770840424778,Blankets 5,3,Professional's Choice SMx VenTECH English Girth,Tack & Equipment > Girths & Cinches > English Girths > Hunter/Jumper Girths,EGV52-BLA,Color: Black,Size: 52-Inch,,,,Wellington Warehouse,61750,61750,61750,129990,0,0,
0,Grid wall,1770916055031,Girths,1,Professional's Choice SMx VenTECH English Girth,Tack & Equipment > Girths & Cinches > English Girths > Hunter/Jumper Girths,EGV46-CHO,Color: Chocolate Brown,Size: 46-Inch,,,,Wellington Warehouse,61750,61750,61750,129990,0,0,
1,Grid wall,1770916055031,Girths,1,Professional's Choice SMx VenTECH Western Cinch,Tack & Equipment > Girths & Cinches > Western Cinches,CV32-CHO,Size: 32 inches,Color: Chocolate,,,,Wellington Warehouse,51750,51750,51750,98990,0,0,
5,BIN-02,1767722157722,Shelf 7,2,Professional's Choice Deep Trailer Corner Feeder,Stable > Stable Supplies > Feed & Water Buckets,HA-310,Color: Black,"Size: 23 1/2"" x 28"" x 34"" x 16"" deep",,,,Wellington Warehouse,24250,24250,24250,39990,0,0,
3,BIN-04,1767553027610,Shelf 4,4,"Professional's Choice SMB-3 Sports Medicine Boot, Pair",Tack & Equipment > Boots & Wraps > Protective Boots > Front Boots,SMB3M-WHI,Size: Medium,Color: White,,,,Wellington Warehouse,59750,59750,59750,103990,0,0,
10,BIN-01,1768403067585,Shelf 12,1,"Professional's Choice Polo Wraps, Set of four",Tack & Equipment > Boots & Wraps > Leg Wraps,PCPW-WHI,Color: White,"Size: 5"" wide x 9' long",,,,Wellington Warehouse,13000,13000,13000,25990,0,0,
3,BIN-04,1767553027610,Shelf 4,4,"Professional's Choice SMB-3 Sports Medicine Boot, Pair",Tack & Equipment > Boots & Wraps > Protective Boots > Front Boots,SMB3S-WHI,Size: Small,Color: White,,,,Wellington Warehouse,59750,59750,59750,103990,0,0,
14,BIN-04,1767553027610,Shelf 4,4,"Professional's Choice SMB-3 Sports Medicine Boot, Pair",Tack & Equipment > Boots & Wraps > Protective Boots > Front Boots,SMB3L-BLA,Size: Large,Color: Black,,,,Wellington Warehouse,59750,59750,59750,103990,0,0,
6,BIN-04,1767553027610,Shelf 4,4,"Professional's Choice SMB-3 Sports Medicine Boot, Pair",Tack & Equipment > Boots & Wraps > Protective Boots > Front Boots,SMB3S-BLA,Size: Small,Color: Black,,,,Wellington Warehouse,59750,59750,59750,103990,0,0,
1,BIN-01,1768403067585,Shelf 12,1,"Professional's Choice Polo Wraps, Set of four",Tack & Equipment > Boots & Wraps > Leg Wraps,PCPW-BLA,Color: Black,"Size: 5"" wide x 9' long",,,,Wellington Warehouse,13000,13000,13000,25950,0,0,
2,BIN-04,1767553027610,Shelf 4,4,"Professional's Choice SMB-3 Sports Medicine Boot, Pair",Tack & Equipment > Boots & Wraps > Protective Boots > Front Boots,SMB3L-WHI,Size: Large,Color: White,,,,Wellington Warehouse,59750,59750,59750,103990,0,0,
4,BIN-02,1767722157722,Shelf 7,2,Professional's Choice Tack Tote,Horse Care > Grooming & Bathing > Brushes & Tools > Grooming Bags,PC-TT-SAN,Color: Santiago,,,,,Wellington Warehouse,25250,25250,25250,44990,0,0,
0,BIN-03,1767722157721,Shelf 7,3,Professional's Choice Trailer Door Caddy,Stable > Stable Organizers > Organizing Bags,HA-500,Color: Black,"Size: 24"" wide x 27"" tall",,,,Wellington Warehouse,24250,24250,24250,43990,0,0,
0,ROW 3 : LVL 4,1774281545039,Grooming,4,Tail Tamer Slick Bands,Horse Care > Grooming & Bathing > Brushes & Tools > Braiding,SBND-BLK,Quantity: 400-count,Color: Black,,,,Wellington Warehouse,3750,3750,3750,6950,0,0,0.09698197
0,ROW 3 : LVL 3,1774281614628,Grooming/Tack Cleaner,3,Tail Tamer Slick Bands,Horse Care > Grooming & Bathing > Brushes & Tools > Braiding,SBND-BLK,Quantity: 400-count,Color: Black,,,,Wellington Warehouse,3750,3750,3750,6950,0,0,0.09698197
3,Grid wall,1770916055031,Girths,1,Professional's Choice SMx Comfort-Fit Western Merino Cinch,Tack & Equipment > Girths & Cinches > Western Cinches,WCM36-CHO,Size: 36 inches,,,,,Wellington Warehouse,49000,49000,49000,93990,0,0,
1,BIN-04,1767553027610,Shelf 4,4,"Professional's Choice 2XCOOL Sports Medicine Boot, Front Pair",Tack & Equipment > Boots & Wraps > Therapeutic Boots,XCFL-ROY,Size: Large,Color: Royal Blue,,,,Wellington Warehouse,68750,68750,68750,118990,0,0,
1,BIN-04,1767553027610,Shelf 4,4,"Professional's Choice 2XCOOL Sports Medicine Boot, Front Pair",Tack & Equipment > Boots & Wraps > Therapeutic Boots,XCFM-BLA,Size: Medium,Color: Black,,,,Wellington Warehouse,68750,68750,68750,118990,0,0,
2,BIN-04,1767553027610,Shelf 4,4,"Professional's Choice 2XCOOL Sports Medicine Boot, Front Pair",Tack & Equipment > Boots & Wraps > Therapeutic Boots,XCFS-WHI,Size: Small,Color: White,,,,Wellington Warehouse,68750,68750,68750,118990,0,0,
5,BIN-04,1767553027610,Shelf 4,4,"Professional's Choice 2XCOOL Sports Medicine Boot, Front Pair",Tack & Equipment > Boots & Wraps > Therapeutic Boots,XCFS-BLA,Size: Small,Color: Black,,,,Wellington Warehouse,68750,68750,68750,118990,0,0,
3,BIN 1,1776787211212,Gloves,1,Professional's Choice Tail Wrap,Horse Care > Grooming & Bathing > Tails & Tail Bags,TW100-CRI,Color: Crimson Red,,,,,Wellington Warehouse,19750,19750,19750,25990,0,0,
1,Grid wall,1770916055031,Girths,1,Professional's Choice SMx Comfort-Fit Western Merino Cinch,Tack & Equipment > Girths & Cinches > Western Cinches,WCM30-CHO,Size: 30 inches,,,,,Wellington Warehouse,49000,49000,49000,93990,0,0,
9,Grid wall,1770916055031,Girths,1,Professional's Choice SMx Comfort-Fit Western Merino Cinch,Tack & Equipment > Girths & Cinches > Western Cinches,WCM26-CHO,Size: 26 inches,,,,,Wellington Warehouse,49000,49000,49000,93990,0,0,
0,BIN 1,1776787211212,Gloves,1,Tail Tamer Trophy Tails Tail Bag,Horse Care > Grooming & Bathing > Tails & Tail Bags,T-BAG-SAN,Color: Santiago,,,,,Wellington Warehouse,8750,8750,8750,13950,0,0,0.03009557
2,Grid wall,1770916055031,Girths,1,Professional's Choice SMx Comfort-Fit Western Merino Cinch,Tack & Equipment > Girths & Cinches > Western Cinches,WCM28-CHO,Size: 28 inches,,,,,Wellington Warehouse,49000,49000,49000,93990,0,0,
3,BIN-04,1767553027610,Shelf 4,4,"Professional's Choice 2XCOOL Sports Medicine Boot, Front Pair",Tack & Equipment > Boots & Wraps > Therapeutic Boots,XCFL-WHI,Size: Large,Color: White,,,,Wellington Warehouse,68750,68750,68750,118990,0,0,
6,BIN-04,1767553027610,Shelf 4,4,"Professional's Choice 2XCOOL Sports Medicine Boot, Front Pair",Tack & Equipment > Boots & Wraps > Therapeutic Boots,XCFL-BLA,Size: Large,Color: Black,,,,Wellington Warehouse,68750,68750,68750,118990,0,0,
3,BIN-04,1767553027610,Shelf 4,4,"Professional's Choice 2XCOOL Sports Medicine Boot, Front Pair",Tack & Equipment > Boots & Wraps > Therapeutic Boots,XCFM-WHI,Size: Medium,Color: White,,,,Wellington Warehouse,68750,68750,68750,118990,0,0,
4,BIN 1,1776787211212,Gloves,1,Professional's Choice Tail Wrap,Horse Care > Grooming & Bathing > Tails & Tail Bags,TW100-ROYAL,Color: Royal Blue,,,,,Wellington Warehouse,19750,19750,19750,25990,0,0,
4,BIN-05,1767553027611,Shelf 4,5,"Professional's Choice 2XCOOL Sports Medicine Boot, Set of four",Tack & Equipment > Boots & Wraps > Therapeutic Boots,XC4S-BLA,Size: Small,Color: Black,,,,Wellington Warehouse,121500,121500,121500,209990,0,0,
6,BIN-05,1767553027611,Shelf 4,5,"Professional's Choice 2XCOOL Sports Medicine Boot, Set of four",Tack & Equipment > Boots & Wraps > Therapeutic Boots,XC4L-BLA,Size: Large,Color: Black,,,,Wellington Warehouse,121500,121500,121500,209990,0,0,
4,BIN-03,1767553027609,Shelf 4,3,Professional's Choice SMB-3 Sports Medicine Boot Value 4-Pack,Tack & Equipment > Boots & Wraps > Protective Boots > Hind Boots,SMB34S-WHI,Color: White,Size: Small,,,,Wellington Warehouse,110250,110250,110250,189990,0,0,
0,Grid wall,1770916055031,Girths,1,Kincade Chafeless Fleece Girth,Tack & Equipment > Girths & Cinches > English Girths > Hunter/Jumper Girths,340277,Color: Brown/White,"Size: 56""",,,,Wellington Warehouse,30000,30000,30000,45990,0,0,
0,Grid wall,1770916055031,Girths,1,Kincade Chafeless Fleece Girth,Tack & Equipment > Girths & Cinches > English Girths > Hunter/Jumper Girths,340270,Color: Brown/White,"Size: 42""",,,,Wellington Warehouse,30000,30000,30000,45990,0,0,
1,BIN-05,1767553027611,Shelf 4,5,"Professional's Choice 2XCOOL Sports Medicine Boot, Set of four",Tack & Equipment > Boots & Wraps > Therapeutic Boots,XC4M-WHI,Size: Medium,Color: White,,,,Wellington Warehouse,121500,121500,121500,209990,0,0,
4,BIN-03,1767553027609,Shelf 4,3,Professional's Choice SMB-3 Sports Medicine Boot Value 4-Pack,Tack & Equipment > Boots & Wraps > Protective Boots > Hind Boots,SMB34L-BLA,Color: Black,Size: Large,,,,Wellington Warehouse,110250,110250,110250,189990,0,0,
6,BIN-03,1767553027609,Shelf 4,3,Professional's Choice SMB-3 Sports Medicine Boot Value 4-Pack,Tack & Equipment > Boots & Wraps > Protective Boots > Hind Boots,SMB34L-WHI,Color: White,Size: Large,,,,Wellington Warehouse,110250,110250,110250,189990,0,0,
3,BIN-03,1767553027609,Shelf 4,3,Professional's Choice SMB-3 Sports Medicine Boot Value 4-Pack,Tack & Equipment > Boots & Wraps > Protective Boots > Hind Boots,SMB34S-BLA,Color: Black,Size: Small,,,,Wellington Warehouse,110250,110250,110250,189990,0,0,
6,BIN-05,1767553027611,Shelf 4,5,"Professional's Choice 2XCOOL Sports Medicine Boot, Set of four",Tack & Equipment > Boots & Wraps > Therapeutic Boots,XC4L-WHI,Size: Large,Color: White,,,,Wellington Warehouse,121500,121500,121500,209990,0,0,
5,BIN-05,1767553027611,Shelf 4,5,"Professional's Choice 2XCOOL Sports Medicine Boot, Set of four",Tack & Equipment > Boots & Wraps > Therapeutic Boots,XC4M-BLA,Size: Medium,Color: Black,,,,Wellington Warehouse,121500,121500,121500,209990,0,0,
0,Grid wall,1770916055031,Girths,1,Kincade Chafeless Fleece Girth,Tack & Equipment > Girths & Cinches > English Girths > Hunter/Jumper Girths,340276,Color: Brown/White,"Size: 54""",,,,Wellington Warehouse,30000,30000,30000,45990,0,0,
4,BIN-05,1767553027611,Shelf 4,5,"Professional's Choice 2XCOOL Sports Medicine Boot, Set of four",Tack & Equipment > Boots & Wraps > Therapeutic Boots,XC4S-WHI,Size: Small,Color: White,,,,Wellington Warehouse,121500,121500,121500,209990,0,0,
0,ROW 1 : LVL 1,1774281650387,Hoof/Treats,1,Effol Brush Fix,Horse Care > Grooming & Bathing > Brushes & Tools > Hoof Picks & Hoof Brushes,11070000,Title: Default Title,,,,,Wellington Warehouse,5100,5100,5100,9490,0,0,0.01497195
2,ROW 1 : LVL 1,1774281650387,Hoof/Treats,1,Cavalor Dry Feet Natural,Horse Care > First Aid & Wellness > Hoof Care > Thrush,82990904,Size: 250 Milliliters,,,,,Wellington Warehouse,20390,20390,20390,29990,0,0,
0,BIN 1,1776787262019,Bits 1,1,Herm Sprenger Duo Loose Ring 16 mm,Tack & Equipment > Bits > English Bits,40801 125 00,Material: Plastic white,Size: 5 inches,,,,Wellington Warehouse,47100,47100,47100,102800,0,0,0.033939287
0,BIN 1,1776787262019,Bits 1,1,Herm Sprenger KK ULTRA Baucher 16 mm Double-Jointed,Tack & Equipment > Bits > English Bits,41081 145 78,Material: Sensogan,Size: 5 3/4 inches,,,,Wellington Warehouse,115800,115800,115800,235900,0,0,
1,BIN-03,1777314699040,Shelf 20,3,Tory Leather Single Ply Leather Split Reins with Brass Snaps,"Tack & Equipment > Bridles, Headstalls & Reins > Western Headstalls & Reins > Reins",252B,Color: Black,"Size: 5/8"" x 7'",,,,Wellington Warehouse,25600,25600,25600,39990,0,0,
115,ROW 5 : LVL 6,1769190184156,Fly sprays,6,Starbar Trap 'N Toss Disposable Fly Trap,Horse Care > Fly & Insect Control > Fly Sprays & Traps,100520149,Title: Default Title,,,,,Wellington Warehouse,0,2885,5770,6940,0,0,0.43464547
4,ROW 1 : LVL 1,1767888349952,Supplements 1,1,Likit Himalayan Rock Salt,Horse Care > Treats & Toys > Toys & Licks,BLIC6US,Title: Default Title,,,,,Wellington Warehouse,4680,4680,4680,7990,0,0,0.22096121
19,ROW 4 : LVL 2,1774281614632,Grooming/Tack Cleaner,2,Shapley's Hi-Gloss Finishing Spray,"Horse Care > Grooming & Bathing > Shampoos, Conditioners & Sprays > Detanglers, Shines & Sprays",HGDS,Size: 12 Ounces,,,,,Wellington Warehouse,9580,9580,9580,12950,0,0,
12,ROW 5 : LVL 1,1774281422019,Supplements 3,1,Horse Health Products Apple-Dex Electrolyte Supplement,Horse Care > Supplements > Electrolytes & Salt,75113,Size: 30 Pounds,,,,,Wellington Warehouse,51260,52785,54310,59990,0,0,0.04181155
12,ROW 4 : LVL 3,1774281147463,Supplements 2,3,Horse Health Products Apple-Dex Electrolyte Supplement,Horse Care > Supplements > Electrolytes & Salt,75110,Size: 5 Pounds,,,,,Wellington Warehouse,10050,10050,10050,15990,0,0,
-2,,,,,SynNutra SynChill Daily,Horse Care > Supplements > Calming & Focus,SCD-30-1,Size: 30 Day Supply,,,,,Wellington Warehouse,62650,62650,62650,89990,0,0,0.02088657
4,BIN-02,1768403023956,Shelf 10,2,"Eskadron Neoprene Bell Boots, Pair",Tack & Equipment > Boots & Wraps > Bell Boots,670000 619 370 9/S,Color: Navy,Size: Small,,,,Wellington Warehouse,25000,25000,25000,32990,0,0,
1,BIN-02,1768403023956,Shelf 10,2,"Eskadron Neoprene Bell Boots, Pair",Tack & Equipment > Boots & Wraps > Bell Boots,670000 619 290 9/M,Color: Black,Size: Medium,,,,Wellington Warehouse,25000,25000,25000,32990,0,0,
0,BIN-01,1767553027607,Shelf 4,1,"Eskadron Ankle Boots, Pair",Tack & Equipment > Boots & Wraps > Protective Boots > Hind Boots,520000 615 080 29/FULL,Size: Horse,Color: Dark Brown,,,,Wellington Warehouse,27500,27500,27500,44990,0,0,
0,ROW 3 : LVL 3,1774281147459,Supplements 2,3,SynNutra SynChill Gel,Horse Care > Supplements > Calming & Focus,SNSC-1,Size: Single Syringe,,,,,Wellington Warehouse,10840,10840,10840,15490,0,0,
2,BIN-02,1768403023956,Shelf 10,2,"Eskadron Neoprene Bell Boots, Pair",Tack & Equipment > Boots & Wraps > Bell Boots,670000 619 290 9/S,Color: Black,Size: Small,,,,Wellington Warehouse,25000,25000,25000,32990,0,0,
1,BIN-02,1768403023956,Shelf 10,2,"Eskadron Neoprene Bell Boots, Pair",Tack & Equipment > Boots & Wraps > Bell Boots,670000 619 370 9/M,Color: Navy,Size: Medium,,,,Wellington Warehouse,25000,25000,25000,32990,0,0,
2,BIN-02,1768403023956,Shelf 10,2,"Eskadron Pikosoft Bell Boots, Pair",Tack & Equipment > Boots & Wraps > Bell Boots,670000 775 290 9/S,Color: Black,Size: Small,,,,Wellington Warehouse,35000,35000,35000,54990,0,0,0.022381155
13,Other,1777650559284,C,1,Corro Tryon Eco-Friendly Equestrian Backpack,Rider > Bags > Backpacks,FALL211,Title: Default Title,,,,,Wellington Warehouse,13000,13000,13000,89990,0,0,0.028370325
24,ROW 3 : LVL 4,1774281545039,Grooming,4,Super Bands Braiding Bands,Horse Care > Grooming & Bathing > Brushes & Tools > Braiding,BNDWH,Color: White,,,,,Wellington Warehouse,4590,4825,5060,8990,0,0,0.050472055
2,ROW 3 : LVL 4,1774281545039,Grooming,4,Super Bands Braiding Bands,Horse Care > Grooming & Bathing > Brushes & Tools > Braiding,BNDRD,Color: Red/Sorrel,,,,,Wellington Warehouse,5060,5060,5060,8990,0,0,
4,BIN-02,1768403023956,Shelf 10,2,"Eskadron Pikosoft Bell Boots, Pair",Tack & Equipment > Boots & Wraps > Bell Boots,670000 775 690 9/S,Color: Dark Brown,Size: Small,,,,Wellington Warehouse,35000,35000,35000,54990,0,0,
4,BIN-02,1768403023956,Shelf 10,2,"Eskadron Pikosoft Bell Boots, Pair",Tack & Equipment > Boots & Wraps > Bell Boots,670000 775 010 9/XXL,Color: White,Size: XX-Large,,,,Wellington Warehouse,35000,35000,35000,54990,0,0,
4,BIN-02,1768403023956,Shelf 10,2,"Eskadron Pikosoft Bell Boots, Pair",Tack & Equipment > Boots & Wraps > Bell Boots,670000 775 010 9/S,Color: White,Size: Small,,,,Wellington Warehouse,35000,35000,35000,54990,0,0,
1,BIN-02,1768403023956,Shelf 10,2,"Eskadron Velcro Rubber Bell Boots, Pair",Tack & Equipment > Boots & Wraps > Bell Boots,670000 740 010 9/M,Color: White,Size: Medium,,,,Wellington Warehouse,22500,22500,22500,35990,0,0,
12,ROW 3 : LVL 4,1774281545039,Grooming,4,Super Bands Braiding Bands,Horse Care > Grooming & Bathing > Brushes & Tools > Braiding,BNDBK,Color: Black,,,,,Wellington Warehouse,4590,4825,5060,8990,0,0,0.14856905
16,ROW 3 : LVL 4,1774281545039,Grooming,4,Super Bands Braiding Bands,Horse Care > Grooming & Bathing > Brushes & Tools > Braiding,BNDBN,Color: Brown/Chestnut,,,,,Wellington Warehouse,4590,4890,5190,8990,0,0,0.07449958
0,BIN-02,1768403023956,Shelf 10,2,"Eskadron Pikosoft Bell Boots, Pair",Tack & Equipment > Boots & Wraps > Bell Boots,670000 775 290 9/XXL,Color: Black,Size: XX-Large,,,,Wellington Warehouse,35000,35000,35000,54990,0,0,0.030202143
0,BIN-02,1768403023956,Shelf 10,2,"Eskadron Pikosoft Bell Boots, Pair",Tack & Equipment > Boots & Wraps > Bell Boots,670000 775 690 9/L,Color: Dark Brown,Size: Large,,,,Wellington Warehouse,35000,35000,35000,54990,0,0,0.030683761
0,BIN-02,1768403023956,Shelf 10,2,"Eskadron Pikosoft Bell Boots, Pair",Tack & Equipment > Boots & Wraps > Bell Boots,670000 775 010 9/XL,Color: White,Size: Extra Large,,,,Wellington Warehouse,35000,35000,35000,54990,0,0,0.033609685
4,BIN-02,1768403023956,Shelf 10,2,"Eskadron Pikosoft Bell Boots, Pair",Tack & Equipment > Boots & Wraps > Bell Boots,670000 775 010 9/M,Color: White,Size: Medium,,,,Wellington Warehouse,35000,35000,35000,54990,0,0,
0,BIN-02,1768403023956,Shelf 10,2,"Eskadron Pikosoft Bell Boots, Pair",Tack & Equipment > Boots & Wraps > Bell Boots,670000 775 690 9/XXL,Color: Dark Brown,Size: XX-Large,,,,Wellington Warehouse,35000,35000,35000,54990,0,0,0.033729706
3,BIN-02,1768403023956,Shelf 10,2,"Eskadron Velcro Rubber Bell Boots, Pair",Tack & Equipment > Boots & Wraps > Bell Boots,670000 740 290 9/S,Color: Black,Size: Small,,,,Wellington Warehouse,22500,22500,22500,35990,0,0,
29,ROW 3 : LVL 4,1774281545039,Grooming,4,Super Bands Braiding Bands,Horse Care > Grooming & Bathing > Brushes & Tools > Braiding,13446-3,Color: Grey,,,,,Wellington Warehouse,5060,5060,5060,8990,0,0,0.107763
7,BIN-02,1768403023956,Shelf 10,2,"Eskadron Pikosoft Bell Boots, Pair",Tack & Equipment > Boots & Wraps > Bell Boots,670000 775 010 9/L,Color: White,Size: Large,,,,Wellington Warehouse,35000,35000,35000,54990,0,0,
5,BIN-03,1767466772769,Shelf 3,3,Weatherbeeta Comfitec Fine Mesh Mask With Nose,Horse Wear > Fly & Insect Control > Fly Masks,1003157007,Color: Navy/Turquoise,Size: Mini,,,,Wellington Warehouse,15500,15500,15500,15990,0,0,0.014782951
1,ROW 3 : LVL 2,1774281614627,Grooming/Tack Cleaner,2,Farnam Leather New Glycerine Saddle Soap,Tack & Equipment > Leather Care,32603,Size: 64 Ounces,,,,,Wellington Warehouse,0,0,0,24950,0,0,0.044898376
0,BIN-03,1767466772769,Shelf 3,3,Weatherbeeta Comfitec Durable Mesh Fly Mask,Horse Wear > Fly & Insect Control > Fly Masks,1003156003,Color: Black/Purple,Size: Pony,,,,Wellington Warehouse,14500,14500,14500,23190,0,0,
6,ROW 3 : LVL 2,1774281614627,Grooming/Tack Cleaner,2,Farnam Leather New Glycerine Saddle Soap,Tack & Equipment > Leather Care,32602,Size: 32 Ounces,,,,,Wellington Warehouse,11780,11780,11780,14950,0,0,0.115483716
0,BIN-01,1767452663133,Shelf 2,1,Weatherbeeta Comfitec Airflow Mask,Horse Wear > Fly & Insect Control > Fly Masks,804957,Color: Grey/Blue/Grey,Size: Cob,,,,Wellington Warehouse,14000,14000,14000,22390,0,0,0.06410873
0,BIN-01,1767452663133,Shelf 2,1,Weatherbeeta Comfitec Essential Mesh Fly Mask,Horse Wear > Fly & Insect Control > Fly Masks,1002937003,Color: Taupe/Light Blue/Taupe,Size: Pony,,,,Wellington Warehouse,11750,11750,11750,19990,0,0,
0,BIN-01,1767452663133,Shelf 2,1,Weatherbeeta Comfitec Airflow Mask,Horse Wear > Fly & Insect Control > Fly Masks,1000754004,Color: White/Blue/Sea,Size: Pony,,,,Wellington Warehouse,14000,14000,14000,22390,0,0,
3,LVL 2,1767797487652,Fly Sheets 3,2,Saxon Mesh With Gusset Belly Wrap Standard Neck,Horse Wear > Fly & Insect Control > Fly Sheets,819003,Color: White/Mint/Blue,Size: 66,,,,Wellington Warehouse,35060,35060,35060,55990,0,0,
0,BIN-01,1767452663133,Shelf 2,1,Weatherbeeta Comfitec Airflow Mask,Horse Wear > Fly & Insect Control > Fly Masks,1000754005,Color: White/Blue/Sea,Size: Cob,,,,Wellington Warehouse,14000,14000,14000,22390,0,0,0.031762704
2,LVL 2,1767797487652,Fly Sheets 3,2,Saxon Mesh With Gusset Belly Wrap Standard Neck,Horse Wear > Fly & Insect Control > Fly Sheets,819004,Color: White/Mint/Blue,Size: 69,,,,Wellington Warehouse,35060,35060,35060,55990,0,0,
3,LVL 2,1767797487652,Fly Sheets 3,2,Saxon Mesh With Gusset Belly Wrap Standard Neck,Horse Wear > Fly & Insect Control > Fly Sheets,819010,Color: White/Mint/Blue,Size: 87,,,,Wellington Warehouse,35060,35060,35060,55990,0,0,
4,BIN-01,1767452663133,Shelf 2,1,Weatherbeeta Comfitec Essential Mesh Fly Mask,Horse Wear > Fly & Insect Control > Fly Masks,805018,Color: White/Purple/Black,Size: Cob,,,,Wellington Warehouse,11750,11750,11750,19990,0,0,
1,LVL 2,1767797487652,Fly Sheets 3,2,Saxon Mesh With Gusset Belly Wrap Standard Neck,Horse Wear > Fly & Insect Control > Fly Sheets,819008,Color: White/Mint/Blue,Size: 81,,,,Wellington Warehouse,35060,35060,35060,55990,0,0,
2,LVL 2,1767797487652,Fly Sheets 3,2,Saxon Mesh With Gusset Belly Wrap Standard Neck,Horse Wear > Fly & Insect Control > Fly Sheets,1002941013,Color: Blue/Navy/Purple,Size: 84,,,,Wellington Warehouse,35060,35060,35060,55990,0,0,
4,LVL 4,1771436264208,Blankets 8,4,Saxon Defiant 600D Standard Neck Turnout Sheet Lite,Horse Wear > Blankets & Sheets > Turnout Blankets & Sheets > Sheets,1006343030,Color: Navy,Size: 66,,,,Wellington Warehouse,41870,41870,41870,49990,0,0,
2,LVL 2,1767797487652,Fly Sheets 3,2,Saxon Mesh With Gusset Belly Wrap Standard Neck,Horse Wear > Fly & Insect Control > Fly Sheets,819009,Color: White/Mint/Blue,Size: 84,,,,Wellington Warehouse,35060,35060,35060,55990,0,0,
3,LVL 2,1767797487652,Fly Sheets 3,2,Saxon Mesh With Gusset Belly Wrap Standard Neck,Horse Wear > Fly & Insect Control > Fly Sheets,1002941008,Color: Blue/Navy/Purple,Size: 69,,,,Wellington Warehouse,35060,35060,35060,55990,0,0,
1,BIN-04,1767466772770,Shelf 3,4,Weatherbeeta Comfitec Airflow Mesh Wraps,Horse Wear > Fly & Insect Control > Fly Boots,805856,Color: Grey/Blue/Grey,Size: Cob,,,,Wellington Warehouse,23880,23880,23880,34390,0,0,
3,BIN 1,1776787211212,Gloves,1,Weatherbeeta Lycra Tail Bag,Horse Care > Grooming & Bathing > Tails & Tail Bags,803185,Color: Navy,,,,,Wellington Warehouse,6000,6000,6000,12950,0,0,
0,LVL 3,1767805838123,Fly Sheets 2,3,Kool Coat Airstream With Hidden Surcingle III Detach A Neck,Horse Wear > Fly & Insect Control > Fly Sheets,1005153007,Color: White/Navy,Size: 84,,,,Wellington Warehouse,52840,52840,52840,79950,0,0,
0,LVL 3,1767805838123,Fly Sheets 2,3,Kool Coat Airstream With Hidden Surcingle III Detach A Neck,Horse Wear > Fly & Insect Control > Fly Sheets,1005153003,Color: White/Navy,Size: 72,,,,Wellington Warehouse,52840,52840,52840,79950,0,0,
9,BIN-05,1767452692386,Shelf 2,5,Kool Coat Classic Fly Mask,Horse Wear > Fly & Insect Control > Fly Masks,1001842003,Color: White/Navy,Size: Cob,,,,Wellington Warehouse,12270,12270,12270,15960,0,0,0.014679789
0,BIN-04,1767452692385,Shelf 2,4,Saxon Fly Mask,Horse Wear > Fly & Insect Control > Fly Masks,819112,Color: White,Size: Pony,,,,Wellington Warehouse,14000,14000,14000,19990,0,0,0.06718629
8,BIN-02,1767466772768,Shelf 3,2,Weatherbeeta Comfitec Durable Mesh Mask With Ears & Nose,Horse Wear > Fly & Insect Control > Fly Masks,1003149012,Color: Navy/Purple,Size: Warmblood,,,,Wellington Warehouse,17000,17000,17000,27190,0,0,0.01712196
3,LVL 4,1771001977936,Blankets 6,4,Weatherbeeta Comfitec Liner Medium/Lite,Horse Wear > Blankets & Sheets > Liners,1003669011,Color: Grey,Size: 63,,,,Wellington Warehouse,58910,58910,58910,27990,0,0,0.011573678
1,LVL 4,1771001977936,Blankets 6,4,Weatherbeeta Green-Tec 900D Standard Neck Lite Plus Turnout Blanket,Horse Wear > Blankets & Sheets > Turnout Blankets & Sheets > Lightweight,1005158014,Color: Light Grey,Size: 84,,,,Wellington Warehouse,130200,130200,130200,95990,0,0,
2,BIN-03,1767466772769,Shelf 3,3,Weatherbeeta Comfitec Durable Mesh Mask With Nose,Horse Wear > Fly & Insect Control > Fly Masks,1003150007,Color: Navy/Purple,Size: Mini,,,,Wellington Warehouse,16500,16500,16500,26390,0,0,
2,LVL 4,1771001977936,Blankets 6,4,Weatherbeeta Comfitec Liner Medium/Lite,Horse Wear > Blankets & Sheets > Liners,1003669010,Color: Grey,Size: 60,,,,Wellington Warehouse,58910,58910,58910,27990,0,0,
3,BIN-03,1767466772769,Shelf 3,3,Weatherbeeta Comfitec Durable Mesh Mask With Ears & Nose,Horse Wear > Fly & Insect Control > Fly Masks,1003149007,Color: Navy/Purple,Size: Mini,,,,Wellington Warehouse,17000,17000,17000,27190,0,0,
2,LVL 4,1771001977936,Blankets 6,4,Weatherbeeta Green-Tec 900D Standard Neck Lite Plus Turnout Blanket,Horse Wear > Blankets & Sheets > Turnout Blankets & Sheets > Lightweight,1005158007,Color: Light Grey,Size: 66,,,,Wellington Warehouse,130200,130200,130200,95990,0,0,
0,ROW 3 : LVL 2,1774281614627,Grooming/Tack Cleaner,2,Hydra Honeycomb Tack Sponge,Tack & Equipment > Leather Care,HST-1,Title: Default Title,,,,,Wellington Warehouse,3260,3260,3260,5990,0,0,0.07225826
0,ROW 3 : LVL 1,1774281614626,Grooming/Tack Cleaner,1,Hydra Honeycomb Tack Sponge,Tack & Equipment > Leather Care,HST-1,Title: Default Title,,,,,Wellington Warehouse,3260,3260,3260,5990,0,0,0.07225826
1,ROW 1 : LVL 2,1768938712710,First Aid,2,Aspen Gentle Iodine 1%,Horse Care > First Aid & Wellness > Wound Care & Topicals,19930020,Size: 1 Gallon,,,,,Wellington Warehouse,18940,18940,18940,24950,0,0,0.011179132
0,LVL 4,1771001977936,Blankets 6,4,Weatherbeeta Comfitec Liner Medium/Lite,Horse Wear > Blankets & Sheets > Liners,1003669001,Color: Grey,Size: 66,,,,Wellington Warehouse,58910,58910,58910,27990,0,0,0.32197753
1,LVL 4,1771001977936,Blankets 6,4,Weatherbeeta Green-Tec 900D Standard Neck Lite Plus Turnout Blanket,Horse Wear > Blankets & Sheets > Turnout Blankets & Sheets > Lightweight,1005158009,Color: Light Grey,Size: 72,,,,Wellington Warehouse,130200,130200,130200,95990,0,0,
3,BIN-03,1767466772769,Shelf 3,3,Weatherbeeta Comfitec Durable Mesh Mask With Ears & Nose,Horse Wear > Fly & Insect Control > Fly Masks,1003149008,Color: Navy/Purple,Size: Small Pony,,,,Wellington Warehouse,17000,17000,17000,27190,0,0,
1,BIN-03,1767466772769,Shelf 3,3,Weatherbeeta Comfitec Durable Mesh Mask With Nose,Horse Wear > Fly & Insect Control > Fly Masks,1003150008,Color: Navy/Purple,Size: Small Pony,,,,Wellington Warehouse,16500,16500,16500,26390,0,0,
0,ROW 4 : LVL 3,1774281545043,Grooming,3,Little Giant Professional Spray Bottle,"Horse Care > Grooming & Bathing > Shampoos, Conditioners & Sprays > Detanglers, Shines & Sprays",PS32BLUE,Color: Blue,,,,,Wellington Warehouse,2570,2570,2570,5990,0,0,
4,ROW 1 : LVL 2,1768938712710,First Aid,2,Betadine Antiseptic 7.5% Surgical Scrub,Horse Care > First Aid & Wellness > Wound Care & Topicals,BVET16,Size: 16 Ounces,,,,,Wellington Warehouse,12820,12820,12820,18990,0,0,
14,ROW 1 : LVL 4,1768938712712,First Aid,4,Betadine Solution 5% Povidone-Iodine Antiseptic Microbicide,Horse Care > First Aid & Wellness > Wound Care & Topicals,11205-3,Size: 1 Gallon,,,,,Wellington Warehouse,44500,44500,44500,59990,0,0,
6,ROW 3 : LVL 1,1774281545036,Grooming,1,Corona Concentrated Shampoo,"Horse Care > Grooming & Bathing > Shampoos, Conditioners, & Sprays > Shampoos",1000125,Size: 3 Liters,,,,,Wellington Warehouse,26850,26850,26850,35990,0,0,
3,ROW 1 : LVL 2,1768938712710,First Aid,2,Betadine Solution 5% Povidone-Iodine Antiseptic Microbicide,Horse Care > First Aid & Wellness > Wound Care & Topicals,BVSO16,Size: 16 Ounces,,,,,Wellington Warehouse,11800,11800,11800,16990,0,0,
11,ROW 4 : LVL 3,1774281614633,Grooming/Tack Cleaner,3,Absorbine Santa Fe Coat Conditioner and Sunscreen,"Horse Care > Grooming & Bathing > Shampoos, Conditioners & Sprays > Detanglers, Shines & Sprays",12319-1,Size: 32 Ounces,,,,,Wellington Warehouse,11380,11617,12090,15090,0,0,0.19722684
0,ROW 1 : LVL 2,1768938712710,First Aid,2,Betadine Antiseptic 7.5% Surgical Scrub,Horse Care > First Aid & Wellness > Wound Care & Topicals,11263-3,Size: 1 Gallon,,,,,Wellington Warehouse,52540,52540,52540,69990,0,0,0.018398682
6,LVL 2,1771873985968,Sheets 4,2,Mio Stable Sheet,Horse Wear > Blankets & Sheets > Stable Blankets & Sheets > Lightweight,ADSA90-BR00-75,Size: 75,Color: Navy,,,,Wellington Warehouse,40000,40000,40000,49990,0,0,
1,BIN-01,1768403023955,Shelf 10,1,"EasyCare Comfort Pads, Pair",Tack & Equipment > Boots & Wraps > Hoof Boots,SB-COMPAD-F-12,Thickness: 12 mm,Density: Firm/Red,,,,Wellington Warehouse,9290,9290,9290,14950,0,0,
2,LVL 2,1771873985968,Sheets 4,2,Mio Stable Sheet,Horse Wear > Blankets & Sheets > Stable Blankets & Sheets > Lightweight,ADSA90-BR00-69,Size: 69,Color: Navy,,,,Wellington Warehouse,40000,40000,40000,49990,0,0,
1,LVL 2,1771873985968,Sheets 4,2,Mio Stable Sheet,Horse Wear > Blankets & Sheets > Stable Blankets & Sheets > Lightweight,ADSA90-BR00-72,Size: 72,Color: Navy,,,,Wellington Warehouse,40000,40000,40000,49990,0,0,
4,ROW 3 : LVL 1,1774281147457,Supplements 2,1,Horse Health Products Vita B-1 Crumble Horse Supplement,Horse Care > Supplements > Performance & Energy,100542257,Size: 3 Pounds,,,,,Wellington Warehouse,10690,10690,10690,14990,0,0,
0,LVL 2,1772124449866,Hoof Boots,2,"Cavallo Cute Little Hoof Boot (CLB) Slim Sole, Set of Two",Tack & Equipment > Boots & Wraps > Hoof Boots,11-4193SPK-M3,Size: Mini 3,Color: Bling,,,,Wellington Warehouse,61000,61000,61000,109950,0,0,
19,ROW 3 : LVL 3,1774281614628,Grooming/Tack Cleaner,3,Horse Shave Disposable Grooming Razor Single,"Horse Care > Grooming & Bathing > Clippers, Blades & Accessories",15168-2,Title: Default Title,,,,,Wellington Warehouse,1070,1070,1070,1990,0,0,0.23576176
2,LVL 2,1772124449866,Hoof Boots,2,"Cavallo Cute Little Hoof Boot (CLB) Slim Sole, Set of Two",Tack & Equipment > Boots & Wraps > Hoof Boots,11-4193SPK-M1,Size: Mini 1,Color: Bling,,,,Wellington Warehouse,61000,61000,61000,109950,0,0,0.045694444
3,LVL 2,1772124449866,Hoof Boots,2,"Cavallo Cute Little Hoof Boot (CLB) Slim Sole, Set of Two",Tack & Equipment > Boots & Wraps > Hoof Boots,11-4193-M3,Size: Mini 3,Color: Black,,,,Wellington Warehouse,55000,55000,55000,109950,0,0,0.046323515
12,ROW 3 : LVL 1,1774281545036,Grooming,1,Aloe Advantage Concentrated Shampoo,"Horse Care > Grooming & Bathing > Shampoos, Conditioners, & Sprays > Shampoos",077-00346,Size: 32 Ounces,,,,,Wellington Warehouse,5650,5650,5650,9490,0,0,
13,ROW 3 : LVL 1,1774281545036,Grooming,1,Aloe Advantage Concentrated Shampoo,"Horse Care > Grooming & Bathing > Shampoos, Conditioners, & Sprays > Shampoos",077-00345,Size: 1 Gallon,,,,,Wellington Warehouse,12880,12880,12880,16490,0,0,0.264825
6,ROW 3 : LVL 1,1774281545036,Grooming,1,Aloe Advantage Citronella Shampoo,"Horse Care > Grooming & Bathing > Shampoos, Conditioners, & Sprays > Shampoos",077-00418,Size: 32 Ounces,,,,,Wellington Warehouse,8660,8660,8660,11990,0,0,
2,LVL 2,1772124449866,Hoof Boots,2,"Cavallo Cute Little Hoof Boot (CLB) Slim Sole, Set of Two",Tack & Equipment > Boots & Wraps > Hoof Boots,11-4193-M1,Size: Mini 1,Color: Black,,,,Wellington Warehouse,55000,55000,55000,109950,0,0,
2,LVL 3,1771259569148,Blankets 7,3,Rambo Stable Sheet (No Fill),Horse Wear > Blankets & Sheets > Stable Blankets & Sheets > Lightweight,ADAAA0-BBW0-60,Size: 60,Color: Navy,,,,Wellington Warehouse,53000,53000,53000,59950,0,0,
7,LVL 3,1771259569148,Blankets 7,3,Rambo Stable Sheet (No Fill),Horse Wear > Blankets & Sheets > Stable Blankets & Sheets > Lightweight,ADAAA0-BBW0-87,Size: 87,Color: Navy,,,,Wellington Warehouse,53000,53000,53000,59950,0,0,
1,LVL 3,1771259569148,Blankets 7,3,Rambo Stable Sheet (No Fill),Horse Wear > Blankets & Sheets > Stable Blankets & Sheets > Lightweight,ADAAA0-BBW0-72,Size: 72,Color: Navy,,,,Wellington Warehouse,53000,53000,53000,59950,0,0,
2,LVL 3,1771259569148,Blankets 7,3,Rambo Stable Sheet (No Fill),Horse Wear > Blankets & Sheets > Stable Blankets & Sheets > Lightweight,ADAAA0-KJJ0-66,Size: 66,Color: Black,,,,Wellington Warehouse,53000,53000,53000,59950,0,0,
8,BIN-05,1767812231222,Shelf 8,5,Rambo Mack in a Sack (No Fill),"Horse Wear > Blankets & Sheets > Coolers, Fleece & Covers",AGAM30-BQGB-SM,Size: Small,Color: Navy/Burgundy/Teal/Navy,,,,Wellington Warehouse,53000,53000,53000,99950,0,0,
2,LVL 3,1771259569148,Blankets 7,3,Rambo Stable Sheet (No Fill),Horse Wear > Blankets & Sheets > Stable Blankets & Sheets > Lightweight,ADAAA0-KJJ0-69,Size: 69,Color: Black,,,,Wellington Warehouse,53000,53000,53000,59950,0,0,
7,BIN-05,1767812231222,Shelf 8,5,Rambo Mack in a Sack (No Fill),"Horse Wear > Blankets & Sheets > Coolers, Fleece & Covers",AGAM30-BQGB-XL,Size: X-Large,Color: Navy/Burgundy/Teal/Navy,,,,Wellington Warehouse,53000,53000,53000,99950,0,0,
7,LVL 3,1771259569148,Blankets 7,3,Rambo Stable Sheet (No Fill),Horse Wear > Blankets & Sheets > Stable Blankets & Sheets > Lightweight,ADAAA0-KJJ0-72,Size: 72,Color: Black,,,,Wellington Warehouse,53000,53000,53000,59950,0,0,
18,LVL 1,1770050955927,Blankets 3,1,Rambo Original Turnout Blanket (200g Medium),Horse Wear > Blankets & Sheets > Turnout Blankets & Sheets > Medium Weight,AAAAA2-BR00-78,Color: Navy/Red,Size: 78,,,,Wellington Warehouse,178000,178000,178000,362950,0,0,
5,LVL 1,1770050955927,Blankets 3,1,Rambo Original Turnout Sheet (0g Lite),Horse Wear > Blankets & Sheets > Turnout Blankets & Sheets > Sheets,AAAAA1-GR00-66,Color: Green,Size: 66,,,,Wellington Warehouse,167000,167000,167000,339950,0,0,
6,LVL 1,1770050955927,Blankets 3,1,Rambo Original Turnout Sheet (0g Lite),Horse Wear > Blankets & Sheets > Turnout Blankets & Sheets > Sheets,AAAAA1-GR00-81,Color: Green,Size: 81,,,,Wellington Warehouse,167000,167000,167000,339950,0,0,
19,LVL 1,1770050955927,Blankets 3,1,Rambo Original Turnout Blanket (200g Medium),Horse Wear > Blankets & Sheets > Turnout Blankets & Sheets > Medium Weight,AAAAA2-BR00-75,Color: Navy/Red,Size: 75,,,,Wellington Warehouse,178000,178000,178000,362950,0,0,
7,LVL 2,1770050955928,Blankets 3,2,Rambo Supreme 1680D Turnout Sheet with Hood (0g Lite),Horse Wear > Blankets & Sheets > Turnout Blankets & Sheets > Sheets,AAASA0-BQDB-63,Size: 63,Color: Navy/ Burgundy/Dusty Blue & Navy,,,,Wellington Warehouse,220000,220000,220000,229990,0,0,
7,LVL 1,1770050955927,Blankets 3,1,Rambo Original Turnout Blanket (200g Medium),Horse Wear > Blankets & Sheets > Turnout Blankets & Sheets > Medium Weight,AAAAA2-BR00-69,Color: Navy/Red,Size: 69,,,,Wellington Warehouse,178000,178000,178000,362950,0,0,
7,LVL 1,1770740443978,Blankets 2,1,Rambo Original Turnout Blanket  (Heavy 400g),Horse Wear > Blankets & Sheets > Turnout Blankets & Sheets > Heavy Weight,AAAAA3-GR00-75,Color: Green,Size: 75,,,,Wellington Warehouse,192000,192000,192000,349950,0,0,
3,LVL 4,1770131722587,Blankets 1,4,Rambo Duo (100g Outer Layer with 300g Liner),Horse Wear > Blankets & Sheets > Turnout Blankets & Sheets > Heavy Weight,AAADA3-BDN0-84,Size: 84,Color: Navy,,,,Wellington Warehouse,288000,288000,288000,499950,0,0,
8,LVL 4,1770131722587,Blankets 1,4,Rambo Duo (100g Outer Layer with 300g Liner),Horse Wear > Blankets & Sheets > Turnout Blankets & Sheets > Heavy Weight,AAADA3-BDN0-69,Size: 69,Color: Navy,,,,Wellington Warehouse,288000,288000,288000,499950,0,0,
7,LVL 1,1770050955927,Blankets 3,1,Rambo Original Turnout Blanket (200g Medium),Horse Wear > Blankets & Sheets > Turnout Blankets & Sheets > Medium Weight,AAAAA2-BR00-81,Color: Navy/Red,Size: 81,,,,Wellington Warehouse,178000,178000,178000,362950,0,0,
12,LVL 4,1770131722587,Blankets 1,4,Rambo Duo (100g Outer Layer with 300g Liner),Horse Wear > Blankets & Sheets > Turnout Blankets & Sheets > Heavy Weight,AAADA3-BDN0-75,Size: 75,Color: Navy,,,,Wellington Warehouse,288000,288000,288000,499950,0,0,
2,LVL 1,1770050955927,Blankets 3,1,Rambo Original Turnout Blanket (200g Medium),Horse Wear > Blankets & Sheets > Turnout Blankets & Sheets > Medium Weight,AAAAA2-BR00-84,Color: Navy/Red,Size: 84,,,,Wellington Warehouse,178000,178000,178000,362950,0,0,
3,LVL 1,1770740443978,Blankets 2,1,Rambo Original Turnout Blanket  (Heavy 400g),Horse Wear > Blankets & Sheets > Turnout Blankets & Sheets > Heavy Weight,AAAAA3-GR00-69,Color: Green,Size: 69,,,,Wellington Warehouse,192000,192000,192000,349950,0,0,
11,LVL 1,1770050955927,Blankets 3,1,Rambo Original Turnout Sheet (0g Lite),Horse Wear > Blankets & Sheets > Turnout Blankets & Sheets > Sheets,AAAAA1-GR00-72,Color: Green,Size: 72,,,,Wellington Warehouse,167000,167000,167000,339950,0,0,
21,LVL 1,1770050955927,Blankets 3,1,Rambo Original Turnout Sheet (0g Lite),Horse Wear > Blankets & Sheets > Turnout Blankets & Sheets > Sheets,AAAAA1-GR00-78,Color: Green,Size: 78,,,,Wellington Warehouse,167000,167000,167000,339950,0,0,
3,LVL 1,1770740443978,Blankets 2,1,Rambo Original Turnout Blanket  (Heavy 400g),Horse Wear > Blankets & Sheets > Turnout Blankets & Sheets > Heavy Weight,AAAAA3-GR00-66,Color: Green,Size: 66,,,,Wellington Warehouse,192000,192000,192000,349950,0,0,
3,LVL 1,1770740443978,Blankets 2,1,Rambo Original Turnout Blanket  (Heavy 400g),Horse Wear > Blankets & Sheets > Turnout Blankets & Sheets > Heavy Weight,AAAAA3-GR00-84,Color: Green,Size: 84,,,,Wellington Warehouse,192000,192000,192000,349950,0,0,
6,LVL 4,1770131722587,Blankets 1,4,Rambo Duo (100g Outer Layer with 300g Liner),Horse Wear > Blankets & Sheets > Turnout Blankets & Sheets > Heavy Weight,AAADA3-BDN0-87,Size: 87,Color: Navy,,,,Wellington Warehouse,288000,288000,288000,499950,0,0,
5,LVL 4,1770131722587,Blankets 1,4,Rambo Duo (100g Outer Layer with 300g Liner),Horse Wear > Blankets & Sheets > Turnout Blankets & Sheets > Heavy Weight,AAADA3-BDN0-72,Size: 72,Color: Navy,,,,Wellington Warehouse,288000,288000,288000,499950,0,0,
4,LVL 1,1770740443978,Blankets 2,1,Rambo Original Turnout Blanket  (Heavy 400g),Horse Wear > Blankets & Sheets > Turnout Blankets & Sheets > Heavy Weight,AAAAA3-GR00-87,Color: Green,Size: 87,,,,Wellington Warehouse,192000,192000,192000,349950,0,0,
7,LVL 1,1770050955927,Blankets 3,1,Rambo Original Turnout Sheet (0g Lite),Horse Wear > Blankets & Sheets > Turnout Blankets & Sheets > Sheets,AAAAA1-GR00-69,Color: Green,Size: 69,,,,Wellington Warehouse,167000,167000,167000,339950,0,0,
3,LVL 1,1770050955927,Blankets 3,1,Rambo Original Turnout Blanket (200g Medium),Horse Wear > Blankets & Sheets > Turnout Blankets & Sheets > Medium Weight,AAAAA2-BR00-87,Color: Navy/Red,Size: 87,,,,Wellington Warehouse,178000,178000,178000,362950,0,0,
7,LVL 4,1770131722587,Blankets 1,4,Rambo Duo (100g Outer Layer with 300g Liner),Horse Wear > Blankets & Sheets > Turnout Blankets & Sheets > Heavy Weight,AAADA3-BDN0-66,Size: 66,Color: Navy,,,,Wellington Warehouse,288000,288000,288000,499950,0,0,
7,LVL 4,1770131722587,Blankets 1,4,Rambo Duo (100g Outer Layer with 300g Liner),Horse Wear > Blankets & Sheets > Turnout Blankets & Sheets > Heavy Weight,AAADA3-BDN0-78,Size: 78,Color: Navy,,,,Wellington Warehouse,288000,288000,288000,499950,0,0,
7,LVL 1,1770740443978,Blankets 2,1,Rambo Original Turnout Blanket  (Heavy 400g),Horse Wear > Blankets & Sheets > Turnout Blankets & Sheets > Heavy Weight,AAAAA3-GR00-72,Color: Green,Size: 72,,,,Wellington Warehouse,192000,192000,192000,349950,0,0,
16,LVL 1,1770050955927,Blankets 3,1,Rambo Original Turnout Blanket (200g Medium),Horse Wear > Blankets & Sheets > Turnout Blankets & Sheets > Medium Weight,AAAAA2-BR00-72,Color: Navy/Red,Size: 72,,,,Wellington Warehouse,178000,178000,178000,362950,0,0,
6,LVL 1,1770050955927,Blankets 3,1,Rambo Original Turnout Blanket (200g Medium),Horse Wear > Blankets & Sheets > Turnout Blankets & Sheets > Medium Weight,AAAAA2-BR00-66,Color: Navy/Red,Size: 66,,,,Wellington Warehouse,178000,178000,178000,362950,0,0,
8,LVL 2,1770050955928,Blankets 3,2,Rambo Supreme 1680D Turnout Sheet with Hood (0g Lite),Horse Wear > Blankets & Sheets > Turnout Blankets & Sheets > Sheets,AAASA0-BQDB-60,Size: 60,Color: Navy/ Burgundy/Dusty Blue & Navy,,,,Wellington Warehouse,220000,220000,220000,229990,0,0,
8,LVL 1,1770050955927,Blankets 3,1,Rambo Original Turnout Sheet (0g Lite),Horse Wear > Blankets & Sheets > Turnout Blankets & Sheets > Sheets,AAAAA1-GR00-84,Color: Green,Size: 84,,,,Wellington Warehouse,167000,167000,167000,339950,0,0,
4,LVL 3,1770740443980,Blankets 2,3,Amigo Bravo 12 Wug (400g Heavy),Horse Wear > Blankets & Sheets > Turnout Blankets & Sheets > Heavy Weight,AARW73-KJI0-84,Color: Black/Titanium Grey & Silver,Size: 84-inch,,,,Wellington Warehouse,118000,118000,118000,263950,0,0,
4,LVL 3,1770740443980,Blankets 2,3,Amigo Bravo 12 Wug (400g Heavy),Horse Wear > Blankets & Sheets > Turnout Blankets & Sheets > Heavy Weight,AARW73-KJI0-72,Color: Black/Titanium Grey & Silver,Size: 72-Inch,,,,Wellington Warehouse,118000,118000,118000,263950,0,0,
1,LVL 3,1770740443980,Blankets 2,3,Amigo Bravo 12 Wug (400g Heavy),Horse Wear > Blankets & Sheets > Turnout Blankets & Sheets > Heavy Weight,AARW73-KJI0-69,Color: Black/Titanium Grey & Silver,Size: 69-Inch,,,,Wellington Warehouse,118000,118000,118000,263950,0,0,
4,LVL 3,1770740443980,Blankets 2,3,Amigo Bravo 12 Wug (400g Heavy),Horse Wear > Blankets & Sheets > Turnout Blankets & Sheets > Heavy Weight,AARW73-KJI0-75,Color: Black/Titanium Grey & Silver,Size: 75-Inch,,,,Wellington Warehouse,118000,118000,118000,263950,0,0,
2,LVL 3,1771436264207,Blankets 8,3,Amigo Bravo 12 Plus Turnout Sheet (0g Lite),Horse Wear > Blankets & Sheets > Turnout Blankets & Sheets > Sheets,AARP70-BCSK-75,Size: 75-Inch,Color: Navy/Blue/Strong Blue & Black,,,,Wellington Warehouse,123000,123000,123000,199990,0,0,
4,LVL 3,1770740443980,Blankets 2,3,Amigo Bravo 12 Wug (400g Heavy),Horse Wear > Blankets & Sheets > Turnout Blankets & Sheets > Heavy Weight,AARW73-KJI0-78,Color: Black/Titanium Grey & Silver,Size: 78-Inch,,,,Wellington Warehouse,118000,118000,118000,263950,0,0,
4,LVL 3,1771259569148,Blankets 7,3,Rambo Stable Blanket with Embossed Liner (200g Medium),Horse Wear > Blankets & Sheets > Stable Blankets & Sheets > Medium Weight,ABAAAG-BBW0-72,Color: Navy,Size: 72,,,,Wellington Warehouse,91000,91000,91000,129990,0,0,
3,LVL 3,1770131722586,Blankets 1,3,Amigo Bravo 12 Original (400g Heavy),Horse Wear > Blankets & Sheets > Turnout Blankets & Sheets > Heavy Weight,AARA43-BBW0-81,Color: Navy,Size: 81,,,,Wellington Warehouse,110000,110000,110000,209950,0,0,0.01436568
1,LVL 3,1771259569148,Blankets 7,3,Rambo Stable Blanket with Embossed Liner (200g Medium),Horse Wear > Blankets & Sheets > Stable Blankets & Sheets > Medium Weight,ABAAAG-BBW0-87,Color: Navy,Size: 87,,,,Wellington Warehouse,91000,91000,91000,129990,0,0,
2,LVL 3,1771436264207,Blankets 8,3,Rambo Fleece Competition Quarter Sheet,"Horse Wear > Blankets & Sheets > Coolers, Fleece & Covers",AGAC6N-VRKB-ME,Color: Witney Navy,Size: Medium,,,,Wellington Warehouse,58000,58000,58000,69990,0,0,
9,LVL 3,1771436264207,Blankets 8,3,Rambo Dry Rug Supreme (No Fill),"Horse Wear > Blankets & Sheets > Coolers, Fleece & Covers",ABAM72-BI00-ME,Color: Navy/Silver,Size: Medium,,,,Wellington Warehouse,90090,90090,90090,197950,0,0,0.05362335
1,LVL 3,1771436264207,Blankets 8,3,Amigo Hero 900 Pony Turnout Sheet (0g Lite),Horse Wear > Blankets & Sheets > Turnout Blankets & Sheets > Sheets,AKMA91-BCZP-66,Size: 66-Inch,Color: Blue,,,,Wellington Warehouse,68000,68000,68000,99990,0,0,
5,LVL 3,1771436264207,Blankets 8,3,Rambo Fleece Competition Quarter Sheet,"Horse Wear > Blankets & Sheets > Coolers, Fleece & Covers",AGAC6N-VRK0-ME,Color: Witney Gold,Size: Medium,,,,Wellington Warehouse,58000,58000,58000,69990,0,0,
2,LVL 3,1771436264207,Blankets 8,3,Rambo Dry Rug Supreme (No Fill),"Horse Wear > Blankets & Sheets > Coolers, Fleece & Covers",ABAM72-BI00-SM,Color: Navy/Silver,Size: Small,,,,Wellington Warehouse,90090,90090,90090,197950,0,0,
13,LVL 3,1771436264207,Blankets 8,3,Rambo Dry Rug Supreme (No Fill),"Horse Wear > Blankets & Sheets > Coolers, Fleece & Covers",ABAM72-BI00-LA,Color: Navy/Silver,Size: Large,,,,Wellington Warehouse,90090,90090,90090,197950,0,0,0.05362335
1,LVL 3,1771436264207,Blankets 8,3,Amigo Hero 900 Pony Turnout Sheet (0g Lite),Horse Wear > Blankets & Sheets > Turnout Blankets & Sheets > Sheets,AKMA91-BCZP-63,Size: 63-Inch,Color: Blue,,,,Wellington Warehouse,68000,68000,68000,99990,0,0,
1,LVL 3,1771436264207,Blankets 8,3,Rambo Fleece Competition Quarter Sheet,"Horse Wear > Blankets & Sheets > Coolers, Fleece & Covers",AGAC6N-VRK0-XL,Color: Witney Gold,Size: Extra Large,,,,Wellington Warehouse,58000,58000,58000,69990,0,0,
2,BIN-04,1768403067588,Shelf 12,4,EquiFit T-Sport Wrap,Tack & Equipment > Boots & Wraps > Leg Wraps,01267HW,Size: Horse,Color: White,,,,Wellington Warehouse,53030,53030,53030,124000,0,0,0.011656912
4,LVL 5,1770396443383,Saddle Pads 3,5,EquiFit Essential Dressage Pad,Tack & Equipment > English Saddle Pads > Dressage Saddle Pads,41216,Size: Horse,Color: White,,,,Wellington Warehouse,33600,33600,33600,63000,0,0,
0,BIN-04,1768403067588,Shelf 12,4,EquiFit T-Sport Wrap,Tack & Equipment > Boots & Wraps > Leg Wraps,01267HB,Size: Horse,Color: Black,,,,Wellington Warehouse,53030,53030,53030,124000,0,0,0.011466308
2,BIN-04,1768403067588,Shelf 12,4,EquiFit HorseSox Barn Roll,Tack & Equipment > Boots & Wraps > Leg Wraps,20042,Size: Pony,Color: Black,,,,Wellington Warehouse,41770,41770,41770,82000,0,0,
2,BIN 1,1776787343289,Spurs,1,EquiFit SilentFit Ear Plugs,Tack & Equipment > Ear Plugs & Bonnets > Ear Plugs,52575,Size: 10 Pairs,Color: Black,,,,Wellington Warehouse,36870,36870,36870,76000,0,0,
5,ROW 1 : LVL 1,1774281650387,Hoof/Treats,1,EquiFit Pack-N-Stick Hoof Tape,Horse Care > First Aid & Wellness > First Aid Supplies,02009,Size: 24-pack,Color: Black,,,,Wellington Warehouse,88400,88400,88400,140000,0,0,0.40636557
0,BIN-04,1768403067588,Shelf 12,4,EquiFit GelSox,Tack & Equipment > Boots & Wraps > Leg Wraps,41020,Size: Horse,Color: Black,,,,Wellington Warehouse,35960,35960,35960,64000,0,0,
1,BIN 1,1776787343289,Spurs,1,EquiFit SilentFit Ear Plugs,Tack & Equipment > Ear Plugs & Bonnets > Ear Plugs,52573,Size: 1 Pair,Color: Black,,,,Wellington Warehouse,4720,4720,4720,10000,0,0,
0,BIN-04,1768403067588,Shelf 12,4,EquiFit HorseSox Individual Pack,Tack & Equipment > Boots & Wraps > Leg Wraps,20045,Size: Horse,Color: White,,,,Wellington Warehouse,12250,12250,12250,25000,0,0,
8,ROW 1 : LVL 1,1774281650387,Hoof/Treats,1,EquiFit Pack-N-Stick Hoof Tape,Horse Care > First Aid & Wellness > First Aid Supplies,2008,Size: 6-pack,Color: Black,,,,Wellington Warehouse,22100,22100,22100,44000,0,0,0.09950756
0,BIN-04,1768403067588,Shelf 12,4,EquiFit HorseSox Individual Pack,Tack & Equipment > Boots & Wraps > Leg Wraps,20046,Size: Pony,Color: Black,,,,Wellington Warehouse,12250,12250,12250,25000,0,0,
2,BIN-04,1768403067588,Shelf 12,4,EquiFit HorseSox Barn Roll,Tack & Equipment > Boots & Wraps > Leg Wraps,20040,Size: Pony,Color: White,,,,Wellington Warehouse,41770,41770,41770,82000,0,0,
36,ROW 1 : LVL 2,1768938712710,First Aid,2,EquiFit AgSilver Daily Strength CleanTalc,Horse Care > First Aid & Wellness > Wound Care & Topicals,21234,Size: 50 Grams,,,,,Wellington Warehouse,16960,16960,16960,34000,0,0,0.054317277
32,ROW 1 : LVL 5,1768938712713,First Aid,5,EquiFit AgSilver Daily Strength CleanTalc,Horse Care > First Aid & Wellness > Wound Care & Topicals,21234,Size: 50 Grams,,,,,Wellington Warehouse,16960,16960,16960,34000,0,0,0.054317277
0,BIN-04,1768403067588,Shelf 12,4,EquiFit HorseSox Individual Pack,Tack & Equipment > Boots & Wraps > Leg Wraps,20044,Size: Pony,Color: White,,,,Wellington Warehouse,12250,12250,12250,25000,0,0,
1,BIN-04,1768403067588,Shelf 12,4,EquiFit HorseSox Barn Roll,Tack & Equipment > Boots & Wraps > Leg Wraps,20041,Size: Horse,Color: White,,,,Wellington Warehouse,41770,41770,41770,82000,0,0,
27,ROW 1 : LVL 1,1774281650387,Hoof/Treats,1,Fiebing's Hoof Dressing,Horse Care > Grooming & Bathing > Hoof Oils & Conditioner,11017-1,Size: 32 Ounces,,,,,Wellington Warehouse,12650,12650,12650,15990,0,0,0.13745569
4,ROW 1 : LVL 2,1768938712710,First Aid,2,Aspen 70% Isopropyl Alcohol,Horse Care > First Aid & Wellness > Wound Care & Topicals,21263874,Size: 1 Gallon,,,,,Wellington Warehouse,9910,9910,9910,17990,0,0,0.031642783
3,ROW 3 : LVL 3,1774281147459,Supplements 2,3,Ramard Total Equine Relief Powder,Horse Care > Supplements > Inflammation & Pain Relief,RAM-TERJ-2,Size: 18 Ounces,,,Lot #F242426,2027-03-01,Wellington Warehouse,116720,116720,116720,169990,0,0,0.02335619
15,ROW 3 : LVL 3,1774281147459,Supplements 2,3,Ramard Total Tendon Repair for Horses,Horse Care > Supplements > Inflammation & Pain Relief,RAM-TTR,Size: 30 Day (1.12lb),,,,,Wellington Warehouse,71240,71240,71240,101640,0,0,
0,ROW 1 : LVL 1,1774281650387,Hoof/Treats,1,Fiebing's Hoof Dressing,Horse Care > Grooming & Bathing > Hoof Oils & Conditioner,11017-2,Size: 1 Gallon,,,,,Wellington Warehouse,35590,35590,35590,40000,0,0,
1,Grid wall,1770916055031,Girths,1,EquiFit Essential Schooling Girth with SmartFabric Liner,Tack & Equipment > Girths & Cinches > English Girths > Hunter/Jumper Girths,32950BR48,Size: 48-Inch,,,,,Wellington Warehouse,50130,50130,50130,112000,0,0,0.018407973
1,Grid wall,1770916055031,Girths,1,EquiFit Essential Schooling Girth with SheepsWool Liner,Tack & Equipment > Girths & Cinches > English Girths > Hunter/Jumper Girths,32951BR46,Size: 46-Inch,,,,,Wellington Warehouse,55700,55700,55700,122000,0,0,0.1286441
0,ROW 3 : LVL 3,1774281147459,Supplements 2,3,Ramard Total Equine Relief Paste,Horse Care > Supplements > Inflammation & Pain Relief,RAM-TERS,Size: 15 cc,,,,,Wellington Warehouse,10300,10300,10300,14990,0,0,0.2226089
0,BIN-01,1774375575870,Cavali 3,1,EquiFit Belt Bag,Rider > Bags > Totes & Pouches,83212,Size: One Size,,,,,Wellington Warehouse,77220,77220,77220,147000,0,0,0.0120849395
2,Grid wall,1770916055031,Girths,1,EquiFit Essential Schooling Girth with SheepsWool Liner,Tack & Equipment > Girths & Cinches > English Girths > Hunter/Jumper Girths,32951BR48,Size: 48-Inch,,,,,Wellington Warehouse,55700,55700,55700,122000,0,0,
3,ROW 3 : LVL 3,1774281147459,Supplements 2,3,Ramard Total Tendon Repair for Horses,Horse Care > Supplements > Inflammation & Pain Relief,RAM-TTR-P,Size: 90 Day (3.36lb),,,,,Wellington Warehouse,199100,199100,199100,299970,0,0,0.033702284
2,Grid wall,1770916055031,Girths,1,EquiFit Essential Schooling Girth with SheepsWool Liner,Tack & Equipment > Girths & Cinches > English Girths > Hunter/Jumper Girths,32951BR44,Size: 44-Inch,,,,,Wellington Warehouse,55700,55700,55700,122000,0,0,
2,BIN-02,1776354991787,Grooming Small,2,Tough-1 Ultimate Sweat Scraper,Horse Care > Grooming & Bathing > Brushes & Tools > Sweat Scrapers,68-7082-4-0,Color: Royal Blue,,,,,Wellington Warehouse,1190,1190,1190,1990,0,0,
3,BIN-05,1776354991790,Grooming Small,5,Tough-1 Great Grips Sweat Scraper,Horse Care > Grooming & Bathing > Brushes & Tools > Sweat Scrapers,68-910-4-0,Color: Royal Blue,,,,,Wellington Warehouse,3690,3690,3690,7990,0,0,
1,BIN-02,1776354991787,Grooming Small,2,Tough-1 Ultimate Sweat Scraper,Horse Care > Grooming & Bathing > Brushes & Tools > Sweat Scrapers,68-7082-2-0,Color: Black,,,,,Wellington Warehouse,990,990,990,1990,0,0,0.16582398
4,BIN-05,1776354991790,Grooming Small,5,Tough-1 Great Grips Sweat Scraper,Horse Care > Grooming & Bathing > Brushes & Tools > Sweat Scrapers,68-910-5-0,Color: Red,,,,,Wellington Warehouse,3690,3690,3690,7990,0,0,
30,BIN-02,1776354991787,Grooming Small,2,Tough-1 Aluminum Sweat Scraper,Horse Care > Grooming & Bathing > Brushes & Tools > Sweat Scrapers,68-7081-0-0,Title: Default Title,,,,,Wellington Warehouse,1690,1690,1690,3990,0,0,0.061782755
20,BIN-05,1776354991790,Grooming Small,5,Tough-1 Great Grips Sweat Scraper,Horse Care > Grooming & Bathing > Brushes & Tools > Sweat Scrapers,68-910-11-0,Color: Pink,,,,,Wellington Warehouse,3690,3690,3690,7990,0,0,
13,BIN-05,1776354991790,Grooming Small,5,Tough-1 Great Grips Sweat Scraper,Horse Care > Grooming & Bathing > Brushes & Tools > Sweat Scrapers,68-910-10-0,Color: Purple,,,,,Wellington Warehouse,3690,3690,3690,7990,0,0,
5,BIN-01,1774375575870,Cavali 3,1,Villa Arch Equestrian Pillow by Pen & Pony,Rider > Home Decor & Gifts,SPR305,Title: Default Title,,,,,Wellington Warehouse,4500,4500,4500,29990,0,0,
1,BIN-04,1776354991789,Grooming Small,4,Tough-1 Rubber Grooming Glove,"Horse Care > Grooming & Bathing > Brushes & Tools > Grooming Gloves, Curry Combs & Deshedding Tools",68-24485-2-0,Color: Black,,,,,Wellington Warehouse,1990,1990,1990,3950,0,0,0.13371155
6,BIN 1,1776787211212,Gloves,1,WeatherBeeta Stretch Shoulder Guard,Horse Wear > Blankets & Sheets > Blanket Accessories,589555,Color: Navy,Size: Cob,,,,Wellington Warehouse,24880,24880,24880,47950,0,0,
5,LVL 4,1771436264208,Blankets 8,4,Saxon Defiant 600D Standard Neck Medium,Horse Wear > Blankets & Sheets > Turnout Blankets & Sheets > Medium Weight,1006342018,Color: Navy Plaid,Size: 84,,,,Wellington Warehouse,49990,49990,49990,79990,0,0,
1,BIN 1,1776787211212,Gloves,1,WeatherBeeta Stretch Shoulder Guard,Horse Wear > Blankets & Sheets > Blanket Accessories,589554,Color: Navy,Size: Pony,,,,Wellington Warehouse,24880,24880,24880,47950,0,0,0.015341881
2,BIN-02,1767722157722,Shelf 7,2,WeatherBeeta Rug/Blanket Storage Bag,"Tack & Equipment > Bags, Cases & Covers",576590,Color: Navy,,,,,Wellington Warehouse,30300,30300,30300,54950,0,0,
6,BIN 1,1776787211212,Gloves,1,WeatherBeeta 6 Piece Surcingle Set,Horse Wear > Blankets & Sheets > Blanket Accessories,999564,Color: Silver,,,,,Wellington Warehouse,2410,2410,2410,5250,0,0,
39,BIN-02,1774375575871,Cavali 3,2,The Infused Equestrian Noggin Fresh Helmet Spray,Rider > Accessories & Apparel > Accessories,850032849180,size: 4 Ounces,,,,,Wellington Warehouse,9600,9600,9600,20500,0,0,0.92019796
0,COUNTS,1782309291232,COUNTS,1,ManeJane Spur Straps,Tack & Equipment > Spurs & Straps > Spur Straps,MJ218,Style: Sail Boat,,,,,Wellington Warehouse,13950,13950,13950,23950,0,0,
0,COUNTS,1782309291232,COUNTS,1,ManeJane Spur Straps,Tack & Equipment > Spurs & Straps > Spur Straps,HCH,Style: Chestnut Horse,,,,,Wellington Warehouse,13950,13950,13950,23950,0,0,
0,COUNTS,1782309291232,COUNTS,1,ManeJane Spur Straps,Tack & Equipment > Spurs & Straps > Spur Straps,WS314,Style: Red Clear Round,,,,,Wellington Warehouse,13950,13950,13950,23950,0,0,
230,ROW 1 : LVL 5,1768938712713,First Aid,5,Coat Defense Daily Preventative Powder,Horse Care > First Aid & Wellness > Wound Care & Topicals,TRVLPWDR,Size: 3.5 Ounces,,,,,Wellington Warehouse,6300,6300,6300,0,0,0,
61,ROW 1 : LVL 2,1768938712710,First Aid,2,Coat Defense Daily Preventative Powder,Horse Care > First Aid & Wellness > Wound Care & Topicals,TRVLPWDR,Size: 3.5 Ounces,,,,,Wellington Warehouse,6300,6300,6300,0,0,0,
1,Grid wall,1770916055031,Girths,1,EquiFit Anatomical Hunter Girth with SheepsWool Liner,Tack & Equipment > Girths & Cinches > English Girths > Hunter/Jumper Girths,32952BR48,Size: 48-Inch,Color: Brown,,,,Wellington Warehouse,206850,206850,206850,389000,0,0,
6,ROW 1 : LVL 3,1768938712711,First Aid,3,Coat Defense Trouble Spot Drying Paste,Horse Care > First Aid & Wellness > Wound Care & Topicals,PROPASTE,Size: 24 Ounces,,,,,Wellington Warehouse,30800,30800,30800,44000,0,0,0.088618346
0,COUNTS,1782309291232,COUNTS,1,ManeJane Spur Straps,Tack & Equipment > Spurs & Straps > Spur Straps,H184,Style: Unicorn Emoji,,,,,Wellington Warehouse,13950,13950,13950,23950,0,0,0.02763733
1,Grid wall,1770916055031,Girths,1,EquiFit Essential Dressage Girth with SmartFabric Liner,Tack & Equipment > Girths & Cinches > Dressage Girths,32964BL34,Size: 34-Inch,Color: Black,,,,Wellington Warehouse,67000,67000,67000,134000,0,0,
0,BIN-04,1767626770403,Shelf 5,4,EquiFit Eq-Teq Front Boot with ImpacTeq Liner,Tack & Equipment > Boots & Wraps > Protective Boots > Front Boots,11254FMBL,Size: Medium,Color: Black,,,,Wellington Warehouse,184530,184530,184530,365000,0,0,
0,BIN-01,1774887638157,Cavali 2,1,EquiFit Shoulders Back Lite,Rider > Accessories & Apparel > Accessories,2025,Size: Large,Color: Black,,,,Wellington Warehouse,28330,28330,28330,59000,0,0,
4,BIN-01,1774887638157,Cavali 2,1,EquiFit Shoulders Back Lite,Rider > Accessories & Apparel > Accessories,2022,Size: Large,Color: White,,,,Wellington Warehouse,28330,28330,28330,59000,0,0,
3,BIN-01,1774887638157,Cavali 2,1,EquiFit Shoulders Back Lite,Rider > Accessories & Apparel > Accessories,2021,Size: Medium,Color: White,,,,Wellington Warehouse,28330,28330,28330,59000,0,0,0.0120849395
0,BIN-01,1774887638157,Cavali 2,1,EquiFit Shoulders Back Lite,Rider > Accessories & Apparel > Accessories,2024,Size: Medium,Color: Black,,,,Wellington Warehouse,28330,28330,28330,59000,0,0,
0,BIN-01,1774887638157,Cavali 2,1,EquiFit Shoulders Back Lite,Rider > Accessories & Apparel > Accessories,2023,Size: Small,Color: Black,,,,Wellington Warehouse,28330,28330,28330,59000,0,0,
0,BIN-01,1774887638157,Cavali 2,1,EquiFit Shoulders Back Lite,Rider > Accessories & Apparel > Accessories,2020,Size: Small,Color: White,,,,Wellington Warehouse,28330,28330,28330,59000,0,0,
0,BIN-05,1767626770404,Shelf 5,5,Equifit HoofIce,Tack & Equipment > Boots & Wraps > Therapeutic Boots,52593,Size: 1 Pair,Color: Black,,,,Wellington Warehouse,9000,9000,9000,26000,0,0,0.029509006
1,BIN-01,1773766480619,Shelf 18,1,5/A Baker 7 Foot Lead with 20 Inch Chain,Tack & Equipment > Halters & Leads > Lead Ropes,7035,Title: Default Title,,,,,Wellington Warehouse,13000,13000,13000,23950,0,0,
3,ROW 1 : LVL 3,1768938712711,First Aid,3,Valhoma DMSO Dimethyl Sulfoxide Solution 99%,Horse Care > First Aid & Wellness > Liniments,DMSOROLLON,Size: 3 Ounces (Roll On),,,,,Wellington Warehouse,6880,6880,6880,9950,0,0,0.14589164
3,ROW 1 : LVL 3,1768938712711,First Aid,3,Ramard ReliefGel,Horse Care > First Aid & Wellness > Liniments,17183-1,Size: 16 Ounces,,,,,Wellington Warehouse,52080,52080,52080,69990,0,0,0.14756626
14,ROW 4 : LVL 1,1774281614631,Grooming/Tack Cleaner,1,Shapley's Magic Sheen Hair Polish,"Horse Care > Grooming & Bathing > Shampoos, Conditioners & Sprays > Detanglers, Shines & Sprays",MSW/SPRAYDS,Size: 32 Ounces,,,,,Wellington Warehouse,8590,8590,8590,14990,0,0,
9,ROW 1 : LVL 3,1768938712711,First Aid,3,Valhoma DMSO Dimethyl Sulfoxide Solution 99%,Horse Care > First Aid & Wellness > Liniments,SO99PT,Size: 16 Ounces,,,,,Wellington Warehouse,14600,14600,14600,18950,0,0,0.026185172
4,ROW 1 : LVL 3,1768938712711,First Aid,3,Tenda Witch Hazel,Horse Care > First Aid & Wellness > Wound Care & Topicals,8022,Size: 32 Ounces,,,,,Wellington Warehouse,12850,12850,12850,21990,0,0,0.019322269
12,ROW 1 : LVL 3,1768938712711,First Aid,3,Valhoma DMSO Gel,Horse Care > First Aid & Wellness > Liniments,764782001906,Size: 16 Ounces,,,,,Wellington Warehouse,18390,18390,18390,24990,0,0,0.07843741
0,ROW 1 : LVL 3,1768938712711,First Aid,3,Valhoma DMSO Gel,Horse Care > First Aid & Wellness > Liniments,764782004907,Size: 4 Ounces,,,,,Wellington Warehouse,7140,7140,7140,9990,0,0,0.04483784
0,ROW 1 : LVL 2,1768938712710,First Aid,2,Valhoma DMSO Dimethyl Sulfoxide Solution 99%,Horse Care > First Aid & Wellness > Liniments,12454-5,Size: 1 Gallon,,,,,Wellington Warehouse,79070,79070,79070,109990,0,0,
1,ROW 4 : LVL 1,1774281614631,Grooming/Tack Cleaner,1,Shapley's Magic Sheen Hair Polish,"Horse Care > Grooming & Bathing > Shampoos, Conditioners & Sprays > Detanglers, Shines & Sprays",MS-GALDS,Size: Gallon,,,,,Wellington Warehouse,24630,24630,24630,32990,0,0,
3,ROW 1 : LVL 4,1768938712712,First Aid,4,Tenda Witch Hazel,Horse Care > First Aid & Wellness > Wound Care & Topicals,8021,Size: 1 Gallon,,,,,Wellington Warehouse,22500,22500,22500,31990,0,0,
12,LVL 1,1770059667422,Buckets,1,Jack's Stall Chain,Stable > Stable Supplies > Stall Supplies,10444-FO,Color: Green,,,,,Wellington Warehouse,11500,11500,11500,19990,0,0,
0,BIN 1,1776787262019,Bits 1,1,Effol Mouth Butter,Tack & Equipment > Bits > Bit Accessories,11740000,Size: 150 Milliliters,Flavor: Apple,,,,Wellington Warehouse,10400,10400,10400,16990,0,0,
4,LVL 1,1770059667422,Buckets,1,Jack's Stall Chain,Stable > Stable Supplies > Stall Supplies,10444-RE,Color: Red,,,,,Wellington Warehouse,11500,11500,11500,19990,0,0,
2,ROW 1 : LVL 2,1768938712710,First Aid,2,Aspen Alu-Mend Spray-on Bandage,Horse Care > First Aid & Wellness > Wound Care & Topicals,21278832,Size: 120 Grams,,,,,Wellington Warehouse,10360,10410,10510,16990,0,0,0.108988546
1,BIN-04,1768403067588,Shelf 12,4,Gel-Eze Under Bandage,Tack & Equipment > Boots & Wraps > Leg Wraps,527,Title: Default Title,,,,,Wellington Warehouse,16950,16950,16950,26990,0,0,0.020094989
3,ROW 3 : LVL 2,1774281147458,Supplements 2,2,Kinetic Vet Equishield SA Powder,Horse Care > Supplements > Skin & Coat,9013-02-00,Size: 2 Pounds,,,Lot# 3333536,2027-03-01,Wellington Warehouse,44780,44780,44780,83780,0,0,0.015182118
6,ROW 1 : LVL 3,1768938712711,First Aid,3,Horseman's Dream Veterinary Cream with Aloe Vera,Horse Care > First Aid & Wellness > Wound Care & Topicals,1000161,Size: 16 Ounces,,,,,Wellington Warehouse,23170,23170,23170,32990,0,0,
4,ROW 1 : LVL 1,1774281650387,Hoof/Treats,1,Hawthorne Venice Turpentine,Horse Care > Grooming & Bathing > Hoof Oils & Conditioner,16614-1,Size: 14 Ounces,,,,,Wellington Warehouse,12310,12310,12310,15990,0,0,0.044355534
0,BIN-01,1768403023955,Shelf 10,1,EquiFit Essential Bell Boot with Ultrawool Top,Tack & Equipment > Boots & Wraps > Bell Boots,11270MD,Size: Medium,Color: Black / Natural,,,,Wellington Warehouse,32170,32170,32170,62000,0,0,
1,ROW 1 : LVL 3,1768938712711,First Aid,3,Hilton Herbs Ezee Arnica,Horse Care > First Aid & Wellness > Liniments,10804,Size: 500 Milliliters,,,,,Wellington Warehouse,24200,24200,24200,34990,1,0,0.5470923
0,BIN-01,1768403023955,Shelf 10,1,EquiFit Essential Bell Boot with Ultrawool Top,Tack & Equipment > Boots & Wraps > Bell Boots,11830XXL,Size: Extra Extra Large,Color: Black / Black,,,,Wellington Warehouse,32170,32170,32170,62000,0,0,0.03162547
0,BIN-01,1768403023955,Shelf 10,1,EquiFit Essential Bell Boot with Ultrawool Top,Tack & Equipment > Boots & Wraps > Bell Boots,11270S,Size: Small,Color: Black / Natural,,,,Wellington Warehouse,32170,32170,32170,62000,0,0,
0,BIN-01,1768403023955,Shelf 10,1,EquiFit Essential Bell Boot with Ultrawool Top,Tack & Equipment > Boots & Wraps > Bell Boots,11830XL,Size: Extra Large,Color: Black / Black,,,,Wellington Warehouse,32170,32170,32170,62000,0,0,
0,BIN-01,1768403023955,Shelf 10,1,EquiFit Essential Bell Boot with Fleece Rolled Top,Tack & Equipment > Boots & Wraps > Bell Boots,11269XXL,Size: XXLarge,Color: Black,,,,Wellington Warehouse,26320,26320,26320,49000,0,0,0.03162547
18,LVL 2,1770145216505,Saddle Pads 2,2,WeatherBeeta Prime Leopard Print Dressage Saddle Pad,Tack & Equipment > English Saddle Pads > Dressage Saddle Pads,1006959006,Size: Full,Color: Turquoise,Add On: Saddle Pad,,,Wellington Warehouse,35500,35500,35500,35500,0,0,
3,ROW 4 : LVL 4,1774281147464,Supplements 2,4,AniMed Linseed Oil Blend,Horse Care > Supplements > Skin & Coat,90423,Size: 1 Gallon,,,,,Wellington Warehouse,23690,23690,23690,44970,0,0,
17,BIN-01,1773766480619,Shelf 18,1,Jack's Cotton Lead Rope with Bull Snap,Tack & Equipment > Halters & Leads > Lead Ropes,1289-BK,Color: Black,,,,,Wellington Warehouse,8000,8000,8000,19990,0,0,
1,BIN-01,1777314709511,Shelf 21,1,WeatherBeeta Prime Ear Bonnet,Tack & Equipment > Ear Plugs & Bonnets > Bonnets,815080,Size: Full,Color: Purple Penant,,,,Wellington Warehouse,17500,17500,17500,17500,0,0,0.06563272
30,BIN-01,1777314709511,Shelf 21,1,WeatherBeeta Prime Luxe Leopard Print Ear Bonnet,Tack & Equipment > Ear Plugs & Bonnets > Bonnets,1006960004,Size: Full,Color: Pink,,,,Wellington Warehouse,22000,22000,22000,22000,0,0,0.032638997
20,LVL 1,1770145216504,Saddle Pads 2,1,WeatherBeeta Prime Leopard Print All Purpose Saddle Pad,Tack & Equipment > English Saddle Pads > All Purpose & Hunter/Jumper Saddle Pads,1006957004,Size: Full,Color: Pink,Add On: Saddle Pad,,,Wellington Warehouse,35500,35500,35500,35500,0,0,0.016319498
8,BIN-01,1777314709511,Shelf 21,1,WeatherBeeta Prime Ear Bonnet,Tack & Equipment > Ear Plugs & Bonnets > Bonnets,815076,Size: Full,Color: White,,,,Wellington Warehouse,17500,17500,17500,17500,0,0,
0,ROW 3 : LVL 4,1774281545039,Grooming,4,Kinetic Vet Equishield AO Shampoo,"Horse Care > Grooming & Bathing > Shampoos, Conditioners, & Sprays > Shampoos",9014-09-01,Size: 1 Gallon,,,,,Wellington Warehouse,30440,30440,30440,70340,0,0,
10,BIN-01,1777314709511,Shelf 21,1,WeatherBeeta Prime Ear Bonnet,Tack & Equipment > Ear Plugs & Bonnets > Bonnets,815077,Size: Full,Color: Navy,,,,Wellington Warehouse,17500,17500,17500,17500,0,0,0.097912155
16,LVL 2,1770145216505,Saddle Pads 2,2,WeatherBeeta Prime Leopard Print Dressage Saddle Pad,Tack & Equipment > English Saddle Pads > Dressage Saddle Pads,1006959004,Size: Full,Color: Pink,Add On: Saddle Pad,,,Wellington Warehouse,35500,35500,35500,35500,0,0,
3,BIN-01,1773766480619,Shelf 18,1,Jack's Cotton Lead Rope with Bull Snap,Tack & Equipment > Halters & Leads > Lead Ropes,1289-PU,Color: Purple,,,,,Wellington Warehouse,8000,8000,8000,19990,0,0,
26,BIN-01,1777314709511,Shelf 21,1,WeatherBeeta Prime Luxe Leopard Print Ear Bonnet,Tack & Equipment > Ear Plugs & Bonnets > Bonnets,1006960006,Size: Full,Color: Turquoise,,,,Wellington Warehouse,22000,22000,22000,22000,0,0,0.015041098
1,BIN-01,1777314709511,Shelf 21,1,WeatherBeeta Prime Ear Bonnet,Tack & Equipment > Ear Plugs & Bonnets > Bonnets,815075,Size: Full,Color: Black,,,,Wellington Warehouse,17500,17500,17500,17500,0,0,0.024478039
14,LVL 1,1770145216504,Saddle Pads 2,1,WeatherBeeta Prime Leopard Print All Purpose Saddle Pad,Tack & Equipment > English Saddle Pads > All Purpose & Hunter/Jumper Saddle Pads,1006957006,Size: Full,Color: Turquoise,Add On: Saddle Pad,,,Wellington Warehouse,35500,35500,35500,35500,0,0,0.015041098
4,BIN-01,1777314709511,Shelf 21,1,WeatherBeeta Prime Ear Bonnet,Tack & Equipment > Ear Plugs & Bonnets > Bonnets,815081,Size: Full,Color: Maroon,,,,Wellington Warehouse,17500,17500,17500,17500,0,0,0.017143624
0,BIN-01,1777314709511,Shelf 21,1,WeatherBeeta Prime Ear Bonnet,Tack & Equipment > Ear Plugs & Bonnets > Bonnets,1000071007,Size: Full,Color: Grey,,,,Wellington Warehouse,17500,17500,17500,17500,0,0,0.024478039
21,BIN-01,1773766480619,Shelf 18,1,Jack's Cotton Lead Rope with Bull Snap,Tack & Equipment > Halters & Leads > Lead Ropes,1289-NV,Color: Navy,,,,,Wellington Warehouse,8000,8000,8000,19990,0,0,
14,BIN-03,1775240098868,Cavali 4,3,Dublin Suede Leather Belt,Rider > Accessories & Apparel > Belts,1001308001,Size: Small/Medium,,,,,Wellington Warehouse,6000,6000,6000,16990,0,0,
6,BIN-05,1773766480618,Shelf 17,5,Roma Headcollar & Lead Set,Tack & Equipment > Halters & Leads > Halters > Nylon & Rope Halters,464557,Color: Purple/Silver,Size: Full,,,,Wellington Warehouse,6000,6000,6000,6990,0,0,
10,BIN-05,1773766480618,Shelf 17,5,Roma Headcollar & Lead Set,Tack & Equipment > Halters & Leads > Halters > Nylon & Rope Halters,464530,Color: Black,Size: Pony,,,,Wellington Warehouse,6000,6000,6000,6990,0,0,
10,BIN-05,1773766480618,Shelf 17,5,Roma Headcollar & Lead Set,Tack & Equipment > Halters & Leads > Halters > Nylon & Rope Halters,464547,Color: Red/Navy,Size: Full,,,,Wellington Warehouse,6000,6000,6000,6990,0,0,
7,BIN-05,1773766480618,Shelf 17,5,Roma Headcollar & Lead Set,Tack & Equipment > Halters & Leads > Halters > Nylon & Rope Halters,464556,Color: Purple/Silver,Size: Cob,,,,Wellington Warehouse,6000,6000,6000,6990,0,0,
12,BIN-05,1773766480618,Shelf 17,5,Roma Headcollar & Lead Set,Tack & Equipment > Halters & Leads > Halters > Nylon & Rope Halters,464545,Color: Red/Navy,Size: Pony,,,,Wellington Warehouse,6000,6000,6000,6990,0,0,
5,BIN-05,1777314699042,Shelf 20,5,Dublin Imperial Saddle Bag,"Tack & Equipment > Bags, Cases & Covers",593695,Color: Black,,,,,Wellington Warehouse,23000,23000,23000,62990,0,0,
12,BIN-05,1773766480618,Shelf 17,5,Roma Headcollar & Lead Set,Tack & Equipment > Halters & Leads > Halters > Nylon & Rope Halters,464531,Color: Black,Size: Cob,,,,Wellington Warehouse,6000,6000,6000,6990,0,0,
3,BIN-05,1773766480618,Shelf 17,5,Roma Headcollar & Lead Set,Tack & Equipment > Halters & Leads > Halters > Nylon & Rope Halters,464535,Color: Navy,Size: Pony,,,,Wellington Warehouse,6000,6000,6000,6990,0,0,
12,BIN-05,1773766480618,Shelf 17,5,Roma Headcollar & Lead Set,Tack & Equipment > Halters & Leads > Halters > Nylon & Rope Halters,464555,Color: Purple/Silver,Size: Pony,,,,Wellington Warehouse,6000,6000,6000,6990,0,0,
15,BIN-05,1773766480618,Shelf 17,5,Roma Headcollar & Lead Set,Tack & Equipment > Halters & Leads > Halters > Nylon & Rope Halters,464537,Color: Navy,Size: Full,,,,Wellington Warehouse,6000,6000,6000,6990,0,0,
7,BIN-05,1773766480618,Shelf 17,5,Roma Headcollar & Lead Set,Tack & Equipment > Halters & Leads > Halters > Nylon & Rope Halters,464532,Color: Black,Size: Full,,,,Wellington Warehouse,6000,6000,6000,6990,0,0,
0,BIN-04,1768845014312,Shelf 13,4,Rambo Micklem Breastplate,Tack & Equipment > Martingales & Breastplates,SDAA9D-K000-PY,Size: Pony,Color: Black,,,,Wellington Warehouse,71000,71000,71000,109990,0,0,
3,ROW 5 : LVL 4,1769190184154,Fly sprays,4,Starbar Fly Stik with Muscalure,Horse Care > Fly & Insect Control > Fly Sprays & Traps,11736,Size: 24-Inch,,,,,Wellington Warehouse,4710,4710,4710,8990,0,0,
23,LVL 1,1770145216504,Saddle Pads 2,1,WeatherBeeta Prime Marble All Purpose Saddle Pad,Tack & Equipment > English Saddle Pads > All Purpose & Hunter/Jumper Saddle Pads,1008702002,Size: Full,Color: Blue Swirl,,,,Wellington Warehouse,35500,35500,35500,39990,0,0,
17,LVL 4,1770145216507,Saddle Pads 2,4,WeatherBeeta Prime Marble Dressage Saddle Pad,Tack & Equipment > English Saddle Pads > Dressage Saddle Pads,1008703002,Size: Full,Color: Blue Swirl,,,,Wellington Warehouse,35500,35500,35500,39990,0,0,
4,LVL 3,1770145216506,Saddle Pads 2,3,WeatherBeeta Prime Marble Dressage Saddle Pad,Tack & Equipment > English Saddle Pads > Dressage Saddle Pads,1008703006,Size: Full,Color: Purple Swirl,,,,Wellington Warehouse,35500,35500,35500,39990,0,0,
2,ROW 3 : LVL 2,1774281614627,Grooming/Tack Cleaner,2,Stubben Glycerin Saddle Soap,Tack & Equipment > Leather Care,31132011,Size: 250 Grams,,,,,Wellington Warehouse,9000,9000,9000,18000,0,0,0.060446147
340,ROW 3 : LVL 5,1774281614630,Grooming/Tack Cleaner,5,Epona Pony Tail Comb,Horse Care > Grooming & Bathing > Brushes & Tools > Brushes & Combs,1015,Title: Default Title,,,,,Wellington Warehouse,3500,3500,3500,7970,0,0,
29,BIN-03,1776354991788,Grooming Small,3,Epona Pony Tail Comb,Horse Care > Grooming & Bathing > Brushes & Tools > Brushes & Combs,1015,Title: Default Title,,,,,Wellington Warehouse,3500,3500,3500,7970,0,0,
0,ROW 3 : LVL 2,1774281614627,Grooming/Tack Cleaner,2,Epona Tacknology Tack Sponge,Tack & Equipment > Leather Care,1094,Title: Default Title,,,,,Wellington Warehouse,3260,3260,3260,7000,0,0,0.023621174
4,ROW 4 : LVL 3,1774281614633,Grooming/Tack Cleaner,3,Jack's Aluminum Mane Pulling Comb,Horse Care > Grooming & Bathing > Brushes & Tools > Brushes & Combs,10238-JM,Title: Default Title,,,,,Wellington Warehouse,870,870,870,1950,0,0,0.05389851
4,ROW 4 : LVL 3,1774281614633,Grooming/Tack Cleaner,3,Jack's 9-Inch Multi-Use Plastic Comb,Horse Care > Grooming & Bathing > Brushes & Tools > Brushes & Combs,24403-RE,Color: Red,,,,,Wellington Warehouse,550,550,550,1090,0,0,0.08291199
0,ROW 4 : LVL 3,1774281614633,Grooming/Tack Cleaner,3,Jack's 9-Inch Multi-Use Plastic Comb,Horse Care > Grooming & Bathing > Brushes & Tools > Brushes & Combs,24403-BK,Color: Black,,,,,Wellington Warehouse,550,550,550,1090,0,0,0.01485684
1,BIN-01,1773766480619,Shelf 18,1,Jack's Poly Lead Rope with Snap,Tack & Equipment > Halters & Leads > Lead Ropes,10377-NP,Color: Neon Pink,,,,,Wellington Warehouse,10500,10500,10500,21990,0,0,
3,BIN-02,1773766480620,Shelf 18,2,Jack's Poly Lead Rope with Snap,Tack & Equipment > Halters & Leads > Lead Ropes,10377-PU,Color: Purple,,,,,Wellington Warehouse,10500,10500,10500,21990,0,0,
0,ROW 5 : LVL 2,1774281422020,Supplements 3,2,OGS Equine Organic Gut Solution,Horse Care > Supplements > Digestive & Gut Health,1007,Size: 15 Pounds,,,,,Wellington Warehouse,195370,195370,195370,266640,0,0,
6,BIN-01,1773766480619,Shelf 18,1,Jack's Poly Lead Rope with Snap,Tack & Equipment > Halters & Leads > Lead Ropes,10377-RE,Color: Red,,,,,Wellington Warehouse,10500,10500,10500,21990,0,0,
3,BIN-01,1773766480619,Shelf 18,1,Jack's Poly Lead Rope with Snap,Tack & Equipment > Halters & Leads > Lead Ropes,10377-RY,Color: Royal,,,,,Wellington Warehouse,10500,10500,10500,21990,0,0,
0,BIN-03,1774887638159,Cavali 2,3,Corro Easy-Fit Lightweight Socks,Rider > Accessories & Apparel > Socks,CORRO-SOCKS-S,Size: Small,,,,,Wellington Warehouse,2400,2400,2400,15950,0,0,
0,BIN-03,1774887638159,Cavali 2,3,Corro Easy-Fit Lightweight Socks,Rider > Accessories & Apparel > Socks,CORRO-SOCKS-L,Size: Large,,,,,Wellington Warehouse,2400,2400,2400,15950,0,0,
280,ROW 5 : LVL 3,1774281573049,Grooming/Cavali,3,Corro Hat,,CORRO-HAT-BLK,Color: Black,,,,,Wellington Warehouse,2990,2990,2990,0,0,0,0.011816615
96,BIN-05,1775240098870,Cavali 4,5,Corro Hat,,CORRO-HAT-BLK,Color: Black,,,,,Wellington Warehouse,2990,2990,2990,0,0,0,0.011816615
0,BIN-05,1776354991790,Grooming Small,5,Corro Towel,Horse Care > Grooming & Bathing > Brushes & Tools > Brushes & Combs,CORRO-TOWEL,Title: Default Title,,,,,Wellington Warehouse,520,520,520,8950,0,0,0.03612913
0,BIN-03,1774887638159,Cavali 2,3,Corro Easy-Fit Lightweight Socks,Rider > Accessories & Apparel > Socks,CORRO-SOCKS-M,Size: Medium,,,,,Wellington Warehouse,2400,2400,2400,15950,0,0,
110,BIN-05,1775240098870,Cavali 4,5,Corro Hat,,CORRO-HAT-W,Color: White,,,,,Wellington Warehouse,2990,2990,2990,0,0,0,
560,ROW 5 : LVL 3,1774281573049,Grooming/Cavali,3,Corro Hat,,CORRO-HAT-W,Color: White,,,,,Wellington Warehouse,2990,2990,2990,0,0,0,
3,BIN-04,1767722157720,Shelf 7,4,Cashel Feed Rite Bag,Stable > Stable Supplies > Hay Nets & Bags,FRB-M,Color: Black,Size: Mini,,,,Wellington Warehouse,17000,17000,17000,39990,0,0,
2,BIN-02,1767722157722,Shelf 7,2,Cashel Trailer Door-ganizer,Stable > Stable Organizers > Organizing Bags,TDO-H,Size: Half,,,,,Wellington Warehouse,27500,27500,27500,45990,0,0,
21,LVL 1,1771873985967,Sheets 4,1,Cashel Bridle Bracket,Stable > Stable Organizers > Racks & Hooks,SA-BRACK3,Style: 3 Hook,,,,,Wellington Warehouse,7000,7000,7000,12990,0,0,
2,Grid wall,1770916055031,Girths,1,Cashel Mohair Straight Cinch,Tack & Equipment > Girths & Cinches > Western Cinches,CIN-MS-36,Size: 36-Inch,,,,,Wellington Warehouse,21500,21500,21500,49990,0,0,
2,Grid wall,1770916055031,Girths,1,Cashel Mohair Straight Cinch,Tack & Equipment > Girths & Cinches > Western Cinches,CIN-MS-30,Size: 30-Inch,,,,,Wellington Warehouse,21500,21500,21500,49990,0,0,
1,BIN 1,1776787343289,Spurs,1,Cashel Caveson Crown Channel,"Tack & Equipment > Bridles, Headstalls & Reins > English Bridles & Reins > Bridle Accessories",CCC-II,Size: 2 Inches Wide,,,,,Wellington Warehouse,5000,5000,5000,9990,0,0,0.011314792
0,BIN-03,1768403067587,Shelf 12,3,Cashel Hock Sock,Tack & Equipment > Boots & Wraps > Therapeutic Boots,BHS-BLA-H,Color: Black,,,,,Wellington Warehouse,33000,33000,33000,45990,0,0,
1,BIN-02,1767722157722,Shelf 7,2,Cashel English Saddle Shield,"Tack & Equipment > Bags, Cases & Covers",SSHIELD-BLA-ENG,Title: Default Title,,,,,Wellington Warehouse,23000,23000,23000,41990,0,0,
1,BIN-02,1767722157722,Shelf 7,2,Cashel Trail Kit,"Tack & Equipment > Bags, Cases & Covers",TK-BLA,Color: Black,,,,,Wellington Warehouse,23000,23000,23000,29990,0,0,
9,ROW 3 : LVL 1,1774281147457,Supplements 2,1,Kentucky Equine Research EquiShure,Horse Care > Supplements > Digestive & Gut Health,110128,Size: 1.25 Kilograms,,,Lot #K2531720,2027-05-14,Wellington Warehouse,27860,27860,27860,55050,0,0,0.02101943
5,ROW 2 : LVL 2,1767888398018,Supplements 1,2,Kentucky Equine Research Nano-E,Horse Care > Supplements > Vitamins & Minerals,110125,Size: 450 Milliliters,,,Lot #K253102501301,2026-11-05,Wellington Warehouse,65950,65950,65950,90200,0,0,0.113750935
3,BIN 1,1776787343289,Spurs,1,Belle & Bow Equestrian Children's Riding Gloves,Rider > Accessories & Apparel > Gloves,8531070066765,Size: Small,Color: Black,,,,Wellington Warehouse,12500,12500,12500,25000,0,0,
0,BIN-05,1773766441667,Shelf 16,5,Belle & Bow Equestrian Pony Fancy Stitched Padded Halter,Tack & Equipment > Halters & Leads > Halters > Leather Halters,853337067389,Size: Small Pony,Color: Pink,,,,Wellington Warehouse,45000,45000,45000,99990,0,0,
4,BIN 1,1776787343289,Spurs,1,Belle & Bow Equestrian Children's Riding Gloves,Rider > Accessories & Apparel > Gloves,853107066772,Size: Medium,Color: Black,,,,Wellington Warehouse,12500,12500,12500,25000,0,0,
1,BIN 1,1776787343289,Spurs,1,Belle & Bow Equestrian Children's Riding Gloves,Rider > Accessories & Apparel > Gloves,GLVE01-M-L,Size: Medium,Color: Lavender,,,,Wellington Warehouse,12500,12500,12500,25000,0,0,
1,BIN-01,1768403023955,Shelf 10,1,Hoof Wraps Replacement Pads,Tack & Equipment > Boots & Wraps > Hoof Boots,HWB-002,Quantity: 2-Pack,,,,,Wellington Warehouse,7600,7600,7600,12950,0,0,
0,BIN-01,1775240024369,Cavali 4,1,Belle & Bow Equestrian Bows,Rider > Accessories & Apparel > Accessories,851007066960,Color: Smarties Navy,,,,,Wellington Warehouse,17000,17000,17000,35000,0,0,0.016856078
3,BIN-01,1768403023955,Shelf 10,1,Hoof Wraps Reusable Hoof Bandage with Pad,Tack & Equipment > Boots & Wraps > Hoof Boots,HWB-001,Quantity: Single,,,,,Wellington Warehouse,13650,13650,13650,22950,0,0,0.07715881
0,BIN-01,1768403023955,Shelf 10,1,Hoof Wraps Soaker Kit,Tack & Equipment > Boots & Wraps > Hoof Boots,HWS-010,Title: Default Title,,,,,Wellington Warehouse,19000,19000,19000,39950,0,0,
0,BIN-01,1775240024369,Cavali 4,1,Belle & Bow Equestrian Bows,Rider > Accessories & Apparel > Accessories,853900000126,Color: Bit of Blue,,,,,Wellington Warehouse,17000,17000,17000,35000,0,0,
1,BIN-04,1768403067588,Shelf 12,4,Lami-Cell Elastic Exercise Bandages,Tack & Equipment > Boots & Wraps > Leg Wraps,302285,Color: Navy,Quantity: 2-Pack,,,,Wellington Warehouse,20290,20290,20290,46990,0,0,
0,BIN 1,1776787262020,Bits 2,1,Professional's Choice Bob Avila Sweet Iron Twist Ring Snaffle Bit,Tack & Equipment > Bits > Western Bits,AVB-127,Size: 5 1/4 Inch,,,,,Wellington Warehouse,37000,37000,37000,77990,0,0,
3,COUNTS,1782309291232,COUNTS,1,Equisential Cowboy Spur,Tack & Equipment > Spurs & Straps > Western Spurs,EQSP-100,Title: Default Title,,,,,Wellington Warehouse,45250,45250,45250,77990,0,0,
2,COUNTS,1782309291232,COUNTS,1,Equisential Cowgirl Spur,Tack & Equipment > Spurs & Straps > Western Spurs,EQSP-101,Title: Default Title,,,,,Wellington Warehouse,45250,45250,45250,77990,0,0,
5,BIN 1,1776787262020,Bits 2,1,Pro Choice Equisential D Ring Twisted Wire Bit,Tack & Equipment > Bits > Western Bits,EQB-812,Size: 5 1/4 Inch,,,,,Wellington Warehouse,30750,30750,30750,52990,0,0,
3,Grid wall,1770916055031,Girths,1,Professional's Choice VenTECH Cinch,Tack & Equipment > Girths & Cinches > Western Cinches,CINCH26-BLACK,Size: 26-Inch,Color: Black,,,,Wellington Warehouse,51750,51750,51750,88990,0,0,
3,Grid wall,1770916055031,Girths,1,Professional's Choice Contoured VenTECH Cinch,Tack & Equipment > Girths & Cinches > Western Cinches,CCV-32BLA,Size: 32-Inch,Color: Black,,,,Wellington Warehouse,90000,90000,90000,172990,0,0,
2,Grid wall,1770916055031,Girths,1,Professional's Choice VenTECH Cinch,Tack & Equipment > Girths & Cinches > Western Cinches,CINCH32-BLACK,Size: 32-Inch,Color: Black,,,,Wellington Warehouse,51750,51750,51750,88990,0,0,
4,LVL 3,1770840424778,Blankets 5,3,Professional's Choice VenTECH Cinch,Tack & Equipment > Girths & Cinches > Western Cinches,CINCH32-BLACK,Size: 32-Inch,Color: Black,,,,Wellington Warehouse,51750,51750,51750,88990,0,0,
3,Grid wall,1770916055031,Girths,1,Professional's Choice Contoured VenTECH Cinch,Tack & Equipment > Girths & Cinches > Western Cinches,CCV-34BLA,Size: 34-Inch,Color: Black,,,,Wellington Warehouse,90000,90000,90000,172990,0,0,
2,Grid wall,1770916055031,Girths,1,Professional's Choice VenTECH Cinch,Tack & Equipment > Girths & Cinches > Western Cinches,CINCH36-BLACK,Size: 36-Inch,Color: Black,,,,Wellington Warehouse,51750,51750,51750,88990,0,0,
1,LVL 3,1770840424778,Blankets 5,3,Professional's Choice VenTECH Cinch,Tack & Equipment > Girths & Cinches > Western Cinches,CINCH36-BLACK,Size: 36-Inch,Color: Black,,,,Wellington Warehouse,51750,51750,51750,88990,0,0,
3,Grid wall,1770916055031,Girths,1,Professional's Choice Contoured VenTECH Cinch,Tack & Equipment > Girths & Cinches > Western Cinches,CCV-26BLA,Size: 26-Inch,Color: Black,,,,Wellington Warehouse,90000,90000,90000,172990,0,0,
1,Grid wall,1770916055031,Girths,1,Professional's Choice VenTECH Cinch,Tack & Equipment > Girths & Cinches > Western Cinches,CINCH24-BLACK,Size: 24-Inch,Color: Black,,,,Wellington Warehouse,51750,51750,51750,88990,0,0,
6,LVL 3,1770840424778,Blankets 5,3,Professional's Choice VenTECH Cinch,Tack & Equipment > Girths & Cinches > Western Cinches,CINCH24-BLACK,Size: 24-Inch,Color: Black,,,,Wellington Warehouse,51750,51750,51750,88990,0,0,
1,BIN 1,1776787262020,Bits 2,1,Pro Choice Equisential O Ring Twisted Wire Dogbone Bit,Tack & Equipment > Bits > Western Bits,EQB-821,Size: 5 1/4 Inch,,,,,Wellington Warehouse,30750,30750,30750,52990,0,0,
2,Grid wall,1770916055031,Girths,1,Professional's Choice VenTECH Cinch,Tack & Equipment > Girths & Cinches > Western Cinches,CINCH28-BLACK,Size: 28-Inch,Color: Black,,,,Wellington Warehouse,51750,51750,51750,88990,0,0,
0,BIN 1,1776787262020,Bits 2,1,Pro Choice Equisential O Ring Snaffle with Smooth Dogbone Bit,Tack & Equipment > Bits > Western Bits,EQB-820,Size: 5 1/4 Inch,,,,,Wellington Warehouse,30750,30750,30750,52990,0,0,0.03817574
2,BIN-01,1767553027607,Shelf 4,1,Thinline Flexible Filly Closed Front Splint Boots,Tack & Equipment > Boots & Wraps > Protective Boots > Front Boots,4006-W-M,Size: Medium,Color: White,,,,Wellington Warehouse,50000,50000,50000,89990,0,0,
3,BIN-01,1767553027607,Shelf 4,1,Thinline Flexible Filly Closed Front Splint Boots,Tack & Equipment > Boots & Wraps > Protective Boots > Front Boots,4006-W-L,Size: Large,Color: White,,,,Wellington Warehouse,50000,50000,50000,89990,0,0,
2,BIN-02,1777314699039,Shelf 20,2,Professional's Choice Ranch Roper Breast Collar,Tack & Equipment > Martingales & Breastplates,RH1168HO,Color: Heavy Oil,,,,,Wellington Warehouse,112250,112250,112250,194990,0,0,
3,BIN-01,1767553027607,Shelf 4,1,Thinline Flexible Filly Closed Front Splint Boots,Tack & Equipment > Boots & Wraps > Protective Boots > Front Boots,4006-B-M,Size: Medium,Color: Black,,,,Wellington Warehouse,50000,50000,50000,89990,0,0,
4,BIN-01,1767553027607,Shelf 4,1,Thinline Flexible Filly Closed Front Splint Boots,Tack & Equipment > Boots & Wraps > Protective Boots > Front Boots,4006-B-L,Size: Large,Color: Black,,,,Wellington Warehouse,50000,50000,50000,89990,0,0,
1,BIN-03,1777314699040,Shelf 20,3,Professional's Choice Schutz Collection Quiet Control Split Reins,"Tack & Equipment > Bridles, Headstalls & Reins > Western Headstalls & Reins > Reins",7802BRN,Color: Brown,,,,,Wellington Warehouse,37500,37500,37500,64990,0,0,
2,BIN-03,1777314699040,Shelf 20,3,Professional's Choice Schutz Collection Quiet Control Single Rein,"Tack & Equipment > Bridles, Headstalls & Reins > Western Headstalls & Reins > Reins",7800PUR,Color: Purple,,,,,Wellington Warehouse,30250,30250,30250,54990,0,0,
1,BIN-04,1777314699041,Shelf 20,4,Professional's Choice Ranch Browband Buckle Headstall,"Tack & Equipment > Bridles, Headstalls, & Reins > Western Headstalls & Reins > Headstalls",RH5046HO,Color: Heavy Oil,,,,,Wellington Warehouse,34250,34250,34250,59990,0,0,
2,BIN-02,1777314699039,Shelf 20,2,Professional's Choice Schutz Collection German Martingale Split Reins,Tack & Equipment > Martingales & Breastplates,AD8059HL,Color: Oak,,,,,Wellington Warehouse,93500,93500,93500,160990,0,0,
1,BIN-04,1777314699041,Shelf 20,4,Professional's Choice Beaded One-Ear Headstall,"Tack & Equipment > Bridles, Headstalls, & Reins > Western Headstalls & Reins > Headstalls",3P1009N,Color: Natural,,,,,Wellington Warehouse,49990,49990,49990,89990,0,0,
2,BIN-04,1777314699041,Shelf 20,4,Professional's Choice Beaded Noseband Tiedown,"Tack & Equipment > Bridles, Headstalls, & Reins > Western Headstalls & Reins > Headstalls",3P5009N,Color: Natural,,,,,Wellington Warehouse,19990,19990,19990,37990,0,0,
4,BIN-02,1777314699039,Shelf 20,2,Professional's Choice Cross Stitch Breast Collar,Tack & Equipment > Martingales & Breastplates,3P6015,Color: Chestnut,,,,,Wellington Warehouse,62000,62000,62000,109990,0,0,
4,BIN 1,1776787262019,Bits 1,1,Professional's Choice Pineapple Knot Curb/Bit Hobble,Tack & Equipment > Bits > Bit Accessories,RH9103-PK,Color: Heavy Oil,,,,,Wellington Warehouse,10750,10750,10750,19950,0,0,
0,LVL 1,1770747610172,Saddle Pads 4,1,Professional's Choice Comfort Fit Wool Saddle Pad,Tack & Equipment > Saddle Pads > Western Saddle Pads & Liners,PCWFP200-TAN,Size: 31 Inches x 32 Inches,Color: Tan,Thickness: 1 Inch,,,Wellington Warehouse,95750,95750,95750,164990,0,0,0.036043517
1,BIN-05,1767812231222,Shelf 8,5,5/A Baker Turnout Sheet,Horse Wear > Blankets & Sheets > Turnout Blankets & Sheets > Sheets,7004-84,Size: 84-Inch,,,,,Wellington Warehouse,111000,111000,111000,199950,0,0,
1,BIN-05,1767812231222,Shelf 8,5,5/A Baker Turnout Sheet,Horse Wear > Blankets & Sheets > Turnout Blankets & Sheets > Sheets,7004-72,Size: 72-Inch,,,,,Wellington Warehouse,111000,111000,111000,199950,0,0,
1,BIN-05,1767812231222,Shelf 8,5,5/A Baker Original Stable Blanket,Horse Wear > Blankets & Sheets > Stable Blankets & Sheets > Medium Weight,7000-BAP-BAP-72-STD,Size: 72-Inch,,,,,Wellington Warehouse,128000,128000,128000,230950,0,0,
1,BIN-05,1767812231222,Shelf 8,5,5/A Baker Fleece Dress Sheet,"Horse Wear > Blankets & Sheets > Coolers, Fleece & Covers",7018-BAP-BAP-82-1,Size: 82-Inch,,,,,Wellington Warehouse,89000,89000,89000,160950,0,0,
11,ROW 4 : LVL 2,1774281147462,Supplements 2,2,AniMed Mag-Right,Horse Care > Supplements > Vitamins & Minerals,90594,Size: 2 Pounds,,,,,Wellington Warehouse,17220,17220,17220,30990,0,0,0.01826488
2,ROW 3 : LVL 2,1774281614627,Grooming/Tack Cleaner,2,Effax Glycerin-Soap,Tack & Equipment > Leather Care,12602000,Size: 250 Milliliters,,,,,Wellington Warehouse,9500,9500,9500,14990,0,0,0.026360083
1,BIN 1,1776787211212,Gloves,1,EasyCare Easyboot Replacement Snug Strap,Tack & Equipment > Boots & Wraps > Accessories,SB-RSS-XS,Size: Extra Small/200 Millimeters,,,,,Wellington Warehouse,6180,6180,6180,11000,0,0,
31,ROW 2 : LVL 1,1774281650391,Hoof/Treats,1,Kong Equine Mega Wubba Horse Toy,Horse Care > Treats & Toys > Toys & Licks,WBM,Size: 12 Inches,Color: Assorted,,,,Wellington Warehouse,13520,13520,13520,29990,0,0,0.22609903
1,COUNTS,1782309291232,COUNTS,1,Toklat Prince of Wales Canted Spur,Tack & Equipment > Spurs & Straps > English Spurs,88-1129,Size: 1-Inch,Style: Men's,,,,Wellington Warehouse,15950,15950,15950,24990,0,0,0.02763733
2,COUNTS,1782309291232,COUNTS,1,Toklat Prince of Wales Canted Spur,Tack & Equipment > Spurs & Straps > English Spurs,88-1128,Size: 1-Inch,Style: Ladies',,,,Wellington Warehouse,15950,15950,15950,24990,0,0,
1,COUNTS,1782309291232,COUNTS,1,Toklat Hammerhead Spur,Tack & Equipment > Spurs & Straps > English Spurs,88-1140,Size: 3/4-Inch,Style: Ladies',,,,Wellington Warehouse,16950,16950,16950,24990,0,0,
3,COUNTS,1782309291232,COUNTS,1,Toklat Prince of Wales Spur,Tack & Equipment > Spurs & Straps > English Spurs,88-1802,Size: 1-Inch,Style: Ladies',,,,Wellington Warehouse,15950,15950,15950,24990,0,0,
3,COUNTS,1782309291232,COUNTS,1,Toklat Prince of Wales Canted Spur,Tack & Equipment > Spurs & Straps > English Spurs,88-1130,Size: 1 1/4-Inch,Style: Ladies',,,,Wellington Warehouse,15950,15950,15950,24990,0,0,
5,COUNTS,1782309291232,COUNTS,1,Toklat Prince of Wales Spur,Tack & Equipment > Spurs & Straps > English Spurs,88-1801,Size: 1-Inch,Style: Men's,,,,Wellington Warehouse,15950,15950,15950,24990,0,0,
1,COUNTS,1782309291232,COUNTS,1,Toklat Prince of Wales Canted Spur,Tack & Equipment > Spurs & Straps > English Spurs,88-1131,Size: 1 1/4-Inch,Style: Men's,,,,Wellington Warehouse,15950,15950,15950,24990,0,0,
2,COUNTS,1782309291232,COUNTS,1,Toklat Prince of Wales Spur,Tack & Equipment > Spurs & Straps > English Spurs,88-1805,Size: 1 1/4-Inch,Style: Ladies',,,,Wellington Warehouse,15950,15950,15950,24990,0,0,
0,COUNTS,1782309291232,COUNTS,1,Toklat Hammerhead Spur,Tack & Equipment > Spurs & Straps > English Spurs,88-1143,Size: 3/4-Inch,Style: Men's,,,,Wellington Warehouse,16950,16950,16950,24990,0,0,0.02763733
2,COUNTS,1782309291232,COUNTS,1,Toklat Fine Rowel Spur,Tack & Equipment > Spurs & Straps > English Spurs,88-1134,Size: 1 1/2-Inch,Style: Ladies',,,,Wellington Warehouse,16950,16950,16950,25990,0,0,
4,COUNTS,1782309291232,COUNTS,1,Toklat Prince of Wales Tom Thumb Spur,Tack & Equipment > Spurs & Straps > English Spurs,88-1803,Size: 1/2-Inch,Style: Ladies',,,,Wellington Warehouse,15950,15950,15950,24990,0,0,
3,COUNTS,1782309291232,COUNTS,1,Toklat Prince of Wales Tom Thumb Spurs,Tack & Equipment > Spurs & Straps > English Spurs,88-1125,Size: 1/2-Inch,Style: Youth,,,,Wellington Warehouse,15950,15950,15950,24990,0,0,
1,COUNTS,1782309291232,COUNTS,1,Toklat Humane Spur,Tack & Equipment > Spurs & Straps > English Spurs,88-1812,Size: 1-Inch,Style: Ladies',,,,Wellington Warehouse,15950,15950,15950,24990,0,0,
1,COUNTS,1782309291232,COUNTS,1,Toklat Stainless Steel Roping Spur with 1-Inch Band,Tack & Equipment > Spurs & Straps > Western Spurs,88-8821,Size: 2-Inch,Style: Men's,,,,Wellington Warehouse,29950,29950,29950,39990,0,0,
1,COUNTS,1782309291232,COUNTS,1,Toklat Humane Spur,Tack & Equipment > Spurs & Straps > English Spurs,88-1810,Size: 1 3/4-Inch,Style: Ladies',,,,Wellington Warehouse,15950,15950,15950,24990,0,0,
0,BIN 1,1776787343289,Spurs,1,Pomms Original,Tack & Equipment > Ear Plugs & Bonnets > Ear Plugs,1000_EHI,Size: Horse,Color: Black,,,,Wellington Warehouse,6500,6500,6500,11000,0,0,0.05796681
5,BIN 1,1776787343289,Spurs,1,"Pomms Smooth Style, 4 Pack",Tack & Equipment > Ear Plugs & Bonnets > Ear Plugs,1301,Size: Pony,Color: Black,,,,Wellington Warehouse,6500,6500,6500,13990,0,0,
0,COUNTS,1782309291232,COUNTS,1,Men's Toklat Premium 1/2-Inch Spur Strap,Tack & Equipment > Spurs & Straps > Spur Straps,88-1508M,Color: Black,Style: Men's,,,,Wellington Warehouse,10500,10500,10500,18990,0,0,0.02763733
3,BIN 1,1776787262019,Bits 1,1,The Original Bit Butter,Tack & Equipment > Bits > Bit Accessories,2000,Size: 4 Ounces,,,,,Wellington Warehouse,11500,11500,11500,20000,0,0,
1,BIN 1,1776787343289,Spurs,1,"Pomms Smooth Style, 4 Pack",Tack & Equipment > Ear Plugs & Bonnets > Ear Plugs,1300,Size: Horse,Color: Black,,,,Wellington Warehouse,5670,5670,5670,13990,0,0,
15,BIN 1,1776787343289,Spurs,1,Pomms Original,Tack & Equipment > Ear Plugs & Bonnets > Ear Plugs,1001_EHI,Size: Pony,Color: Black,,,,Wellington Warehouse,6500,6500,6500,8990,0,0,0.017941244
2,BIN 1,1776787211212,Gloves,1,Toklat Peacock Safety Stirrup Irons,Tack & Equipment > Stirrups & Leathers > English Stirrups,88-1514-1,Size: 4 Inches,,,,,Wellington Warehouse,28950,28950,28950,44990,0,0,
1,BIN 1,1776787211212,Gloves,1,Toklat Peacock Safety Stirrup Irons,Tack & Equipment > Stirrups & Leathers > English Stirrups,88-1514-2,Size: 4 1/4 Inches,,,,,Wellington Warehouse,28950,28950,28950,44990,0,0,
18,BIN 1,1776787211212,Gloves,1,Toklat Replacement Leathers for Peacock Stirrups,Tack & Equipment > Stirrups & Leathers > Stirrup Leathers & Accessories,88-1514PL,Quantity: 1 Pair,,,,,Wellington Warehouse,1750,1750,1750,3500,0,0,
7,BIN 1,1776787211212,Gloves,1,Toklat Replacement Rubber Rings for Peacock Stirrups.,Tack & Equipment > Stirrups & Leathers > Stirrup Leathers & Accessories,88-1514-5,Quantity: 1 Pair,,,,,Wellington Warehouse,1950,1950,1950,4490,0,0,
1,BIN 1,1776787211212,Gloves,1,Toklat Fillis Stirrup Irons,Tack & Equipment > Stirrups & Leathers > English Stirrups,88-1515-3,Size: 4 1/2 Inches,,,,,Wellington Warehouse,28950,28950,28950,39990,0,0,
2,BIN 1,1776787211212,Gloves,1,Toklat Fillis Stirrup Irons,Tack & Equipment > Stirrups & Leathers > English Stirrups,88-1515-2,Size: 4 1/4 Inches,,,,,Wellington Warehouse,28950,28950,28950,39990,0,0,
1,BIN 1,1776787211212,Gloves,1,Toklat Peacock Safety Stirrup Irons,Tack & Equipment > Stirrups & Leathers > English Stirrups,88-1514-3,Size: 4 1/2 Inches,,,,,Wellington Warehouse,28950,28950,28950,44990,0,0,
4,BIN 1,1776787211212,Gloves,1,EasyCare Easyboot Epic Replacement Gaiter,Tack & Equipment > Boots & Wraps > Accessories,SB-EASYGAIT4,Size: 4,,,,,Wellington Warehouse,20470,20470,20470,32950,0,0,
1,BIN 1,1776787262019,Bits 1,1,Toklat Loose Ring Thin Mouth Snaffle,Tack & Equipment > Bits > English Bits,88-15105,Size: 5-Inch,,,,,Wellington Warehouse,14950,14950,14950,21990,0,0,
0,BIN 1,1776787262019,Bits 1,1,Toklat Thin D-Ring Snaffle,Tack & Equipment > Bits > English Bits,88-18325,Size: 5-Inch,,,,,Wellington Warehouse,21950,21950,21950,29990,0,0,
2,BIN 1,1776787211212,Gloves,1,Toklat Fillis Stirrup Pads,Tack & Equipment > Stirrups & Leathers > Stirrup Leathers & Accessories,88-1515PB-4,Size: 4 3/4 Inches,Color: Black,,,,Wellington Warehouse,2950,2950,2950,5990,0,0,
0,BIN 1,1776787262019,Bits 1,1,Toklat Full Cheek Snaffle,Tack & Equipment > Bits > English Bits,88-15255,Size: 5-Inch,,,,,Wellington Warehouse,22950,22950,22950,37990,0,0,
0,BIN 1,1776787262019,Bits 1,1,Toklat 16mm Eggbutt French Link Snaffle,Tack & Equipment > Bits > English Bits,88-15195,Size: 5-Inch,,,,,Wellington Warehouse,21950,21950,21950,34990,0,0,
0,BIN 1,1776787262019,Bits 1,1,Toklat 16mm 3-Piece Eggbutt Snaffle,Tack & Equipment > Bits > English Bits,88-18385,Size: 5-Inch,,,,,Wellington Warehouse,29500,29500,29500,49990,0,0,
0,BIN 1,1776787262019,Bits 1,1,Toklat 16mm Eggbutt French Link Snaffle,Tack & Equipment > Bits > English Bits,88-15197,Size: 5 1/2-Inch,,,,,Wellington Warehouse,21950,21950,21950,34990,0,0,
0,BIN 1,1776787262019,Bits 1,1,Toklat 16mm Eggbutt Snaffle with 3 1/2-Inch Ring,Tack & Equipment > Bits > English Bits,88-15205,Size: 5-Inch,,,,,Wellington Warehouse,20950,20950,20950,34990,0,0,
1,BIN 1,1776787211212,Gloves,1,Toklat Fillis Stirrup Pads,Tack & Equipment > Stirrups & Leathers > Stirrup Leathers & Accessories,88-1515P-1,Size: 4 Inches,Color: White,,,,Wellington Warehouse,2950,2950,2950,5990,0,0,
0,BIN 1,1776787262019,Bits 1,1,Toklat 16mm Eggbutt Snaffle with 3 1/2-Inch Ring,Tack & Equipment > Bits > English Bits,88-15207,Size: 5 1/2-Inch,,,,,Wellington Warehouse,20950,20950,20950,34990,0,0,
4,BIN 1,1776787211212,Gloves,1,Toklat Fillis Stirrup Pads,Tack & Equipment > Stirrups & Leathers > Stirrup Leathers & Accessories,88-1515PB-1,Size: 4 Inches,Color: Black,,,,Wellington Warehouse,2950,2950,2950,5990,0,0,
1,BIN 1,1776787211212,Gloves,1,Toklat Flexible Stirrup Irons,Tack & Equipment > Stirrups & Leathers > English Stirrups,88-1517-3,Size: 4 1/2 Inches,,,,,Wellington Warehouse,31500,31500,31500,49990,0,0,0.03647733
0,BIN 1,1776787262019,Bits 1,1,Toklat 16mm 3-Piece Eggbutt Snaffle,Tack & Equipment > Bits > English Bits,88-18387,Size: 5 1/2-Inch,,,,,Wellington Warehouse,29500,29500,29500,49990,0,0,
3,BIN 1,1776787211212,Gloves,1,Toklat Fillis Stirrup Pads,Tack & Equipment > Stirrups & Leathers > Stirrup Leathers & Accessories,88-1515P-5,Size: 5 Inches,Color: White,,,,Wellington Warehouse,2950,2950,2950,5990,0,0,
1,BIN 1,1776787211212,Gloves,1,Toklat Fillis Stirrup Pads,Tack & Equipment > Stirrups & Leathers > Stirrup Leathers & Accessories,88-1515P-4,Size: 4 3/4 Inches,Color: White,,,,Wellington Warehouse,2950,2950,2950,5990,0,0,
0,BIN 1,1776787262020,Bits 2,1,Toklat Western D-Ring Snaffle,Tack & Equipment > Bits > Western Bits,88-18705,Size: 5-Inch,,,,,Wellington Warehouse,23500,23500,23500,39950,0,0,
0,BIN 1,1776787262019,Bits 1,1,Toklat Heavy English Double Link Curb Chain,Tack & Equipment > Bits > Bit Accessories,88-2500,Title: Default Title,,,,,Wellington Warehouse,7500,7500,7500,12990,0,0,0.014889283
0,BIN 1,1776787262020,Bits 2,1,Toklat Stainless Steel Tom Thumb Shank with Curb Ring and Snaffle Mouthpiece,Tack & Equipment > Bits > Western Bits,88-51107,Size: 5 1/2-Inch,,,,,Wellington Warehouse,23950,23950,23950,37990,0,0,
0,BIN 1,1776787262019,Bits 1,1,"Toklat 12mm Snaffle with 3"" Rings",Tack & Equipment > Bits > English Bits,88-29035,Size: 5-Inch,,,,,Wellington Warehouse,12950,12950,12950,19990,0,0,
0,BIN 1,1776787262019,Bits 1,1,Toklat Stainless Steel Hunt D-Ring Snaffle,Tack & Equipment > Bits > English Bits,88-55205,Size: 5-Inch,,,,,Wellington Warehouse,19950,19950,19950,39950,0,0,0.011602909
0,BIN 1,1776787262019,Bits 1,1,"Toklat 12mm Snaffle with 3"" Rings",Tack & Equipment > Bits > English Bits,88-29037,Size: 5 1/2-Inch,,,,,Wellington Warehouse,12950,12950,12950,19990,0,0,
1,BIN 1,1776787262020,Bits 2,1,Toklat Swept Back Shank with Curb Ring and Stainless Steel/Copper Roller Mouthpiece,Tack & Equipment > Bits > Western Bits,88-51255,Size: 5-Inch,,,,,Wellington Warehouse,28500,28500,28500,39950,0,0,
0,BIN 1,1776787262019,Bits 1,1,"Toklat 12mm Snaffle with 3"" Rings",Tack & Equipment > Bits > English Bits,88-29036,Size: 5 1/4-Inch,,,,,Wellington Warehouse,12950,12950,12950,19990,0,0,0.013230708
0,BIN 1,1776787262019,Bits 1,1,Toklat Stainless Steel Hunt D-Ring Snaffle,Tack & Equipment > Bits > English Bits,88-55206,Size: 5 1/4-Inch,,,,,Wellington Warehouse,19950,19950,19950,39950,0,0,
0,BIN 1,1776787262019,Bits 1,1,Toklat Slow Twist Hunt D-Ring,Tack & Equipment > Bits > English Bits,88-55277,Size: 5 1/2-Inch,,,,,Wellington Warehouse,22950,22950,22950,39990,0,0,
1,LVL 3,1771259569148,Blankets 7,3,Rambo Stable Sheet with Embossed Lining (No Fill),Horse Wear > Blankets & Sheets > Stable Blankets & Sheets > Lightweight,ADAAAC-BBW0-69,Size: 69,Color: Navy,,,,Wellington Warehouse,68000,68000,68000,99990,0,0,
1,LVL 3,1771259569148,Blankets 7,3,Rambo Stable Sheet with Embossed Lining (No Fill),Horse Wear > Blankets & Sheets > Stable Blankets & Sheets > Lightweight,ADAAAC-BBW0-60,Size: 60,Color: Navy,,,,Wellington Warehouse,68000,68000,68000,99990,0,0,
6,LVL 3,1771259569148,Blankets 7,3,Rambo Stable Blanket with Microfiber Lining (200g Medium),Horse Wear > Blankets & Sheets > Stable Blankets & Sheets > Medium Weight,ABAAA3-BBW0-75,Size: 75,Color: Navy,,,,Wellington Warehouse,89000,89000,89000,129990,0,0,
1,LVL 3,1771259569148,Blankets 7,3,Rambo Stable Blanket with Microfiber Lining (200g Medium),Horse Wear > Blankets & Sheets > Stable Blankets & Sheets > Medium Weight,ABAAA3-BBW0-60,Size: 60,Color: Navy,,,,Wellington Warehouse,89000,89000,89000,129990,0,0,
2,LVL 3,1771259569148,Blankets 7,3,Rambo Stable Sheet with Embossed Lining (No Fill),Horse Wear > Blankets & Sheets > Stable Blankets & Sheets > Lightweight,ADAAAC-BBW0-72,Size: 72,Color: Navy,,,,Wellington Warehouse,68000,68000,68000,99990,0,0,
4,LVL 3,1771259569148,Blankets 7,3,Rambo Stable Blanket with Microfiber Lining (200g Medium),Horse Wear > Blankets & Sheets > Stable Blankets & Sheets > Medium Weight,ABAAA3-BBW0-87,Size: 87,Color: Navy,,,,Wellington Warehouse,89000,89000,89000,129990,0,0,
1,LVL 3,1771259569148,Blankets 7,3,Rambo Stable Sheet with Embossed Lining (No Fill),Horse Wear > Blankets & Sheets > Stable Blankets & Sheets > Lightweight,ADAAAC-BBW0-87,Size: 87,Color: Navy,,,,Wellington Warehouse,68000,68000,68000,99990,0,0,
3,LVL 3,1771259569148,Blankets 7,3,Rambo Stable Sheet with Embossed Lining (No Fill),Horse Wear > Blankets & Sheets > Stable Blankets & Sheets > Lightweight,ADAAAC-BBW0-63,Size: 63,Color: Navy,,,,Wellington Warehouse,68000,68000,68000,99990,0,0,
0,BIN 1,1776787262020,Bits 2,1,Toklat Tom Thumb with Large Copper Roller,Tack & Equipment > Bits > Western Bits,88-93235,Size: 5-Inch,,,,,Wellington Warehouse,26500,26500,26500,39990,0,0,
2,LVL 3,1771259569148,Blankets 7,3,Rambo Stable Blanket with Microfiber Lining (200g Medium),Horse Wear > Blankets & Sheets > Stable Blankets & Sheets > Medium Weight,ABAAA3-BBW0-66,Size: 66,Color: Navy,,,,Wellington Warehouse,89000,89000,89000,129990,0,0,
13,ROW 4 : LVL 3,1774281545043,Grooming,3,EQyss Avocado Mist Conditioning Spray,"Horse Care > Grooming & Bathing > Shampoos, Conditioners & Sprays > Detanglers, Shines & Sprays",10260,Size: 1 Gallon,,,,,Wellington Warehouse,44780,44780,44780,59990,0,0,0.0387861
2,ROW 4 : LVL 3,1774281545043,Grooming,3,EQyss Premier Coat Moisturizing & Conditioning Spray,"Horse Care > Grooming & Bathing > Shampoos, Conditioners & Sprays > Detanglers, Shines & Sprays",10255,Size: 1 Gallon,,,,,Wellington Warehouse,34780,34780,34780,59990,0,0,
22,ROW 4 : LVL 3,1774281545043,Grooming,3,EQyss Avocado Mist Conditioning Spray,"Horse Care > Grooming & Bathing > Shampoos, Conditioners & Sprays > Detanglers, Shines & Sprays",10265,Size: 32 Ounces,,,,,Wellington Warehouse,13770,13930,14010,20950,0,0,0.05677725
3,BIN 1,1776787211212,Gloves,1,Herm Sprenger Flexcite Stirrups,Tack & Equipment > Stirrups & Leathers > English Stirrups,44288 122 55,Size: 4 3/4 Inches,Style: Grey/Black Pad,,,,Wellington Warehouse,140200,140200,140200,266100,0,0,0.12811494
0,BIN-04,1768403067588,Shelf 12,4,EquiFit Standing Bandage,Tack & Equipment > Boots & Wraps > Leg Wraps,20008,Title: Default Title,,,,,Wellington Warehouse,36000,36000,36000,72000,0,0,
0,BIN-04,1768403067588,Shelf 12,4,EquiFit PasternWrap,Tack & Equipment > Boots & Wraps > Leg Wraps,02011-WD,Size: Wide,,,,,Wellington Warehouse,15290,15290,15290,34000,0,0,1
0,BIN-04,1768403067588,Shelf 12,4,EquiFit PasternWrap,Tack & Equipment > Boots & Wraps > Leg Wraps,02011-REG,Size: Regular,,,,,Wellington Warehouse,15290,15290,15290,34000,0,0,
4,BIN 1,1776787211212,Gloves,1,Herm Sprenger Exclusive Stirrup Leathers,Tack & Equipment > Stirrups & Leathers > Stirrup Leathers & Accessories,49196 150 00,Size: 150 Centimeters,Color: Black,,,,Wellington Warehouse,47500,47500,47500,59990,0,0,0.015166954
2,BIN 1,1776787211212,Gloves,1,EquiFit No Hassle TailWrap,Horse Care > Grooming & Bathing > Tails & Tail Bags,1279,Color: Black,,,,,Wellington Warehouse,20090,20090,20090,41000,0,0,
2,BIN-04,1777314709514,Shelf 21,4,EquiFit SilentFit HeadsUp Bonnet,Tack & Equipment > Ear Plugs & Bonnets > Bonnets,52586-H-BLK,Size: Horse,Color: Black,,,,Wellington Warehouse,73000,73000,73000,143000,0,0,
1,BIN-04,1777314709514,Shelf 21,4,EquiFit HeadsUp Bonnet,Tack & Equipment > Ear Plugs & Bonnets > Bonnets,52585-H-BLK,Size: Horse,Color: Black,,,,Wellington Warehouse,66950,66950,66950,138000,0,0,
1,BIN-04,1777314709514,Shelf 21,4,EquiFit HeadsUp Bonnet,Tack & Equipment > Ear Plugs & Bonnets > Bonnets,52585-OS-BLK,Size: Oversized,Color: Black,,,,Wellington Warehouse,66950,66950,66950,138000,0,0,
1,BIN-04,1777314709514,Shelf 21,4,EquiFit SilentFit HeadsUp Bonnet,Tack & Equipment > Ear Plugs & Bonnets > Bonnets,52586-OS-BLK,Size: Oversized,Color: Black,,,,Wellington Warehouse,73000,73000,73000,143000,0,0,
2,BIN-04,1777314709514,Shelf 21,4,EquiFit HeadsUp Bonnet,Tack & Equipment > Ear Plugs & Bonnets > Bonnets,52585-C-BLK,Size: Cobb,Color: Black,,,,Wellington Warehouse,66950,66950,66950,138000,0,0,
0,ROW 3 : LVL 1,1774281545036,Grooming,1,EnviroEquine Stain Away Spray,"Horse Care > Grooming & Bathing > Shampoos, Conditioners, & Sprays > Stain Removers",691037928071,Size: 1 Gallon,,,,,Wellington Warehouse,51970,51970,51970,79950,0,0,
10,ROW 3 : LVL 1,1774281545036,Grooming,1,EnviroEquine Show Ring Ready Shampoo,"Horse Care > Grooming & Bathing > Shampoos, Conditioners, & Sprays > Shampoos",691037928002,Size: 32 Ounces,,,,,Wellington Warehouse,22720,22720,22720,34950,0,0,
0,ROW 3 : LVL 1,1774281545036,Grooming,1,EnviroEquine Stain Away Spray,"Horse Care > Grooming & Bathing > Shampoos, Conditioners, & Sprays > Stain Removers",691037928070,Size: 32 Ounces,,,,,Wellington Warehouse,22720,22720,22720,34950,0,0,1
1,BIN-04,1767722157720,Shelf 7,4,Kensington Grooming Tote,Horse Care > Grooming & Bathing > Brushes & Tools > Grooming Bags,KGT-500,Color: Desert Sand,,,,,Wellington Warehouse,14000,14000,14000,27990,0,0,
2,ROW 1 : LVL 2,1774281650388,Hoof/Treats,2,EnviroEquine CocoTea Hoof Oil,Horse Care > Grooming & Bathing > Hoof Oils & Conditioner,707129259448,Size: 16 Ounces,,,,,Wellington Warehouse,26000,26000,26000,39950,0,0,0.1729755
1,BIN-01,1767722157718,Shelf 7,1,Kensington Aisle Guard,Stable > Stable Supplies > Misc,KXAG-2019,Color: Imperial Jade,,,,,Wellington Warehouse,100000,100000,100000,199990,0,0,
4,BIN-01,1767722157718,Shelf 7,1,Kensington Stall Door Guard with Hardware,Stable > Stable Supplies > Stall Supplies,KDSG2019,Color: Imperial Jade,,,,,Wellington Warehouse,67500,67500,67500,119990,0,0,
1,BIN-01,1767722157718,Shelf 7,1,Kensington Stall Door Guard with Hardware,Stable > Stable Supplies > Stall Supplies,KDSG500,Color: Desert Sand,,,,,Wellington Warehouse,67500,67500,67500,119990,0,0,0.014815317
0,BIN-04,1767722157720,Shelf 7,4,Kensington Grooming Tote,Horse Care > Grooming & Bathing > Brushes & Tools > Grooming Bags,KGT-2017,Color: Imperial Jade,,,,,Wellington Warehouse,14000,14000,14000,27990,0,0,
3,BIN-01,1767722157718,Shelf 7,1,Kensington Aisle Guard,Stable > Stable Supplies > Misc,KXAG-121,Color: Deluxe Black,,,,,Wellington Warehouse,100000,100000,100000,199990,0,0,
6,BIN-04,1767722157720,Shelf 7,4,Kensington Grooming Tote,Horse Care > Grooming & Bathing > Brushes & Tools > Grooming Bags,KGT-181,Color: Kentucky Blue,,,,,Wellington Warehouse,14000,14000,14000,27990,0,0,
5,ROW 5 : LVL 4,1769190184154,Fly sprays,4,EnviroEquine Fly Spray Plus,Horse Care > Fly & Insect Control > Fly Sprays & Traps,707129259394,Size: 1 Gallon,,,,,Wellington Warehouse,52000,52000,52000,79950,0,0,
5,BIN-04,1767722157720,Shelf 7,4,Kensington Grooming Tote,Horse Care > Grooming & Bathing > Brushes & Tools > Grooming Bags,KGT-2019,Color: Lavender Mint,,,,,Wellington Warehouse,14000,14000,14000,27990,0,0,
3,BIN-03,1767452692384,Shelf 2,3,"Kensington Uviator CatchMask with Ears, Removable Nose, & Forelock Opening",Horse Wear > Fly & Insect Control > Fly Masks,KCM421-L-2017,Size: Large - Average,Color: Lavender Mint,,,,Wellington Warehouse,50000,50000,50000,99990,0,0,0.0585735
11,BIN-03,1767452692384,Shelf 2,3,"Kensington Uviator CatchMask with Ears, Removable Nose, & Forelock Opening",Horse Wear > Fly & Insect Control > Fly Masks,KCM421-M-181,Size: Medium - Small Horse,Color: Kentucky  Blue,,,,Wellington Warehouse,50000,50000,50000,99990,0,0,0.0195245
3,BIN-03,1767452692384,Shelf 2,3,"Kensington Uviator CatchMask with Ears, Removable Nose, & Forelock Opening",Horse Wear > Fly & Insect Control > Fly Masks,KCM421-L-181,Size: Large - Average,Color: Kentucky  Blue,,,,Wellington Warehouse,50000,50000,50000,99990,0,0,
0,BIN-05,1767466772771,Shelf 3,5,Kensington Mini/Pony Bubble Fly Boots,Horse Wear > Fly & Insect Control > Fly Boots,KMPBFB-M-121,Quantity: Set of 4,Color: Deluxe Black,,,,Wellington Warehouse,25000,25000,25000,38400,0,0,0.025831608
7,BIN-03,1767452692384,Shelf 2,3,"Kensington Uviator CatchMask with Ears, Removable Nose, & Forelock Opening",Horse Wear > Fly & Insect Control > Fly Masks,KCM421-XL-181,Size: Extra Large - Large Horse,Color: Kentucky  Blue,,,,Wellington Warehouse,50000,50000,50000,99990,0,0,0.011552991
0,BIN-05,1767466772771,Shelf 3,5,Kensington Mini/Pony Bubble Fly Boots,Horse Wear > Fly & Insect Control > Fly Boots,KMPBFB-M-181,Quantity: Set of 4,Color: Kentucky Blue,,,,Wellington Warehouse,25000,25000,25000,38400,0,0,0.014447932
0,BIN-03,1767452692384,Shelf 2,3,"Kensington Uviator CatchMask with Ears, Removable Nose, & Forelock Opening",Horse Wear > Fly & Insect Control > Fly Masks,KCM421-M-2017,Size: Medium - Small Horse,Color: Lavender Mint,,,,Wellington Warehouse,50000,50000,50000,99990,0,0,0.04140468
6,BIN-03,1767452692384,Shelf 2,3,"Kensington Uviator CatchMask with Ears, Removable Nose, & Forelock Opening",Horse Wear > Fly & Insect Control > Fly Masks,KCM421-M-121,Size: Medium - Small Horse,Color: Deluxe Black,,,,Wellington Warehouse,50000,50000,50000,99990,1,0,0.035374053
12,BIN-03,1767452692384,Shelf 2,3,"Kensington Uviator CatchMask with Ears, Removable Nose, & Forelock Opening",Horse Wear > Fly & Insect Control > Fly Masks,KCM421-L-121,Size: Large - Average,Color: Deluxe Black,,,,Wellington Warehouse,50000,50000,50000,99990,0,0,0.09870643
5,BIN-03,1767452692384,Shelf 2,3,"Kensington Uviator CatchMask with Ears, Removable Nose, & Forelock Opening",Horse Wear > Fly & Insect Control > Fly Masks,KCM421-XL-121,Size: Extra Large - Large Horse,Color: Deluxe Black,,,,Wellington Warehouse,50000,50000,50000,99990,0,0,0.052474685
7,BIN-03,1767452692384,Shelf 2,3,"Kensington Uviator CatchMask with Ears, Removable Nose, & Forelock Opening",Horse Wear > Fly & Insect Control > Fly Masks,KCM421-XL-2017,Size: Extra Large - Large Horse,Color: Lavender Mint,,,,Wellington Warehouse,50000,50000,50000,99990,0,0,0.080630526
5,BIN-01,1767553027607,Shelf 4,1,Horze Fetlock Boots,Tack & Equipment > Boots & Wraps > Protective Boots > Hind Boots,19416-BL-C,Size: Cob,Color: Black,,,,Wellington Warehouse,10350,10350,10350,29990,0,0,
1,LVL 2,1770840424777,Blankets 5,2,Back on Track Supreme Fleece Rug,"Horse Wear > Blankets & Sheets > Coolers, Fleece & Covers",21419065,Size: 87,Color: Black,,,,Wellington Warehouse,102500,102500,102500,205000,0,0,
2,LVL 2,1770840424777,Blankets 5,2,Back on Track Supreme Fleece Rug,"Horse Wear > Blankets & Sheets > Coolers, Fleece & Covers",21419025,Size: 69,Color: Black,,,,Wellington Warehouse,102500,102500,102500,205000,0,0,
1,BIN-01,1767553027607,Shelf 4,1,Thinline Flexible Filly Air Shock 3/4 Hind Boot,Tack & Equipment > Boots & Wraps > Protective Boots > Hind Boots,4013-B,Color: Black,,,,,Wellington Warehouse,45000,45000,45000,74000,0,0,
2,BIN-01,1767553027607,Shelf 4,1,Thinline Flexible Filly Air Shock Open Front Boot,Tack & Equipment > Boots & Wraps > Protective Boots > Front Boots,4012-B,Color: Black,,,,,Wellington Warehouse,52000,52000,52000,95000,0,0,
1,BIN-01,1767553027607,Shelf 4,1,Thinline Flexible Filly Air Shock Ankle Boot,Tack & Equipment > Boots & Wraps > Protective Boots > Hind Boots,4014-B,Color: Black,,,,,Wellington Warehouse,35000,35000,35000,69000,0,0,
2,BIN-02,1768403023956,Shelf 10,2,Horze Pro Bell Boots,Tack & Equipment > Boots & Wraps > Bell Boots,19764-BL-S,Size: Small,Color: Black,,,,Wellington Warehouse,8820,8820,8820,24990,0,0,
11,BIN-01,1773766480619,Shelf 18,1,Walsh Leather Lead with 24-Inch Chain,Tack & Equipment > Halters & Leads > Lead Ropes,58024-HV,Color: Havana,,,,,Wellington Warehouse,47000,47000,47000,85000,0,0,
12,ROW 4 : LVL 1,1774281147461,Supplements 2,1,LubriSyn HA + MSM Joint Supplement,Horse Care > Supplements > Joint Health,0012,Size: 32 oz,,,Lot #0925059,2027-04-01,Wellington Warehouse,70410,70410,70410,105290,0,0,
4,BIN-01,1773766441663,Shelf 16,1,Walsh Shipping Halter,Tack & Equipment > Halters & Leads > Halters > Leather Halters,5847,Size: Regular Horse,Color: White,Add-On's: Halter Only,,,Wellington Warehouse,180000,180000,180000,324000,0,0,
1,BIN 1,1776787262019,Bits 1,1,Walsh Curb Chain with Leather Ends,Tack & Equipment > Bits > Bit Accessories,8107,Color: Havana,,,,,Wellington Warehouse,27000,27000,27000,49000,0,0,
1,BIN-01,1773766441663,Shelf 16,1,Walsh Shadow Roll,"Tack & Equipment > Bridles, Headstalls & Reins > English Bridles & Reins > Bridle Accessories",1411-NT,Color: Natural,,,,,Wellington Warehouse,21000,21000,21000,38000,0,0,
1,BIN 1,1776787343289,Spurs,1,Walsh Gag Cheeks,"Tack & Equipment > Bridles, Headstalls & Reins > English Bridles & Reins > Bridle Accessories",8102,Size: 1/2-Inch,Color: Havana,,,,Wellington Warehouse,53000,53000,53000,95000,0,0,
3,BIN 1,1776787262019,Bits 1,1,Walsh Pelham Bit Converters,Tack & Equipment > Bits > Bit Accessories,8114-M,Size: 6.5-Inch (Medium),,,,,Wellington Warehouse,29000,29000,29000,52000,0,0,
4,BIN 1,1776787262019,Bits 1,1,Walsh Ring Bit Converters,Tack & Equipment > Bits > Bit Accessories,8103-L,Size: Large,Color: Havana,,,,Wellington Warehouse,45000,45000,45000,81000,0,0,
0,BIN-01,1768403023955,Shelf 10,1,Walsh Quarter Boots,Tack & Equipment > Boots & Wraps > Hoof Boots,RT485M,Size: Medium,Color: Black,,,,Wellington Warehouse,25000,25000,25000,49000,0,0,0.07409075
8,BIN-03,1767466772769,Shelf 3,3,EquiFit Essential FlyMask,Horse Wear > Fly & Insect Control > Fly Masks,52600,Size: Pony,Color: Black,,,,Wellington Warehouse,22050,22050,22050,40000,0,0,
5,BIN-03,1767466772769,Shelf 3,3,EquiFit Essential FlyMask,Horse Wear > Fly & Insect Control > Fly Masks,52601,Size: Cob,Color: Black,,,,Wellington Warehouse,22050,22050,22050,40000,0,0,
1,BIN-05,1773766441667,Shelf 16,5,Weaver Leather 1-Inch Original Non-Adjustable Halter,Tack & Equipment > Halters & Leads > Halters > Nylon & Rope Halters,35-7004-NV,Size: Small Horse,Color: Navy,,,,Wellington Warehouse,12990,12990,12990,18850,0,0,
2,BIN-03,1767466772769,Shelf 3,3,EquiFit Essential FlyMask,Horse Wear > Fly & Insect Control > Fly Masks,52603,Size: Oversize,Color: Black,,,,Wellington Warehouse,22050,22050,22050,40000,0,0,0.022934724
24,ROW 3 : LVL 3,1774281614628,Grooming/Tack Cleaner,3,Oster A-5 Cryogen-X Replacement Blade,"Horse Care > Grooming & Bathing > Clippers, Blades & Accessories",78919-026,Size: 30,,,,,Wellington Warehouse,24670,24670,24670,29990,0,0,0.041481018
28,ROW 3 : LVL 3,1774281614628,Grooming/Tack Cleaner,3,Oster A-5 Cryogen-X Replacement Blade,"Horse Care > Grooming & Bathing > Clippers, Blades & Accessories",78919-036,Size: 15,,,,,Wellington Warehouse,24670,24670,24670,29990,0,0,
0,ROW 1 : LVL 1,1774281650387,Hoof/Treats,1,"Spitfire Poultice Paper, Single Roll",Horse Care > First Aid & Wellness > Poultices & Hoof Packing,SFPP,Title: Default Title,,,,,Wellington Warehouse,5500,5500,5500,9990,0,0,0.033891097
12,ROW 3 : LVL 3,1774281614628,Grooming/Tack Cleaner,3,Oster A-5 Cryogen-X Replacement Blade,"Horse Care > Grooming & Bathing > Clippers, Blades & Accessories",78919-046,Size: 10,,,,,Wellington Warehouse,24670,24670,24670,29990,0,0,
16,ROW 1 : LVL 1,1774281650387,Hoof/Treats,1,Farnam Forshner's Hoof Packing,Horse Care > First Aid & Wellness > Poultices & Hoof Packing,13143-2,Size: 14 Pounds,,,,,Wellington Warehouse,87570,87570,87570,104990,0,0,
10,ROW 1 : LVL 3,1768938712711,First Aid,3,Farnam Wound Kote Blue Lotion Spray,Horse Care > First Aid & Wellness > Wound Care & Topicals,30401,Size: 5 Ounces,,,,,Wellington Warehouse,6400,6400,6400,8490,0,0,0.031027658
5,ROW 1 : LVL 1,1774281650387,Hoof/Treats,1,Farnam Forshner's Hoof Packing,Horse Care > First Aid & Wellness > Poultices & Hoof Packing,13143-1,Size: 4 Pounds,,,,,Wellington Warehouse,34920,34920,34920,42990,0,0,0.015494499
2,ROW 3 : LVL 1,1774281147457,Supplements 2,1,Succeed Digestive Conditioning Program,Horse Care > Supplements > Digestive & Gut Health,US-DCP 33702,Size: 1.79 Pounds (30-Day Supply),,,Lot #BAE08AR42,2026-11-08,Wellington Warehouse,111000,111000,111000,134990,0,0,
5,ROW 1 : LVL 2,1768938712710,First Aid,2,JorVet Brown Cling Gauze - 12 Rolls,Horse Care > First Aid & Wellness > First Aid Supplies,J0192B,Size: 6 Inches x 5 Yards,,,,,Wellington Warehouse,11260,11260,11260,16990,0,0,0.02763733
11,ROW 4 : LVL 1,1774281545041,Grooming,1,Carr & Day & Martin Gallop Conditioning Shampoo,"Horse Care > Grooming & Bathing > Shampoos, Conditioners, & Sprays > Shampoos",CC003,Size: 1 Liter,,,,,Wellington Warehouse,7200,7200,7200,11990,0,0,
0,ROW 3 : LVL 3,1774281147459,Supplements 2,3,Perfect Products MetaSweat,Horse Care > Supplements > Electrolytes & Salt,851393005505,Size: 4 Pounds,,,,,Wellington Warehouse,117000,117000,117000,260990,0,0,
8,ROW 4 : LVL 1,1774281614631,Grooming/Tack Cleaner,1,Shapley's No.1 Light Oil,"Horse Care > Grooming & Bathing > Shampoos, Conditioners & Sprays > Detanglers, Shines & Sprays",NO1-QT DS,Size: 32 Ounces,,,,,Wellington Warehouse,9180,9180,9180,13990,0,0,0.036062997
3,BIN 1,1776787343289,Spurs,1,Nylon Bucket Strap,Stable > Stable Organizers > Racks & Hooks,35-7065-BK,Color: Black,,,,,Wellington Warehouse,4380,4380,4380,5950,0,0,0.05163955
18,ROW 1 : LVL 1,1774281650387,Hoof/Treats,1,Jack's Hoof Oil Brush,Horse Care > Grooming & Bathing > Brushes & Tools > Hoof Picks & Hoof Brushes,14794,Title: Default Title,,,,,Wellington Warehouse,2870,2870,2870,3990,0,0,0.047162402
35,BIN-03,1775240098868,Cavali 4,3,Free Ride Equestrian D-Ring Bit Belt,Rider > Accessories & Apparel > Belts,FALL406,Color: Burgundy,,,,,Wellington Warehouse,6000,6000,6000,25000,0,0,
18,ROW 1 : LVL 1,1774281650387,Hoof/Treats,1,Kelcie's PickBrush,Horse Care > Grooming & Bathing > Brushes & Tools > Hoof Picks & Hoof Brushes,FALL404,Title: Default Title,,,,,Wellington Warehouse,6710,6710,6710,26950,0,0,0.030658612
31,BIN-03,1775240098868,Cavali 4,3,Free Ride Equestrian D-Ring Bit Belt,Rider > Accessories & Apparel > Belts,FALL405,Color: Hunter Green,,,,,Wellington Warehouse,6000,6000,6000,25000,0,0,0.044930793
1,BIN-01,1767626770400,Shelf 5,1,Equifit Essential Everyday Front Boots with Vegan SheepsWool,Tack & Equipment > Boots & Wraps > Protective Boots > Front Boots,11334XLWHT,Size: Extra Large,Color: White with Natural,,,,Wellington Warehouse,57490,57490,57490,125000,0,0,
1,Grid wall,1770916055031,Girths,1,Equifit Belly Band +,Tack & Equipment > Girths & Cinches > English Girths > Hunter/Jumper Girths,52614HORSE,Size: Horse,,,,,Wellington Warehouse,99750,99750,99750,194000,0,0,
0,BIN-03,1768845014311,Shelf 13,3,Rambo Micklem Competition Rubber Reins,"Tack & Equipment > Bridles, Headstalls & Reins > English Bridles & Reins > Reins",shad4d-ma40-black pony,Size: Pony,Color: Black,,,,Wellington Warehouse,31980,31980,31980,79950,0,0,
1,BIN-05,1767626770404,Shelf 5,5,Equifit Essential Everyday Front Boots with Vegan SheepsWool,Tack & Equipment > Boots & Wraps > Protective Boots > Front Boots,11334LGWHT,Size: Large,Color: White with Natural,,,,Wellington Warehouse,57490,57490,57490,125000,0,0,
1,LVL 5,1771953347962,Fly Sheets 1,5,Amigo Flyrider,Horse Wear > Fly & Insect Control > Fly Sheets,AFRE10-VF00-XL,Size: XL,,,,,Wellington Warehouse,0,0,0,39990,0,0,0.054545097
3,BIN-03,1768845014311,Shelf 13,3,Rambo Micklem Competition Rubber Reins,"Tack & Equipment > Bridles, Headstalls & Reins > English Bridles & Reins > Reins",SHAD4D-NAB0-HO,Size: Horse,Color: Brown,,,,Wellington Warehouse,31980,31980,31980,79950,0,0,0.032652956
0,BIN-03,1768845014311,Shelf 13,3,Rambo Micklem Competition Rubber Reins,"Tack & Equipment > Bridles, Headstalls & Reins > English Bridles & Reins > Reins",shad4d-ma40-brown pony,Size: Pony,Color: Brown,,,,Wellington Warehouse,31980,31980,31980,79950,0,0,
1,Grid wall,1770916055031,Girths,1,Equifit Belly Band +,Tack & Equipment > Girths & Cinches > English Girths > Hunter/Jumper Girths,52614COB,Size: Cob,,,,,Wellington Warehouse,99750,99750,99750,194000,0,0,
9,LVL 5,1771953347962,Fly Sheets 1,5,Amigo Flyrider,Horse Wear > Fly & Insect Control > Fly Sheets,AFRE10-VF00-ME,Size: Medium,,,,,Wellington Warehouse,0,0,0,39990,0,0,0.15967314
15,ROW 5 : LVL 3,1769190184153,Fly sprays,3,Absorbine UltraShield EX Insecticide and Repellent,Horse Care > Fly & Insect Control > Fly Sprays & Traps,430854,Size: 32 Ounces,,,,,Wellington Warehouse,18200,18200,18200,26990,0,0,0.10917071
8,BIN-04,1768403023958,Shelf 10,4,Professional's Choice Quick-Wrap Bell Boots,Tack & Equipment > Boots & Wraps > Bell Boots,BB103B,Size: Large,Color: Black,,,,Wellington Warehouse,36000,36000,36000,61990,0,0,
3,ROW 4 : LVL 1,1774281545041,Grooming,1,Shapley's Hi Shine Shampoo,"Horse Care > Grooming & Bathing > Shampoos, Conditioners, & Sprays > Shampoos",13136-1,Title: Default Title,,,,,Wellington Warehouse,7370,7370,7370,10990,0,0,
0,BIN-02,1776354991787,Grooming Small,2,Ultimate Brush,Horse Care > Grooming & Bathing > Brushes & Tools > Brushes & Combs,65,Title: Default Title,,,,,Wellington Warehouse,6980,6980,6980,12990,0,0,0.06698709
23,ROW 5 : LVL 3,1769190184153,Fly sprays,3,Absorbine UltraShield EX Insecticide and Repellent,Horse Care > Fly & Insect Control > Fly Sprays & Traps,430870,Size: Gallon,,,,,Wellington Warehouse,54830,54830,54830,79190,0,0,0.11717074
3,BIN-03,1773766441665,Shelf 16,3,Walsh British Halter,Tack & Equipment > Halters & Leads > Halters > Leather Halters,5148-HV,Size: Oversize,,,,,Wellington Warehouse,108000,108000,108000,194000,0,0,0.014556629
2,BIN-03,1773766441665,Shelf 16,3,Walsh British Halter,Tack & Equipment > Halters & Leads > Halters > Leather Halters,5146-HV,Size: Cob,,,,,Wellington Warehouse,108000,108000,108000,194000,0,0,
5,BIN-05,1773766441667,Shelf 16,5,Professional's Choice Rope Halter with Lead Rope,Tack & Equipment > Halters & Leads > Halters > Nylon & Rope Halters,HR-BLA,Title: Default Title,,,,,Wellington Warehouse,18500,18500,18500,24990,0,0,
12,ROW 2 : LVL 3,1768938712707,First Aid,3,Elastikon Elastic Tape,Horse Care > First Aid & Wellness > First Aid Supplies,16711494,"Size: 4"" x 2.5yd",,,,,Wellington Warehouse,9690,9690,9690,13990,0,0,
0,ROW 2 : LVL 3,1768938712707,First Aid,3,Elastikon Elastic Tape,Horse Care > First Aid & Wellness > First Aid Supplies,19724739,"Size: 3"" x 2.5yd",,,,,Wellington Warehouse,7270,7270,7270,10990,0,0,
1,ROW 3 : LVL 1,1774281147457,Supplements 2,1,Vita Flex E & Selenium 4lb Bucket,Horse Care > Supplements > Vitamins & Minerals,18423659,Title: Default Title,,,,,Wellington Warehouse,21870,21870,21870,35990,0,0,
12,ROW 2 : LVL 1,1774282126773,First Aid,1,"Non-sterile Gauze 4"" x 4""",Horse Care > First Aid & Wellness > First Aid Supplies,11664-2,Title: Default Title,,,,,Wellington Warehouse,7940,7940,7940,10990,0,0,0.04872007
3,BIN-04,1768403023958,Shelf 10,4,Professional's Choice Spartan II Bell Boot,Tack & Equipment > Boots & Wraps > Bell Boots,BB563-BLA,Size: Large,,,,,Wellington Warehouse,24750,24750,24750,42990,0,0,
1,ROW 1 : LVL 1,1774281650387,Hoof/Treats,1,Epsom Salt Poultice,Horse Care > First Aid & Wellness > Poultices & Hoof Packing,21297086,Size: 10 Pounds,,,,,Wellington Warehouse,66990,68470,69950,89990,0,0,0.05023821
5,BIN 1,1776787343289,Spurs,1,One Knot Hair Net,Rider > Accessories & Apparel > Accessories,18911-4,Color: Dark Brown,,,,,Wellington Warehouse,5960,5960,5960,9990,0,0,0.1453076
6,ROW 1 : LVL 1,1774281650387,Hoof/Treats,1,Epsom Salt Poultice,Horse Care > First Aid & Wellness > Poultices & Hoof Packing,15640544,Size: 20 Ounces,,,,,Wellington Warehouse,9960,9960,9960,15990,0,0,
1,BIN 1,1776787343289,Spurs,1,One Knot Hair Net,Rider > Accessories & Apparel > Accessories,18911-2,Color: Light Brown,,,,,Wellington Warehouse,5960,5960,5960,9990,0,0,
4,BIN-04,1768403023958,Shelf 10,4,Professional's Choice Spartan II Bell Boot,Tack & Equipment > Boots & Wraps > Bell Boots,BB562-BLA,Size: Medium,,,,,Wellington Warehouse,24750,24750,24750,42990,0,0,
5,BIN 1,1776787343289,Spurs,1,One Knot Hair Net,Rider > Accessories & Apparel > Accessories,18911-1,Color: Blonde,,,,,Wellington Warehouse,5960,5960,5960,9990,0,0,0.052805405
4,BIN 1,1776787343289,Spurs,1,One Knot Hair Net,Rider > Accessories & Apparel > Accessories,18911-3,Color: Medium Brown,,,,,Wellington Warehouse,5960,5960,5960,9990,0,0,0.022337839
7,BIN 1,1776787262019,Bits 1,1,Equifit Essential Bit Tape,Tack & Equipment > Bits > Bit Accessories,52664,Title: Default Title,,,,,Wellington Warehouse,12600,12600,12600,25000,0,0,
6,ROW 3 : LVL 2,1774281614627,Grooming/Tack Cleaner,2,Fiebing's Glycerine Saddle Soap,Tack & Equipment > Leather Care,088-20050,Title: Default Title,,,,,Wellington Warehouse,4770,4770,4770,9990,0,0,
10,ROW 4 : LVL 1,1774281545041,Grooming,1,Carr & Day & Martin Gallop Stain Removing Shampoo,"Horse Care > Grooming & Bathing > Shampoos, Conditioners, & Sprays > Shampoos",14990-1,Title: Default Title,,,,,Wellington Warehouse,8000,8000,8000,12990,0,0,
0,BIN-01,1773766480619,Shelf 18,1,Weaver 10' Nylon Lead Rope,Tack & Equipment > Halters & Leads > Lead Ropes,35-2100-S5,Color: Navy,,,,,Wellington Warehouse,12610,12610,12610,15990,0,0,0.0299439
15,ROW 2 : LVL 3,1768938712707,First Aid,3,Aspen Nitrile Gloves,Horse Care > First Aid & Wellness > First Aid Supplies,21274982,Size: Large,,,,,Wellington Warehouse,5250,5250,5250,9990,0,0,0.019776283
2,ROW 2 : LVL 3,1768938712707,First Aid,3,Aspen Nitrile Gloves,Horse Care > First Aid & Wellness > First Aid Supplies,21274981,Size: Medium,,,,,Wellington Warehouse,5250,5250,5250,9990,0,0,0.2568484
9,ROW 2 : LVL 3,1768938712707,First Aid,3,Aspen Nitrile Gloves,Horse Care > First Aid & Wellness > First Aid Supplies,21274983,Size: Extra Large,,,,,Wellington Warehouse,5250,5250,5250,9990,0,0,
8,ROW 4 : LVL 4,1774281147464,Supplements 2,4,Healthy Coat Supplement,Horse Care > Supplements > Skin & Coat,12978-2,Size: 1 Gallon,,,,,Wellington Warehouse,24610,24610,24610,37990,0,0,
3,ROW 3 : LVL 3,1774281147459,Supplements 2,3,Total Pre & Probiotic Powder,Horse Care > Supplements > Digestive & Gut Health,RAM-PPJ,Size: 8.5 Ounces,,,Lot#F242835,2026-10-01,Wellington Warehouse,9290,9290,9290,14120,0,0,
3,ROW 2 : LVL 2,1768938712706,First Aid,2,Ultrasound Gel,Horse Care > First Aid & Wellness > First Aid Supplies,J0554B,Size: 5 Liter,,,,,Wellington Warehouse,28500,28500,28500,34990,0,0,
12,ROW 2 : LVL 3,1768938712707,First Aid,3,Aspen Nitrile Gloves,Horse Care > First Aid & Wellness > First Aid Supplies,21274980,Size: Small,,,,,Wellington Warehouse,5250,5250,5250,9990,0,0,
11,ROW 3 : LVL 2,1774281614627,Grooming/Tack Cleaner,2,TackHack Half Dozen Donut Tack Sponges,Tack & Equipment > Leather Care,SUM502,Title: Default Title,,,,,Wellington Warehouse,6670,6670,6670,13950,0,0,0.034766447
40,LVL 4,1769968298844,Blankets 4,4,Equine Moscow Mule Mugs- Set of 2,Rider > Home Decor & Gifts,WINTER405,Title: Default Title,,,,,Wellington Warehouse,9400,9400,9400,19990,0,0,
96,BIN-04,1775240098869,Cavali 4,4,Ruespari Gia Sunglasses,Rider > Accessories & Apparel > Accessories,SPR517,Title: Default Title,,,,,Wellington Warehouse,14100,14100,14100,79000,0,0,
3,BIN-05,1767452692386,Shelf 2,5,Professional's Choice Comfort Fit Fly Mask,Horse Wear > Fly & Insect Control > Fly Masks,CFMO50-BDPONY,Size: Pony,Color: Bleach Dye,,,,Wellington Warehouse,0,0,0,14990,0,0,
6,BIN-05,1767452692386,Shelf 2,5,Professional's Choice Comfort Fit Fly Mask,Horse Wear > Fly & Insect Control > Fly Masks,CFMO50-CTPONY,Size: Pony,Color: Cheetah,,,,Wellington Warehouse,0,0,0,14990,0,0,
6,BIN-05,1767452692386,Shelf 2,5,Professional's Choice Comfort Fit Fly Mask,Horse Wear > Fly & Insect Control > Fly Masks,CFMO50-SUNPONY,Size: Pony,Color: Sunflower,,,,Wellington Warehouse,0,0,0,14990,0,0,
43,ROW 5 : LVL 5,1774281422023,Supplements 3,5,Equine Shine Soap Sprayer Nozzle,"Horse Care > Grooming & Bathing > Shampoos, Conditioners, & Sprays > Shampoos",SUM402,Title: Default Title,,,,,Wellington Warehouse,5480,5480,5480,19990,0,0,0.052901614
19,BIN-03,1774375575872,Cavali 3,3,StableStyle x Cavali Candle,Rider > Home Decor & Gifts,WINTER403,Title: Default Title,,,,,Wellington Warehouse,8050,8050,8050,14990,0,0,0.055843618
142,ROW 5 : LVL 5,1769190184155,Fly sprays,5,Stop Bugg'n Fly Spray 16oz,Horse Care > Fly & Insect Control > Fly Sprays & Traps,SPR504,Title: Default Title,,,,,Wellington Warehouse,3500,3500,3500,12990,96,0,2.765088
34,BIN-02,1774375575871,Cavali 3,2,The Infused Equestrian Shiny Spray,"Horse Care > Grooming & Bathing > Shampoos, Conditioners & Sprays > Detanglers, Shines & Sprays",WINTER402,Title: Default Title,,,,,Wellington Warehouse,7360,7360,7360,18500,0,0,0.034894165
1,BIN-05,1767452692386,Shelf 2,5,Professional's Choice Comfort Fit Fly Mask,Horse Wear > Fly & Insect Control > Fly Masks,CFMO50-SBPONY,Size: Pony,Color: Starburst,,,,Wellington Warehouse,0,0,0,14990,0,0,
2,BIN 1,1776787343289,Spurs,1,Ellsworth Hair Net,Rider > Accessories & Apparel > Accessories,ELLSWORTHAUB,Color: Auburn,,,,,Wellington Warehouse,8500,8500,8500,16990,0,0,
30,BIN-01,1776354991786,Grooming Small,1,"Quick Knot Deluxe Braiding Pins, Multi-Pack",Horse Care > Grooming & Bathing > Brushes & Tools > Braiding,SUM408,Color: Black,,,,,Wellington Warehouse,3000,3000,3000,9990,0,0,0.10081046
0,BIN-02,1773766480620,Shelf 18,2,Walsh 50' Cotton Lunge Line with Chain,Tack & Equipment > Training & Lunging > Lunge Lines,5830-50-CH,Title: Default Title,,,,,Wellington Warehouse,80000,80000,80000,144000,0,0,
0,BIN 1,1776787343289,Spurs,1,Ellsworth Hair Net,Rider > Accessories & Apparel > Accessories,ELLSWORTHWarmBlonde,Color: Warm Blonde,,,,,Wellington Warehouse,8500,8500,8500,16990,0,0,0.024574751
4,BIN 1,1776787343289,Spurs,1,Ellsworth Hair Net,Rider > Accessories & Apparel > Accessories,ELLSWORTHPlatinumBlonde,Color: Platinum Blonde,,,,,Wellington Warehouse,8500,8500,8500,16990,0,0,
6,ROW 3 : LVL 4,1774281545039,Grooming,4,Shapley's Medi-Care Medicated Shampoo,"Horse Care > Grooming & Bathing > Shampoos, Conditioners, & Sprays > Shampoos",21275777,Title: Default Title,,,,,Wellington Warehouse,11870,11870,11870,18990,0,0,
5,ROW 4 : LVL 3,1774281545043,Grooming,3,Equifuse CitraShampoo,"Horse Care > Grooming & Bathing > Shampoos, Conditioners, & Sprays > Shampoos",EFC106,Size: 64 Ounces,,,,,Wellington Warehouse,41990,41990,41990,69990,0,0,0.011164922
5,ROW 4 : LVL 3,1774281545043,Grooming,3,Equifuse Shine Perfect + Shine Spray,"Horse Care > Grooming & Bathing > Shampoos, Conditioners, & Sprays > Conditioners",EFS101,Size: 32 Ounces,,,,,Wellington Warehouse,22190,22190,22190,39990,0,0,
10,ROW 4 : LVL 3,1774281545043,Grooming,3,Equifuse Shine Perfect + Shine Spray,"Horse Care > Grooming & Bathing > Shampoos, Conditioners, & Sprays > Conditioners",EFS164,Size: 64 Ounces,,,,,Wellington Warehouse,41990,41990,41990,79990,0,0,
2,ROW 4 : LVL 2,1774281545042,Grooming,2,Equifuse Gleam Moisturizer & Shine Serum,"Horse Care > Grooming & Bathing > Shampoos, Conditioners & Sprays > Detanglers, Shines & Sprays",EFG116,Size: 16 Ounces,,,,,Wellington Warehouse,22190,22190,22190,37990,0,0,0.022329845
2,ROW 3 : LVL 2,1774281614627,Grooming/Tack Cleaner,2,Fiebing's Boot Cream Polish,Tack & Equipment > Leather Care,088-11001,Color: Black,,,,,Wellington Warehouse,2790,2790,2790,4990,0,0,0.07172873
2,ROW 4 : LVL 3,1774281545043,Grooming,3,Equifuse Rehydrinse 1-Step Coat Protector + Conditioner,"Horse Care > Grooming & Bathing > Shampoos, Conditioners, & Sprays > Conditioners",EFR364,Size: 64 Ounces,,,,,Wellington Warehouse,59990,59990,59990,99990,0,0,0.03883456
9,ROW 1 : LVL 1,1774281650387,Hoof/Treats,1,Corona Hoof Dressing,Horse Care > Grooming & Bathing > Hoof Oils & Conditioner,044-1000135,Size: 32 Ounces,,,,,Wellington Warehouse,19700,19700,19700,31490,0,0,
2,ROW 4 : LVL 3,1774281545043,Grooming,3,Equifuse CitraShampoo,"Horse Care > Grooming & Bathing > Shampoos, Conditioners, & Sprays > Shampoos",EFC105,Size: 16 Ounces,,,,,Wellington Warehouse,14390,14390,14390,24990,0,0,
2,ROW 3 : LVL 2,1774281614627,Grooming/Tack Cleaner,2,Fiebing's Boot Cream Polish,Tack & Equipment > Leather Care,088-11028,Color: Dark Brown,,,,,Wellington Warehouse,2790,2790,2790,4990,0,0,0.06873462
2,BIN-05,1774375575874,Cavali 3,5,Mare Modern Goods Holiday Gift Wrap,Rider > Home Decor & Gifts,GIFTWRAP-FOXY,Color: Foxy,,,,,Wellington Warehouse,6000,6000,6000,12000,0,0,
21,BIN-05,1774375575874,Cavali 3,5,Mare Modern Goods Holiday Gift Wrap,Rider > Home Decor & Gifts,GIFTWRAP-WREATHPONIES,Color: Wreath Ponies,,,,,Wellington Warehouse,6000,6000,6000,12000,0,0,
2,Grid wall,1770916055031,Girths,1,Mare Modern Goods Gift Hang Tags,Rider > Home Decor & Gifts,HANGTAG-FOXY,Color: Foxy,,,,,Wellington Warehouse,5000,5000,5000,10000,0,0,
9,Grid wall,1770916055031,Girths,1,Mare Modern Goods Holiday Card,Rider > Home Decor & Gifts,CARD-HOLIDAYPATTERN,Color: Holiday Pattern,,,,,Wellington Warehouse,3000,3000,3000,6000,0,0,
10,BIN-05,1774375575874,Cavali 3,5,Mare Modern Goods Holiday Gift Wrap,Rider > Home Decor & Gifts,GIFTWRAP-SANTAPONIES,Color: Santa Ponies,,,,,Wellington Warehouse,6000,6000,6000,12000,0,0,
8,Grid wall,1770916055031,Girths,1,Mare Modern Goods Gift Hang Tags,Rider > Home Decor & Gifts,HANGTAGS-MAREY,Color: Eat Drink and Be Mare-Y,,,,,Wellington Warehouse,5000,5000,5000,10000,0,0,
12,BIN-05,1774375575874,Cavali 3,5,Mare Modern Goods Holiday Gift Wrap,Rider > Home Decor & Gifts,GIFTWRAP-SNOWPONIES,Color: Snow Ponies,,,,,Wellington Warehouse,6000,6000,6000,12000,0,0,
20,BIN-05,1774375575874,Cavali 3,5,Mare Modern Goods Holiday Gift Wrap,Rider > Home Decor & Gifts,GIFTWRAP-GG,Color: GG,,,,,Wellington Warehouse,6000,6000,6000,12000,0,0,
1,BIN-05,1774375575874,Cavali 3,5,Mare Modern Goods Holiday Gift Wrap,Rider > Home Decor & Gifts,GIFTWRAP-CHANNING,Color: Channing,,,,,Wellington Warehouse,6000,6000,6000,12000,0,0,
1,Grid wall,1770916055031,Girths,1,Mare Modern Goods Holiday Card,Rider > Home Decor & Gifts,CARD-HAPPYHOLIDAYS,Color: Happy Holidays,,,,,Wellington Warehouse,3000,3000,3000,6000,0,0,
13,Grid wall,1770916055031,Girths,1,Mare Modern Goods Gift Hang Tags,Rider > Home Decor & Gifts,HT-HOLIDAYPATTERN24,Color: Holiday,,,,,Wellington Warehouse,5000,5000,5000,10000,0,0,
2,BIN 1,1776787343289,Spurs,1,Kunkle Equestrian Mesh Riding Gloves,Rider > Accessories & Apparel > Gloves,753068565065 Black,Size: 8,Color: Black,,,,Wellington Warehouse,19990,19990,19990,39990,0,0,0.011791802
3,BIN 1,1776787343289,Spurs,1,Kunkle Equestrian Mesh Riding Gloves,Rider > Accessories & Apparel > Gloves,753068565072 Black,Size: 8.5,Color: Black,,,,Wellington Warehouse,19990,19990,19990,39990,0,0,0.018345334
23,BIN-03,1774887638159,Cavali 2,3,Back On Track Physio Nikki Support Boot Socks,Rider > Accessories & Apparel > Socks,15700001,Size: Small,,,,,Wellington Warehouse,19000,19000,19000,38000,0,0,0.015016152
20,BIN-03,1774887638159,Cavali 2,3,Back On Track Physio Nikki Support Boot Socks,Rider > Accessories & Apparel > Socks,15700002,Size: Medium,,,,,Wellington Warehouse,19000,19000,19000,38000,0,0,0.014964065
5,BIN 1,1776787343289,Spurs,1,Kunkle Equestrian Mesh Riding Gloves,Rider > Accessories & Apparel > Gloves,753068565027 Black,Size: 6,Color: Black,,,,Wellington Warehouse,19990,19990,19990,39990,0,0,
1,BIN 1,1776787343289,Spurs,1,Kunkle Equestrian Mesh Riding Gloves,Rider > Accessories & Apparel > Gloves,753068564990 Black,Size: 3,Color: Black,,,,Wellington Warehouse,19990,19990,19990,39990,0,0,
3,BIN 1,1776787343289,Spurs,1,Kunkle Equestrian Mesh Riding Gloves,Rider > Accessories & Apparel > Gloves,753068565034 Black,Size: 6.5,Color: Black,,,,Wellington Warehouse,19990,19990,19990,39990,0,0,
0,ROW 3 : LVL 2,1774281614627,Grooming/Tack Cleaner,2,Carr & Day & Martin Belvoir Tack Cleaning Mitt,Tack & Equipment > Leather Care,LC053,Title: Default Title,,,,,Wellington Warehouse,7200,7200,7200,15950,0,0,0.60812384
191,ROW 3 : LVL 5,1774281545040,Grooming,5,Carr & Day & Martin Belvoir Tack Cleaning Mitt,Tack & Equipment > Leather Care,LC053,Title: Default Title,,,,,Wellington Warehouse,7200,7200,7200,15950,0,0,0.60812384
2,BIN 1,1776787343289,Spurs,1,Kunkle Equestrian Premium Show Gloves,Rider > Accessories & Apparel > Gloves,753068564860 Black,Size: 6,Color: Black,,,,Wellington Warehouse,19990,19990,19990,39990,0,0,
1,BIN 1,1776787343289,Spurs,1,Kunkle Equestrian Premium Show Gloves,Rider > Accessories & Apparel > Gloves,753068564914 Black,Size: 8.5,Color: Black,,,,Wellington Warehouse,19990,19990,19990,39990,0,0,0.017716153
0,BIN 1,1776787343289,Spurs,1,Kunkle Equestrian Premium Show Gloves,Rider > Accessories & Apparel > Gloves,753068564884 Black,Size: 7,Color: Black,,,,Wellington Warehouse,19990,19990,19990,39990,0,0,0.02479918
5,BIN 1,1776787343289,Spurs,1,Kunkle Equestrian Premium Show Gloves,Rider > Accessories & Apparel > Gloves,753068564877 Black,Size: 6.5,Color: Black,,,,Wellington Warehouse,19990,19990,19990,39990,0,0,
20,BIN-03,1774887638159,Cavali 2,3,Back On Track Physio Nikki Support Boot Socks,Rider > Accessories & Apparel > Socks,SPR403Large,Size: Large,,,,,Wellington Warehouse,19000,19000,19000,38000,0,0,
1,Grid wall,1770916055031,Girths,1,EquiFit Essential Schooling Girth Replacement Liners,Tack & Equipment > Girths & Cinches > English Girths > Hunter/Jumper Girths,32959-50,Size: 50-Inch,Style: SheepsWool,,,,Wellington Warehouse,37420,37420,37420,48000,0,0,
0,BIN-01,1768403023955,Shelf 10,1,Jack's Pull On Ribbed Bell Boots,Tack & Equipment > Boots & Wraps > Bell Boots,2126Large,Size: Large,,,,,Wellington Warehouse,8500,8500,8500,16990,0,0,
1,BIN-02,1767626770401,Shelf 5,2,Back on Track 3D Mesh Brush Boots w/ Faux Fur,Tack & Equipment > Boots & Wraps > Protective Boots > Front Boots,20810003,Size: Large,,,,,Wellington Warehouse,37500,37500,37500,75000,0,0,
1,BIN-03,1773766480616,Shelf 17,3,Back on Track Werano Nylon Halter,Tack & Equipment > Halters & Leads > Halters > Nylon & Rope Halters,20640003,Color: Black,Size: Full,,,,Wellington Warehouse,22500,22500,22500,48000,0,0,0.015570389
2,BIN-03,1773766480616,Shelf 17,3,Back on Track Werano Nylon Halter,Tack & Equipment > Halters & Leads > Halters > Nylon & Rope Halters,20641102,Color: Green,Size: Cob,,,,Wellington Warehouse,22500,22500,22500,48000,0,0,
1,BIN-02,1767626770401,Shelf 5,2,Back on Track 3D Mesh Brush Boots w/ Faux Fur,Tack & Equipment > Boots & Wraps > Protective Boots > Front Boots,20810001,Size: Small,,,,,Wellington Warehouse,37500,37500,37500,75000,0,0,
5,BIN-03,1773766480616,Shelf 17,3,Back on Track Werano Nylon Halter,Tack & Equipment > Halters & Leads > Halters > Nylon & Rope Halters,20641103,Color: Green,Size: Full,,,,Wellington Warehouse,22500,22500,22500,48000,0,0,
5,BIN-01,1768403023955,Shelf 10,1,Jack's Pull On Ribbed Bell Boots,Tack & Equipment > Boots & Wraps > Bell Boots,2126Medium,Size: Medium,,,,,Wellington Warehouse,8500,8500,8500,16990,0,0,
1,BIN-03,1773766480616,Shelf 17,3,Back on Track Werano Nylon Halter,Tack & Equipment > Halters & Leads > Halters > Nylon & Rope Halters,20640302,Color: Navy,Size: Cob,,,,Wellington Warehouse,22500,22500,22500,48000,0,0,
5,BIN-03,1767812231220,Shelf 8,3,Back on Track Fleece Exercise Quarter Sheet,Horse Wear > Blankets & Sheets > Coolers & Fleece,21240055,Size: 81-Inch,,,,,Wellington Warehouse,72500,72500,72500,145000,0,0,
1,BIN-01,1768403023955,Shelf 10,1,Jack's Pull On Ribbed Bell Boots,Tack & Equipment > Boots & Wraps > Bell Boots,2126Small,Size: Small,,,,,Wellington Warehouse,8500,8500,8500,16990,0,0,
5,BIN-03,1767812231220,Shelf 8,3,Back on Track Fleece Exercise Quarter Sheet,Horse Wear > Blankets & Sheets > Coolers & Fleece,21240045,Size: 78-Inch,,,,,Wellington Warehouse,72500,72500,72500,145000,0,0,
3,BIN-03,1773766480616,Shelf 17,3,Back on Track Werano Nylon Halter,Tack & Equipment > Halters & Leads > Halters > Nylon & Rope Halters,20640502,Color: Red,Size: Cob,,,,Wellington Warehouse,22500,22500,22500,48000,0,0,0.036062997
1,BIN-03,1773766480616,Shelf 17,3,Back on Track Werano Nylon Halter,Tack & Equipment > Halters & Leads > Halters > Nylon & Rope Halters,20640002,Color: Black,Size: Cob,,,,Wellington Warehouse,22500,22500,22500,48000,0,0,
15,BIN-01,1774887638157,Cavali 2,1,Equisite Elements of Style Le Cheval Scarf,Rider > Accessories & Apparel > Accessories,SAN12345sangria,Color: Sangria,,,,,Wellington Warehouse,15000,15000,15000,99990,0,0,
130,ROW 4 : LVL 5,1774281226569,Supplements 2,5,Equisite Elements of Style Le Cheval Scarf,Rider > Accessories & Apparel > Accessories,SAN12345sangria,Color: Sangria,,,,,Wellington Warehouse,15000,15000,15000,99990,0,0,
15,BIN-01,1774887638157,Cavali 2,1,Equisite Elements of Style Le Cheval Scarf,Rider > Accessories & Apparel > Accessories,SAN12345spice,Color: Spice,,,,,Wellington Warehouse,15000,15000,15000,99990,0,0,
25,ROW 4 : LVL 5,1774281226569,Supplements 2,5,Equisite Elements of Style Le Cheval Scarf,Rider > Accessories & Apparel > Accessories,SAN12345spice,Color: Spice,,,,,Wellington Warehouse,15000,15000,15000,99990,0,0,
10,BIN-01,1774887638157,Cavali 2,1,Equestrian Journal,Rider > Home Decor & Gifts,SUM405,Title: Default Title,,,,,Wellington Warehouse,7000,7000,7000,45000,0,0,
20,BIN-03,1774375575872,Cavali 3,3,Equestrian Tea Towel by HONEY + HANK,Rider > Home Decor & Gifts,SPR404DarkNavy,Style: Dark Navy Celestial Horse,,,,,Wellington Warehouse,5850,5850,5850,24000,0,0,0.024790619
20,BIN-03,1774375575872,Cavali 3,3,Equestrian Tea Towel by HONEY + HANK,Rider > Home Decor & Gifts,SPR404LightBlue,Style: Light Blue Geometric Bit,,,,,Wellington Warehouse,5850,5850,5850,24990,0,0,0.024790619
15,BIN-03,1774887638154,Cavali 1,3,Good Rides Pack by Dapplebay Co.,Rider > Home Decor & Gifts,SPR402,Title: Default Title,,,,,Wellington Warehouse,4490,4490,4490,19990,0,0,
8,BIN-05,1774887638156,Cavali 1,5,Schulz Equine Beat Bag,Rider > Bags > Totes & Pouches,WINTER406,Color: Pink Floral,,,,,Wellington Warehouse,14180,14180,14180,45990,0,0,0.012127833
10,BIN-05,1774887638156,Cavali 1,5,Schulz Equine Beat Bag,Rider > Bags > Totes & Pouches,WINTER407,Color: White Marble,,,,,Wellington Warehouse,14180,14180,14180,45990,0,0,
8,BIN-05,1774887638156,Cavali 1,5,Schulz Equine Beat Bag,Rider > Bags > Totes & Pouches,WINTER413,Color: Origami Horse,,,,,Wellington Warehouse,14180,14180,14180,45990,0,0,
11,BIN-05,1774887638156,Cavali 1,5,Schulz Equine Beat Bag,Rider > Bags > Totes & Pouches,WINTER414,Color: Wild Sunflower,,,,,Wellington Warehouse,14180,14180,14180,45990,0,0,
24,BIN-03,1774887638159,Cavali 2,3,Dreamers & Schemers x The Flying Horse Socks,Rider > Accessories & Apparel > Socks,SPR509,Title: Default Title,,,,,Wellington Warehouse,7380,7380,7380,15950,0,0,
15,BIN-01,1774375575870,Cavali 3,1,Stable Style Match Box,Rider > Home Decor & Gifts,FALL502,Title: Default Title,,,,,Wellington Warehouse,2500,2500,2500,9990,0,0,0.049523015
10,BIN-02,1774887638153,Cavali 1,2,Cavali Club Insulated Mug,Rider > Home Decor & Gifts,SUM507,Title: Default Title,,,,,Wellington Warehouse,7230,7230,7230,19990,0,0,
20,ROW 5 : LVL 3,1774281573049,Grooming/Cavali,3,Unicorn Towel,Rider > Home Decor & Gifts,SUM504,Title: Default Title,,,,,Wellington Warehouse,8600,8600,8600,30000,0,0,0.027921809
9,BIN-01,1774887638157,Cavali 2,1,Unicorn Towel,Rider > Home Decor & Gifts,SUM504,Title: Default Title,,,,,Wellington Warehouse,8600,8600,8600,30000,0,0,0.027921809
15,BIN-01,1774375575870,Cavali 3,1,Stable Style Spicy Pony Candle,Rider > Home Decor & Gifts,FALL501,Title: Default Title,,,,,Wellington Warehouse,5500,5500,5500,30000,0,0,
20,BIN-02,1775240098867,Cavali 4,2,Cavali Club Junior Elastic Belt,Rider > Accessories & Apparel > Belts,FALL508,Title: Default Title,,,,,Wellington Warehouse,3150,3150,3150,19990,0,0,0.0789066
34,BIN-02,1775240098867,Cavali 4,2,Cavali Club Exclusive Bows,Rider > Accessories & Apparel > Accessories,FALL507,Title: Default Title,,,,,Wellington Warehouse,2690,2690,2690,14990,0,0,0.13288468
25,Grid wall,1770916055031,Girths,1,Junior Mare Goods Bracelet,Rider > Accessories & Apparel > Accessories,FALL509,Title: Default Title,,,,,Wellington Warehouse,4500,4500,4500,5990,0,0,
3,ROW 4 : LVL 3,1774281147463,Supplements 2,3,One AC,Horse Care > Supplements > Electrolytes & Salt,12105501,Title: Default Title,,,,,Wellington Warehouse,25270,25270,25270,30990,0,0,0.1284242
2,ROW 3 : LVL 3,1774281147459,Supplements 2,3,Succeed Digestive Conditioning Program Paste,Horse Care > Supplements > Digestive & Gut Health,US-DCP 27330,Size: 30 Syringes,,,Lot #AAE20CS42,2026-11-20,Wellington Warehouse,124000,124000,124000,159990,0,0,
3,ROW 1 : LVL 2,1768938712710,First Aid,2,Cavalor Muscle Cooler,Horse Care > First Aid & Wellness > Liniments,80994504,Size: 1 Liter,,,,,Wellington Warehouse,23920,23920,23920,37990,0,0,
4,BIN-02,1767812231219,Shelf 8,2,Back on Track Royal Mesh Neck Cover Deluxe,Horse Wear > Blankets & Sheets > Neck Covers & Hoods,22134840,Size: 75,Color: Wine,,,,Wellington Warehouse,49500,49500,49500,99000,0,0,
1,BIN-01,1767812231218,Shelf 8,1,Back on Track Royal Mesh Neck Cover Deluxe,Horse Wear > Blankets & Sheets > Neck Covers & Hoods,22136860,Size: 84,Color: Green,,,,Wellington Warehouse,49500,49500,49500,99000,0,0,
0,BIN-03,1768403067582,Shelf 11,3,Back on Track Royal Deluxe Quick Wraps,Tack & Equipment > Boots & Wraps > Leg Wraps,20335002,Size: 14,Color: Navy,,,,Wellington Warehouse,49500,49500,49500,99000,0,0,0.08622485
3,BIN-03,1767812231215,Shelf 9,3,Back on Track Royal Deluxe Mesh Sheet,Horse Wear > Blankets & Sheets > Stable Blankets & Sheets > Lightweight,22145045,Size: 78-Inch,Color: Navy,,,,Wellington Warehouse,140000,140000,140000,280000,0,0,0.014905206
0,BIN-02,1767812231219,Shelf 8,2,Back on Track Royal Mesh Neck Cover Deluxe,Horse Wear > Blankets & Sheets > Neck Covers & Hoods,22136840,Size: 75,Color: Green,,,,Wellington Warehouse,49500,49500,49500,99000,0,0,
0,BIN-01,1767626770400,Shelf 5,1,Back on Track Royal Therapeutic Hock Wraps Deluxe,Tack & Equipment > Boots & Wraps > Protective Boots > Hock & Knee Boots,20229002,Size: Medium,Color: Black,,,,Wellington Warehouse,49500,49500,49500,99000,0,0,0.044892192
0,BIN-03,1768403067582,Shelf 11,3,Back on Track Royal Deluxe Quick Wraps,Tack & Equipment > Boots & Wraps > Leg Wraps,20336802,Size: 14,Color: Green,,,,Wellington Warehouse,49500,49500,49500,99000,0,0,0.072416045
0,BIN-02,1768403067581,Shelf 11,2,Back on Track Royal Deluxe Quick Wraps,Tack & Equipment > Boots & Wraps > Leg Wraps,20335003,Size: 16,Color: Navy,,,,Wellington Warehouse,49500,49500,49500,99000,0,0,0.07591059
0,BIN-02,1768403067581,Shelf 11,2,Back on Track Royal Deluxe Quick Wraps,Tack & Equipment > Boots & Wraps > Leg Wraps,20334803,Size: 16,Color: Wine,,,,Wellington Warehouse,49500,49500,49500,99000,0,0,0.0663589
2,BIN-04,1767812231221,Shelf 8,4,Back on Track Royal Deluxe Mesh Sheet,Horse Wear > Blankets & Sheets > Stable Blankets & Sheets > Lightweight,22145025,Size: 69-Inch,Color: Navy,,,,Wellington Warehouse,140000,140000,140000,280000,0,0,
5,BIN-04,1767812231221,Shelf 8,4,Back on Track Royal Deluxe Mesh Sheet,Horse Wear > Blankets & Sheets > Stable Blankets & Sheets > Lightweight,22146835,Size: 72-Inch,Color: Green,,,,Wellington Warehouse,140000,140000,140000,280000,0,0,
1,BIN-04,1767812231221,Shelf 8,4,Back on Track Royal Deluxe Mesh Sheet,Horse Wear > Blankets & Sheets > Stable Blankets & Sheets > Lightweight,22145035,Size: 72-Inch,Color: Navy,,,,Wellington Warehouse,140000,140000,140000,280000,0,0,
2,BIN-01,1767812231218,Shelf 8,1,Back on Track Royal Mesh Neck Cover Deluxe,Horse Wear > Blankets & Sheets > Neck Covers & Hoods,22135055,Size: 81,Color: Navy,,,,Wellington Warehouse,49500,49500,49500,99000,0,0,
0,BIN-02,1768403067581,Shelf 11,2,Back on Track Royal Deluxe Quick Wraps,Tack & Equipment > Boots & Wraps > Leg Wraps,20339003,Size: 16,Color: Black,,,,Wellington Warehouse,49500,49500,49500,99000,0,0,0.07333445
0,BIN-03,1768403067582,Shelf 11,3,Back on Track Royal Deluxe Quick Wraps,Tack & Equipment > Boots & Wraps > Leg Wraps,20339000,Size: 10,Color: Black,,,,Wellington Warehouse,49500,49500,49500,99000,0,0,0.038289737
2,BIN-02,1767812231219,Shelf 8,2,Back on Track Royal Mesh Neck Cover Deluxe,Horse Wear > Blankets & Sheets > Neck Covers & Hoods,22136835,Size: 72,Color: Green,,,,Wellington Warehouse,49500,49500,49500,99000,0,0,
3,BIN-04,1767812231221,Shelf 8,4,Back on Track Royal Deluxe Mesh Sheet,Horse Wear > Blankets & Sheets > Stable Blankets & Sheets > Lightweight,22146825,Size: 69-Inch,Color: Green,,,,Wellington Warehouse,140000,140000,140000,280000,0,0,
6,BIN-01,1767812231218,Shelf 8,1,Back on Track Royal Mesh Neck Cover Deluxe,Horse Wear > Blankets & Sheets > Neck Covers & Hoods,22134845,Size: 78,Color: Wine,,,,Wellington Warehouse,49500,49500,49500,99000,0,0,
1,BIN-01,1767812231218,Shelf 8,1,Back on Track Royal Mesh Neck Cover Deluxe,Horse Wear > Blankets & Sheets > Neck Covers & Hoods,22136865,Size: 87,Color: Green,,,,Wellington Warehouse,49500,49500,49500,99000,0,0,
3,BIN-01,1767812231213,Shelf 9,1,Back on Track Royal Deluxe Mesh Sheet,Horse Wear > Blankets & Sheets > Stable Blankets & Sheets > Lightweight,22146860,Size: 84-Inch,Color: Green,,,,Wellington Warehouse,140000,140000,140000,280000,0,0,
0,BIN-03,1768403067582,Shelf 11,3,Back on Track Royal Deluxe Quick Wraps,Tack & Equipment > Boots & Wraps > Leg Wraps,20339001,Size: 12,Color: Black,,,,Wellington Warehouse,49500,49500,49500,99000,0,0,0.039652992
0,BIN-01,1768403067580,Shelf 11,1,Back on Track Royal Deluxe Quick Wraps,Tack & Equipment > Boots & Wraps > Leg Wraps,20339004,Size: 18,Color: Black,,,,Wellington Warehouse,49500,49500,49500,99000,0,0,0.05776055
2,BIN-04,1767812231216,Shelf 9,4,Back on Track Royal Deluxe Mesh Sheet,Horse Wear > Blankets & Sheets > Stable Blankets & Sheets > Lightweight,22149040,Size: 75-Inch,Color: Black,,,,Wellington Warehouse,140000,140000,140000,280000,0,0,
1,BIN-01,1767812231218,Shelf 8,1,Back on Track Royal Mesh Neck Cover Deluxe,Horse Wear > Blankets & Sheets > Neck Covers & Hoods,22135045,Size: 78,Color: Navy,,,,Wellington Warehouse,49500,49500,49500,99000,0,0,
16,BIN-05,1767812231217,Shelf 9,5,Back on Track Royal Deluxe Mesh Sheet,Horse Wear > Blankets & Sheets > Stable Blankets & Sheets > Lightweight,22145040,Size: 75-Inch,Color: Navy,,,,Wellington Warehouse,140000,140000,140000,280000,0,0,
0,BIN-04,1768845014312,Shelf 13,4,Dy'on Figure 8 Noseband Bridle - D Collection,"Tack & Equipment > Bridles, Headstalls & Reins > English Bridles & Reins > Bridles",DYAAAC-BR-F,Size: Full,Color: Brown,,,,Wellington Warehouse,193770,193770,193770,629990,0,0,
2,BIN-02,1767812231219,Shelf 8,2,Back on Track Royal Mesh Neck Cover Deluxe,Horse Wear > Blankets & Sheets > Neck Covers & Hoods,22139035,Size: 72,Color: Black,,,,Wellington Warehouse,49500,49500,49500,99000,0,0,
1,BIN-04,1767812231221,Shelf 8,4,Back on Track Royal Deluxe Mesh Sheet,Horse Wear > Blankets & Sheets > Stable Blankets & Sheets > Lightweight,22149025,Size: 69-Inch,Color: Black,,,,Wellington Warehouse,140000,140000,140000,280000,0,0,
1,BIN-02,1767812231219,Shelf 8,2,Back on Track Royal Mesh Neck Cover Deluxe,Horse Wear > Blankets & Sheets > Neck Covers & Hoods,22135035,Size: 72,Color: Navy,,,,Wellington Warehouse,49500,49500,49500,99000,0,0,
1,BIN-01,1767812231218,Shelf 8,1,Back on Track Royal Mesh Neck Cover Deluxe,Horse Wear > Blankets & Sheets > Neck Covers & Hoods,22134865,Size: 87,Color: Wine,,,,Wellington Warehouse,49500,49500,49500,99000,0,0,
5,BIN-01,1767812231218,Shelf 8,1,Back on Track Royal Mesh Neck Cover Deluxe,Horse Wear > Blankets & Sheets > Neck Covers & Hoods,22136845,Size: 78,Color: Green,,,,Wellington Warehouse,49500,49500,49500,99000,0,0,0.018145865
0,BIN-03,1768403067582,Shelf 11,3,Back on Track Royal Deluxe Quick Wraps,Tack & Equipment > Boots & Wraps > Leg Wraps,20339002,Size: 14,Color: Black,,,,Wellington Warehouse,49500,49500,49500,99000,0,0,0.18668629
4,BIN-01,1767812231218,Shelf 8,1,Back on Track Royal Mesh Neck Cover Deluxe,Horse Wear > Blankets & Sheets > Neck Covers & Hoods,22139045,Size: 78,Color: Black,,,,Wellington Warehouse,49500,49500,49500,99000,0,0,
4,BIN-02,1767812231214,Shelf 9,2,Back on Track Royal Deluxe Mesh Sheet,Horse Wear > Blankets & Sheets > Stable Blankets & Sheets > Lightweight,22145055,Size: 81-Inch,Color: Navy,,,,Wellington Warehouse,140000,140000,140000,280000,0,0,
1,BIN-01,1767812231213,Shelf 9,1,Back on Track Royal Deluxe Mesh Sheet,Horse Wear > Blankets & Sheets > Stable Blankets & Sheets > Lightweight,22144865,Size: 87-Inch,Color: Wine,,,,Wellington Warehouse,140000,140000,140000,280000,0,0,
5,BIN-01,1767812231218,Shelf 8,1,Back on Track Royal Mesh Neck Cover Deluxe,Horse Wear > Blankets & Sheets > Neck Covers & Hoods,22134855,Size: 81,Color: Wine,,,,Wellington Warehouse,49500,49500,49500,99000,0,0,
1,BIN-02,1767812231219,Shelf 8,2,Back on Track Royal Mesh Neck Cover Deluxe,Horse Wear > Blankets & Sheets > Neck Covers & Hoods,22135040,Size: 75,Color: Navy,,,,Wellington Warehouse,49500,49500,49500,99000,0,0,
2,BIN-04,1767812231221,Shelf 8,4,Back on Track Royal Deluxe Mesh Sheet,Horse Wear > Blankets & Sheets > Stable Blankets & Sheets > Lightweight,22149035,Size: 72-Inch,Color: Black,,,,Wellington Warehouse,140000,140000,140000,280000,0,0,
1,BIN-01,1767626770400,Shelf 5,1,Back on Track Royal Therapeutic Hock Wraps Deluxe,Tack & Equipment > Boots & Wraps > Protective Boots > Hock & Knee Boots,20229003,Size: Large,Color: Black,,,,Wellington Warehouse,49500,49500,49500,99000,0,0,0.037475303
8,BIN-04,1767812231216,Shelf 9,4,Back on Track Royal Deluxe Mesh Sheet,Horse Wear > Blankets & Sheets > Stable Blankets & Sheets > Lightweight,22144840,Size: 75-Inch,Color: Wine,,,,Wellington Warehouse,140000,140000,140000,280000,0,0,
1,BIN-04,1767812231216,Shelf 9,4,Back on Track Royal Deluxe Mesh Sheet,Horse Wear > Blankets & Sheets > Stable Blankets & Sheets > Lightweight,22146840,Size: 75-Inch,Color: Green,,,,Wellington Warehouse,140000,140000,140000,280000,0,0,
0,BIN-02,1768403067581,Shelf 11,2,Back on Track Royal Deluxe Quick Wraps,Tack & Equipment > Boots & Wraps > Leg Wraps,20336803,Size: 16,Color: Green,,,,Wellington Warehouse,49500,49500,49500,99000,0,0,
0,BIN-03,1768403067582,Shelf 11,3,Back on Track Royal Deluxe Quick Wraps,Tack & Equipment > Boots & Wraps > Leg Wraps,20334802,Size: 14,Color: Wine,,,,Wellington Warehouse,49500,49500,49500,99000,0,0,0.03317945
7,BIN-02,1767812231219,Shelf 8,2,Back on Track Royal Mesh Neck Cover Deluxe,Horse Wear > Blankets & Sheets > Neck Covers & Hoods,22139040,Size: 75,Color: Black,,,,Wellington Warehouse,49500,49500,49500,99000,0,0,0.014964065
2,BIN-01,1767812231218,Shelf 8,1,Back on Track Royal Mesh Neck Cover Deluxe,Horse Wear > Blankets & Sheets > Neck Covers & Hoods,22139055,Size: 81,Color: Black,,,,Wellington Warehouse,49500,49500,49500,99000,0,0,0.08228076
2,BIN-01,1767812231213,Shelf 9,1,Back on Track Royal Deluxe Mesh Sheet,Horse Wear > Blankets & Sheets > Stable Blankets & Sheets > Lightweight,22145065,Size: 87-Inch,Color: Navy,,,,Wellington Warehouse,140000,140000,140000,280000,0,0,
3,BIN-03,1767812231215,Shelf 9,3,Back on Track Royal Deluxe Mesh Sheet,Horse Wear > Blankets & Sheets > Stable Blankets & Sheets > Lightweight,22149045,Size: 78-Inch,Color: Black,,,,Wellington Warehouse,140000,140000,140000,280000,0,0,
1,BIN-02,1767812231219,Shelf 8,2,Back on Track Royal Mesh Neck Cover Deluxe,Horse Wear > Blankets & Sheets > Neck Covers & Hoods,22136825,Size: 69,Color: Green,,,,Wellington Warehouse,49500,49500,49500,99000,0,0,
0,BIN-01,1768403067580,Shelf 11,1,Back on Track Royal Deluxe Quick Wraps,Tack & Equipment > Boots & Wraps > Leg Wraps,20335004,Size: 18,Color: Navy,,,,Wellington Warehouse,49500,49500,49500,99000,0,0,
1,BIN-01,1767812231218,Shelf 8,1,Back on Track Royal Mesh Neck Cover Deluxe,Horse Wear > Blankets & Sheets > Neck Covers & Hoods,22134860,Size: 84,Color: Wine,,,,Wellington Warehouse,49500,49500,49500,99000,0,0,
1,BIN-03,1767812231215,Shelf 9,3,Back on Track Royal Deluxe Mesh Sheet,Horse Wear > Blankets & Sheets > Stable Blankets & Sheets > Lightweight,22144845,Size: 78-Inch,Color: Wine,,,,Wellington Warehouse,140000,140000,140000,280000,0,0,
2,BIN-04,1767812231221,Shelf 8,4,Back on Track Royal Deluxe Mesh Sheet,Horse Wear > Blankets & Sheets > Stable Blankets & Sheets > Lightweight,22144835,Size: 72-Inch,Color: Wine,,,,Wellington Warehouse,140000,140000,140000,280000,0,0,
4,BIN-03,1767812231215,Shelf 9,3,Back on Track Royal Deluxe Mesh Sheet,Horse Wear > Blankets & Sheets > Stable Blankets & Sheets > Lightweight,22146845,Size: 78-Inch,Color: Green,,,,Wellington Warehouse,140000,140000,140000,280000,0,0,0.030700758
0,BIN-01,1768403067580,Shelf 11,1,Back on Track Royal Deluxe Quick Wraps,Tack & Equipment > Boots & Wraps > Leg Wraps,20336804,Size: 18,Color: Green,,,,Wellington Warehouse,49500,49500,49500,99000,0,0,
0,BIN-01,1767812231213,Shelf 9,1,Back on Track Royal Deluxe Mesh Sheet,Horse Wear > Blankets & Sheets > Stable Blankets & Sheets > Lightweight,22145060,Size: 84-Inch,Color: Navy,,,,Wellington Warehouse,140000,140000,140000,280000,0,0,
1,BIN-01,1767812231213,Shelf 9,1,Back on Track Royal Deluxe Mesh Sheet,Horse Wear > Blankets & Sheets > Stable Blankets & Sheets > Lightweight,22149060,Size: 84-Inch,Color: Black,,,,Wellington Warehouse,140000,140000,140000,280000,0,0,0.03733726
5,BIN-01,1767812231213,Shelf 9,1,Back on Track Royal Deluxe Mesh Sheet,Horse Wear > Blankets & Sheets > Stable Blankets & Sheets > Lightweight,22144860,Size: 84-Inch,Color: Wine,,,,Wellington Warehouse,140000,140000,140000,280000,0,0,
1,BIN-01,1767812231213,Shelf 9,1,Back on Track Royal Deluxe Mesh Sheet,Horse Wear > Blankets & Sheets > Stable Blankets & Sheets > Lightweight,22149065,Size: 87-Inch,Color: Black,,,,Wellington Warehouse,140000,140000,140000,280000,0,0,0.014178035
0,BIN-03,1768403067582,Shelf 11,3,Back on Track Royal Deluxe Quick Wraps,Tack & Equipment > Boots & Wraps > Leg Wraps,20335000,Size: 10,Color: Navy,,,,Wellington Warehouse,49500,49500,49500,99000,0,0,
2,BIN-04,1767812231221,Shelf 8,4,Back on Track Royal Deluxe Mesh Sheet,Horse Wear > Blankets & Sheets > Stable Blankets & Sheets > Lightweight,22144825,Size: 69-Inch,Color: Wine,,,,Wellington Warehouse,140000,140000,140000,280000,0,0,
4,BIN-02,1767812231214,Shelf 9,2,Back on Track Royal Deluxe Mesh Sheet,Horse Wear > Blankets & Sheets > Stable Blankets & Sheets > Lightweight,22149055,Size: 81-Inch,Color: Black,,,,Wellington Warehouse,140000,140000,140000,280000,0,0,0.08228076
0,BIN-03,1768403067582,Shelf 11,3,Back on Track Royal Deluxe Quick Wraps,Tack & Equipment > Boots & Wraps > Leg Wraps,20334801,Size: 12,Color: Wine,,,,Wellington Warehouse,49500,49500,49500,99000,0,0,0.039751638
2,BIN-04,1768845014312,Shelf 13,4,Dy'on Wide Noseband Hunter Bridle,"Tack & Equipment > Bridles, Headstalls & Reins > English Bridles & Reins > Bridles",USKDALBRC,Size: Cob,Color: Brown,,,,Wellington Warehouse,179920,179920,179920,584990,0,0,
2,BIN-04,1768845014312,Shelf 13,4,Dy'on Cavesson Noseband Bridle - US Collection,"Tack & Equipment > Bridles, Headstalls & Reins > English Bridles & Reins > Bridles",USKDAJ-BR-F,Size: Full,Color: Brown,,,,Wellington Warehouse,186850,186850,186850,604990,0,0,
2,BIN-04,1768845014312,Shelf 13,4,Dy'on Bridge Breastplate - D Collection,Tack & Equipment > Martingales & Breastplates,DY06D-BR-C,Size: Cob,Color: Brown,,,,Wellington Warehouse,152240,152240,152240,494990,0,0,
0,BIN-04,1768845014312,Shelf 13,4,Dy'on Standing Martingale - US Collection,Tack & Equipment > Martingales & Breastplates,US07H-BR-F,Size: Full,Color: Brown,,,,Wellington Warehouse,100340,100340,100340,324990,0,0,0.011602909
0,BIN-03,1768845014311,Shelf 13,3,Dy'on Leather Covered Rope Noseband - D Collection,"Tack & Equipment > Bridles, Headstalls & Reins > English Bridles & Reins > Bridles",DY04I-BR-C,Size: Cob,Color: Brown,,,,Wellington Warehouse,58820,58820,58820,189990,0,0,0.024199575
0,BIN-04,1768845014312,Shelf 13,4,Dy'on Cavesson Noseband Bridle - US Collection,"Tack & Equipment > Bridles, Headstalls & Reins > English Bridles & Reins > Bridles",USKDAJ-BR-C,Size: Cob,Color: Brown,,,,Wellington Warehouse,186850,186850,186850,604990,0,0,0.0784238
0,BIN-04,1768845014312,Shelf 13,4,Dy'on Standing Martingale - US Collection,Tack & Equipment > Martingales & Breastplates,US07H-BR-C,Size: Cob,Color: Brown,,,,Wellington Warehouse,100340,100340,100340,324990,0,0,0.0784238
0,BIN-03,1768845014311,Shelf 13,3,Dy'on 5/8 Rubber Reins - D Collection,"Tack & Equipment > Bridles, Headstalls & Reins > English Bridles & Reins > Reins",DY05B-BR-C,Size: Cob,Color: Brown,,,,Wellington Warehouse,72660,72660,72660,234990,0,0,
0,BIN-03,1768845014311,Shelf 13,3,Dy'on Double Noseband - D Collection,"Tack & Equipment > Bridles, Headstalls & Reins > English Bridles & Reins > Bridles",DY04HBRF,Size: Full,Color: Brown,,,,Wellington Warehouse,86500,86500,86500,279990,0,0,
0,BIN-03,1768845014311,Shelf 13,3,Dy'on 5/8 Rubber Reins - D Collection,"Tack & Equipment > Bridles, Headstalls & Reins > English Bridles & Reins > Reins",DY05B-BR-F,Size: Full,Color: Brown,,,,Wellington Warehouse,72660,72660,72660,234990,0,0,0.024199575
0,BIN-04,1768845014312,Shelf 13,4,Dy'on Bridge Breastplate - D Collection,Tack & Equipment > Martingales & Breastplates,DY06D-BR-F,Size: Full,Color: Brown,,,,Wellington Warehouse,152240,152240,152240,494990,0,0,0.014585576
3,BIN-04,1768845014312,Shelf 13,4,Dy'on Running Martingale - D Collection,Tack & Equipment > Martingales & Breastplates,DY07G-BR-C,Size: Cob,Color: Brown,,,,Wellington Warehouse,83040,83040,83040,269990,0,0,
0,LVL 3,1770136848444,Sheets 1,3,Kentucky Horsewear Cotton Sheet,Horse Wear > Blankets & Sheets > Stable Blankets & Sheets > Lightweight,52115-03-155,Size: 81-Inch,Color: Navy,,,,Wellington Warehouse,121710,121710,121710,324990,0,0,0.029113257
6,BIN-04,1768845014312,Shelf 13,4,Kentucky Horsewear Sheepskin Breastplate Cover,Tack & Equipment > Martingales & Breastplates,42601-02-60,Color: Natural,,,,,Wellington Warehouse,30420,30420,30420,79990,0,0,0.0788293
1,LVL 3,1769968298843,Blankets 4,3,Kentucky Horsewear Show Rug (160g),Horse Wear > Blankets & Sheets > Stable Blankets & Sheets > Lightweight,52101-01-155,Size: 81-Inch,Color: Black,,,,Wellington Warehouse,141860,141860,141860,459990,0,0,
1,LVL 3,1769968298843,Blankets 4,3,Kentucky Horsewear Show Rug (160g),Horse Wear > Blankets & Sheets > Stable Blankets & Sheets > Lightweight,52101-03-160,Size: 84-Inch,Color: Navy,,,,Wellington Warehouse,141860,141860,141860,459990,0,0,
9,BIN-04,1768845014312,Shelf 13,4,Kentucky Horsewear Sheepskin Noseband Cover,"Tack & Equipment > Bridles, Headstalls & Reins > English Bridles & Reins > Bridle Accessories",42602-05-28,Color: Brown,,,,,Wellington Warehouse,17380,17380,17380,44990,0,0,
8,LVL 3,1770136848444,Sheets 1,3,Kentucky Horsewear Cotton Sheet,Horse Wear > Blankets & Sheets > Stable Blankets & Sheets > Lightweight,52115-03-140,Size: 75-inch,Color: Navy,,,,Wellington Warehouse,121710,121710,121710,324990,0,0,0.02249271
0,LVL 4,1770136848445,Sheets 1,4,Kentucky Horsewear Cotton Sheet,Horse Wear > Blankets & Sheets > Stable Blankets & Sheets > Lightweight,52115-01-160,Size: 84-Inch,Color: Black,,,,Wellington Warehouse,121710,121710,121710,324990,0,0,
9,LVL 3,1769968298843,Blankets 4,3,Kentucky Horsewear Show Rug (160g),Horse Wear > Blankets & Sheets > Stable Blankets & Sheets > Lightweight,52101-01-140,Size: 75-inch,Color: Black,,,,Wellington Warehouse,141860,141860,141860,459990,0,0,
6,LVL 3,1769968298843,Blankets 4,3,Kentucky Horsewear Waterproof Turnout Sheet,Horse Wear > Blankets & Sheets > Turnout Blankets & Sheets > Sheets,52153-03-145,Size: 78-Inch,Color: Navy,,,,Wellington Warehouse,96880,96880,96880,324990,0,0,
1,LVL 3,1769968298843,Blankets 4,3,Kentucky Horsewear Waterproof Turnout Sheet,Horse Wear > Blankets & Sheets > Turnout Blankets & Sheets > Sheets,52153-03-140,Size: 75-inch,Color: Navy,,,,Wellington Warehouse,96880,96880,96880,324990,0,0,
4,LVL 4,1770136848445,Sheets 1,4,Kentucky Horsewear Cotton Sheet,Horse Wear > Blankets & Sheets > Stable Blankets & Sheets > Lightweight,52115-01-145,Size: 78-Inch,Color: Black,,,,Wellington Warehouse,121710,121710,121710,324990,0,0,
4,LVL 3,1769968298843,Blankets 4,3,Kentucky Horsewear Show Rug (160g),Horse Wear > Blankets & Sheets > Stable Blankets & Sheets > Lightweight,52101-01-130,Size: 72-Inch,Color: Black,,,,Wellington Warehouse,141860,141860,141860,459990,0,0,
11,LVL 3,1769968298843,Blankets 4,3,Kentucky Horsewear Show Rug (160g),Horse Wear > Blankets & Sheets > Stable Blankets & Sheets > Lightweight,52101-01-145,Size: 78-Inch,Color: Black,,,,Wellington Warehouse,141860,141860,141860,459990,0,0,
4,LVL 3,1769968298843,Blankets 4,3,Kentucky Horsewear Waterproof Turnout Sheet,Horse Wear > Blankets & Sheets > Turnout Blankets & Sheets > Sheets,52153-03-160,Size: 84-Inch,Color: Navy,,,,Wellington Warehouse,96880,96880,96880,324990,0,0,
1,BIN-03,1768845014311,Shelf 13,3,Dy'on 5/8 Laced Reins - US Collection,"Tack & Equipment > Bridles, Headstalls & Reins > English Bridles & Reins > Reins",US05RBRF,Size: Full,Color: Brown,,,,Wellington Warehouse,93420,93420,93420,304990,0,0,0.011602909
1,LVL 1,1769968298841,Blankets 4,1,Kentucky Horsewear Stable Guard,Stable > Stable Supplies > Stall Supplies,82102-17,Color: Bordeaux,,,,,Wellington Warehouse,43470,43470,43470,119990,0,0,0.027733209
2,LVL 4,1770136848445,Sheets 1,4,Kentucky Horsewear Cotton Sheet,Horse Wear > Blankets & Sheets > Stable Blankets & Sheets > Lightweight,52115-01-130,Size: 72-Inch,Color: Black,,,,Wellington Warehouse,121710,121710,121710,324990,0,0,
6,LVL 3,1770136848444,Sheets 1,3,Kentucky Horsewear Cotton Sheet,Horse Wear > Blankets & Sheets > Stable Blankets & Sheets > Lightweight,52115-03-145,Size: 78-Inch,Color: Navy,,,,Wellington Warehouse,121710,121710,121710,324990,0,0,0.057336956
4,LVL 3,1770136848444,Sheets 1,3,Kentucky Horsewear Cotton Sheet,Horse Wear > Blankets & Sheets > Stable Blankets & Sheets > Lightweight,52115-03-130,Size: 72-Inch,Color: Navy,,,,Wellington Warehouse,121710,121710,121710,324990,0,0,0.021824578
6,BIN-04,1768845014312,Shelf 13,4,Kentucky Horsewear Sheepskin Noseband Cover,"Tack & Equipment > Bridles, Headstalls & Reins > English Bridles & Reins > Bridle Accessories",42602-02-28,Color: Natural,,,,,Wellington Warehouse,17380,17380,17380,44990,0,0,0.011467389
4,BIN-04,1768845014312,Shelf 13,4,Dy'on Anatomic Flash Noseband Bridle - D Collection,"Tack & Equipment > Bridles, Headstalls & Reins > English Bridles & Reins > Bridles",DYABAB-BR-F,Size: Full,Color: Brown,,,,Wellington Warehouse,207610,207610,207610,674990,0,0,0.06886609
3,LVL 3,1769968298843,Blankets 4,3,Kentucky Horsewear Waterproof Turnout Sheet,Horse Wear > Blankets & Sheets > Turnout Blankets & Sheets > Sheets,52153-03-155,Size: 81-Inch,Color: Navy,,,,Wellington Warehouse,96880,96880,96880,324990,0,0,
7,LVL 3,1769968298843,Blankets 4,3,Kentucky Horsewear Show Rug (160g),Horse Wear > Blankets & Sheets > Stable Blankets & Sheets > Lightweight,52101-03-140,Size: 75-inch,Color: Navy,,,,Wellington Warehouse,141860,141860,141860,459990,0,0,
1,LVL 3,1769968298843,Blankets 4,3,Kentucky Horsewear Show Rug (160g),Horse Wear > Blankets & Sheets > Stable Blankets & Sheets > Lightweight,52101-01-160,Size: 84-Inch,Color: Black,,,,Wellington Warehouse,141860,141860,141860,459990,0,0,
3,LVL 4,1770136848445,Sheets 1,4,Kentucky Horsewear Cotton Sheet,Horse Wear > Blankets & Sheets > Stable Blankets & Sheets > Lightweight,52115-01-140,Size: 75-inch,Color: Black,,,,Wellington Warehouse,121710,121710,121710,324990,0,0,
10,BIN-04,1768845014312,Shelf 13,4,Dy'on Anatomic Flash Noseband Bridle - D Collection,"Tack & Equipment > Bridles, Headstalls & Reins > English Bridles & Reins > Bridles",DYABAB-BR-C,Size: Cob,Color: Brown,,,,Wellington Warehouse,207610,207610,207610,674990,0,0,
0,BIN-03,1768845014311,Shelf 13,3,Dy'on 5/8 Laced Reins - US Collection,"Tack & Equipment > Bridles, Headstalls & Reins > English Bridles & Reins > Reins",US05RBRC,Size: Cob,Color: Brown,,,,Wellington Warehouse,93420,93420,93420,304990,0,0,0.0784238
1,LVL 3,1769968298843,Blankets 4,3,Kentucky Horsewear Show Rug (160g),Horse Wear > Blankets & Sheets > Stable Blankets & Sheets > Lightweight,52101-03-130,Size: 72-Inch,Color: Navy,,,,Wellington Warehouse,141860,141860,141860,459990,0,0,
3,BIN-05,1767722133136,Shelf 6,5,Kentucky Horsewear Vegan Sheepskin Bamboo Elastic Tendon Boots,Tack & Equipment > Boots & Wraps > Protective Boots > Front Boots,88102-01-01-M,Size: Medium,Color: Black/Black,,,,Wellington Warehouse,74990,74990,74990,414990,0,0,
0,BIN-05,1768403067589,Shelf 12,5,Kentucky Horsewear Quilted Stable Bandage Pad,Tack & Equipment > Boots & Wraps > Leg Wraps,42104-08-F,Size: Full,Color: Grey,,,,Wellington Warehouse,56510,56510,56510,159990,0,0,0.01621017
3,BIN-05,1767722133136,Shelf 6,5,Kentucky Horsewear Vegan Sheepskin Bamboo Elastic Tendon Boots,Tack & Equipment > Boots & Wraps > Protective Boots > Front Boots,88102-05-M,Size: Medium,Color: Brown,,,,Wellington Warehouse,74990,74990,74990,414990,0,0,
2,BIN-05,1767722133136,Shelf 6,5,Kentucky Horsewear Vegan Sheepskin Bamboo Elastic Tendon Boots,Tack & Equipment > Boots & Wraps > Protective Boots > Front Boots,88102-01-01-L,Size: Large,Color: Black/Black,,,,Wellington Warehouse,74990,74990,74990,414990,0,0,
1,BIN-05,1767722133136,Shelf 6,5,Kentucky Horsewear Bamboo Elastic Tendon Boots,Tack & Equipment > Boots & Wraps > Protective Boots > Front Boots,88101-01-L,Size: Large,Color: Black,,,,Wellington Warehouse,62490,62490,62490,349990,0,0,
0,BIN-05,1768403067589,Shelf 12,5,Kentucky Horsewear Quilted Stable Bandage Pad,Tack & Equipment > Boots & Wraps > Leg Wraps,42104-03-F,Size: Full,Color: Navy,,,,Wellington Warehouse,56510,56510,56510,159990,0,0,
0,BIN-01,1768403023955,Shelf 10,1,Walsh Velcro Bell Boots,Tack & Equipment > Boots & Wraps > Bell Boots,147-M-BLK,Size: Medium,Color: Black,,,,Wellington Warehouse,19000,19000,19000,34000,0,0,0.06352541
2,BIN-05,1767722133136,Shelf 6,5,Kentucky Horsewear Vegan Sheepskin Bamboo Elastic Tendon Boots,Tack & Equipment > Boots & Wraps > Protective Boots > Front Boots,88102-05-L,Size: Large,Color: Brown,,,,Wellington Warehouse,74990,74990,74990,414990,0,0,
4,BIN-05,1767722133136,Shelf 6,5,Kentucky Horsewear Vegan Sheepskin Bamboo Elastic Tendon Boots,Tack & Equipment > Boots & Wraps > Protective Boots > Front Boots,88102-01-M,Size: Medium,Color: Black,,,,Wellington Warehouse,74990,74990,74990,414990,0,0,
0,BIN-05,1768403067589,Shelf 12,5,Kentucky Horsewear Quilted Stable Bandage Pad,Tack & Equipment > Boots & Wraps > Leg Wraps,42104-01-F,Size: Full,Color: Black,,,,Wellington Warehouse,56510,56510,56510,159990,0,0,
1,BIN-05,1767722133136,Shelf 6,5,Kentucky Horsewear Bamboo Elastic Tendon Boots,Tack & Equipment > Boots & Wraps > Protective Boots > Front Boots,88101-01-M,Size: Medium,Color: Black,,,,Wellington Warehouse,62490,62490,62490,349990,0,0,
2,BIN-05,1767722133136,Shelf 6,5,Kentucky Horsewear Vegan Sheepskin Bamboo Elastic Tendon Boots,Tack & Equipment > Boots & Wraps > Protective Boots > Front Boots,88102-01-L,Size: Large,Color: Black,,,,Wellington Warehouse,74990,74990,74990,414990,0,0,0.015729083
3,BIN-05,1767722133136,Shelf 6,5,Kentucky Horsewear Bamboo Elastic Tendon Boots,Tack & Equipment > Boots & Wraps > Protective Boots > Front Boots,88101-05-M,Size: Medium,Color: Brown,,,,Wellington Warehouse,62490,62490,62490,349990,0,0,
2,BIN-05,1767722133136,Shelf 6,5,Kentucky Horsewear Bamboo Elastic Tendon Boots,Tack & Equipment > Boots & Wraps > Protective Boots > Front Boots,88101-05-L,Size: Large,Color: Brown,,,,Wellington Warehouse,62490,62490,62490,349990,0,0,
1,BIN-05,1767812231222,Shelf 8,5,Beautiful Tails Slinky II Elite,Horse Wear > Blankets & Sheets > Liners,BT-SLINKY II ELITE-S-RED,Color: Red,"Size: Small (64""-68"")",,,,Wellington Warehouse,128000,128000,128000,179990,0,0,
1,BIN-05,1767812231222,Shelf 8,5,Beautiful Tails Slinky II Elite,Horse Wear > Blankets & Sheets > Liners,BT-SLINKY II ELITE-S-BLK,Color: Black,"Size: Small (64""-68"")",,,,Wellington Warehouse,128000,128000,128000,179990,0,0,
0,BIN-04,1767722133135,Shelf 6,4,Kentucky Horsewear Air Turnout Boots,Tack & Equipment > Boots & Wraps > Protective Boots > Front Boots,42310-01-L,Size: Large,Color: Black,,,,Wellington Warehouse,22910,22910,22910,129990,0,0,0.030461676
3,BIN-04,1767722133135,Shelf 6,4,Kentucky Horsewear Air Turnout Boots,Tack & Equipment > Boots & Wraps > Protective Boots > Front Boots,42309-05-S,Size: Small,Color: Brown,,,,Wellington Warehouse,22910,22910,22910,129990,0,0,
2,BIN-04,1767722133135,Shelf 6,4,Kentucky Horsewear Air Turnout Boots,Tack & Equipment > Boots & Wraps > Protective Boots > Front Boots,42309-01-F,Size: Medium,Color: Black,,,,Wellington Warehouse,22910,22910,22910,129990,0,0,0.045692515
2,BIN-04,1767722133135,Shelf 6,4,Kentucky Horsewear Air Turnout Boots,Tack & Equipment > Boots & Wraps > Protective Boots > Front Boots,42309-01-S,Size: Small,Color: Black,,,,Wellington Warehouse,22910,22910,22910,129990,0,0,
3,BIN-04,1767722133135,Shelf 6,4,Kentucky Horsewear Air Turnout Boots,Tack & Equipment > Boots & Wraps > Protective Boots > Front Boots,42310-05-L,Size: Large,Color: Brown,,,,Wellington Warehouse,22910,22910,22910,129990,0,0,
3,BIN-04,1767722133135,Shelf 6,4,Kentucky Horsewear Air Turnout Boots,Tack & Equipment > Boots & Wraps > Protective Boots > Front Boots,42309-05-F,Size: Medium,Color: Brown,,,,Wellington Warehouse,22910,22910,22910,129990,0,0,
16,BIN-05,1768403023959,Shelf 10,5,Kentucky Horsewear Sheepskin Leather Overreach Boots,Tack & Equipment > Boots & Wraps > Bell Boots,88295-01-L,Size: Large,Color: Black/Natural,,,,Wellington Warehouse,52150,52150,52150,144990,0,0,
2,BIN-03,1773766441665,Shelf 16,3,Kentucky Horsewear Leather Anatomic Halter,Tack & Equipment > Halters & Leads > Halters > Leather Halters,42513-05-COB,Size: Cob,Color: Brown,,,,Wellington Warehouse,76120,76120,76120,259990,0,0,0.030498268
5,BIN-05,1768403023959,Shelf 10,5,Kentucky Horsewear Sheepskin Leather Overreach Boots,Tack & Equipment > Boots & Wraps > Bell Boots,88295-05-05-XL,Size: Extra Large,Color: Brown/Brown,,,,Wellington Warehouse,52150,52150,52150,144990,0,0,
5,ROW 3 : LVL 4,1774281545039,Grooming,4,Silver Honey Medicated Shampoo,"Horse Care > Grooming & Bathing > Shampoos, Conditioners, & Sprays > Shampoos",20341-1,Title: Default Title,,,,,Wellington Warehouse,14590,14590,14590,23990,0,0,0.028388625
7,BIN-03,1767722157721,Shelf 7,3,Kentucky Horsewear Waterproof Saddle Cover,"Tack & Equipment > Bags, Cases & Covers",82152-01-SJ,Color: Black,,,,,Wellington Warehouse,56510,56510,56510,159990,0,0,
5,BIN-05,1768403023959,Shelf 10,5,Kentucky Horsewear Sheepskin Leather Overreach Boots,Tack & Equipment > Boots & Wraps > Bell Boots,88295-05-05-XXL,Size: Extra Extra Large,Color: Brown/Brown,,,,Wellington Warehouse,52150,52150,52150,144990,0,0,
5,BIN-05,1768403023959,Shelf 10,5,Kentucky Horsewear Sheepskin Leather Overreach Boots,Tack & Equipment > Boots & Wraps > Bell Boots,88295-01-01-M,Size: Medium,Color: Black/Black,,,,Wellington Warehouse,52150,52150,52150,144990,0,0,0.07378313
11,BIN-05,1768403023959,Shelf 10,5,Kentucky Horsewear Sheepskin Leather Overreach Boots,Tack & Equipment > Boots & Wraps > Bell Boots,88295-01-XXL,Size: Extra Extra Large,Color: Black/Natural,,,,Wellington Warehouse,52150,52150,52150,144990,0,0,
3,BIN-05,1768403023959,Shelf 10,5,Kentucky Horsewear Sheepskin Leather Overreach Boots,Tack & Equipment > Boots & Wraps > Bell Boots,88295-01-M,Size: Medium,Color: Black/Natural,,,,Wellington Warehouse,52150,52150,52150,144990,0,0,
12,BIN-05,1768403023959,Shelf 10,5,Kentucky Horsewear Sheepskin Leather Overreach Boots,Tack & Equipment > Boots & Wraps > Bell Boots,88295-01-XL,Size: Extra Large,Color: Black/Natural,,,,Wellington Warehouse,52150,52150,52150,144990,0,0,0.03162547
4,BIN-05,1768403023959,Shelf 10,5,Kentucky Horsewear Sheepskin Leather Overreach Boots,Tack & Equipment > Boots & Wraps > Bell Boots,88295-05-XL,Size: Extra Large,Color: Brown/Natural,,,,Wellington Warehouse,52150,52150,52150,144990,0,0,
16,BIN-03,1773766441665,Shelf 16,3,Kentucky Horsewear Leather Anatomic Halter,Tack & Equipment > Halters & Leads > Halters > Leather Halters,42513-05-F,Size: Full,Color: Brown,,,,Wellington Warehouse,76120,76120,76120,259990,0,0,
6,BIN-03,1767722157721,Shelf 7,3,Kentucky Horsewear Waterproof Saddle Cover,"Tack & Equipment > Bags, Cases & Covers",82152-03-SJ,Color: Navy,,,,,Wellington Warehouse,56510,56510,56510,159990,0,0,
5,BIN-05,1768403023959,Shelf 10,5,Kentucky Horsewear Sheepskin Leather Overreach Boots,Tack & Equipment > Boots & Wraps > Bell Boots,88295-05-XXL,Size: Extra Extra Large,Color: Brown/Natural,,,,Wellington Warehouse,52150,52150,52150,144990,0,0,
8,ROW 1 : LVL 5,1768938712713,First Aid,5,Tesa Tape,Horse Care > First Aid & Wellness > First Aid Supplies,44541-50-50,Size: 50mm x 50m,,,,,Wellington Warehouse,30660,30660,30660,114990,0,0,
2,LVL 3,1770050955929,Blankets 3,3,Big D All American Blanket (275g),Horse Wear > Blankets & Sheets > Stable Blankets & Sheets > Medium Weight,14-CLOSED-BLACK-76,Size: 76-Inch,Color: Black/Silver Trim,Closure Style: Closed Front,,,Wellington Warehouse,89500,89500,89500,179950,0,0,
4,LVL 2,1771873985968,Sheets 4,2,Big D Closed Front Nylon Stable Sheet,Horse Wear > Blankets & Sheets > Stable Blankets & Sheets > Lightweight,5-CLOSED-BLACK-74,Size: 74-Inch,Color: Black/Silver Trim,,,,Wellington Warehouse,58000,58000,58000,94990,0,0,
3,LVL 3,1770050955929,Blankets 3,3,Big D All American Blanket (275g),Horse Wear > Blankets & Sheets > Stable Blankets & Sheets > Medium Weight,14-OPEN-BLACK-78,Size: 78-Inch,Color: Black/Silver Trim,Closure Style: Open Front,,,Wellington Warehouse,89500,89500,89500,179950,0,0,
2,LVL 2,1771873985968,Sheets 4,2,Big D Closed Front Nylon Stable Sheet,Horse Wear > Blankets & Sheets > Stable Blankets & Sheets > Lightweight,5-CLOSED-BLACK-78,Size: 78-Inch,Color: Black/Silver Trim,,,,Wellington Warehouse,58000,58000,58000,94990,0,0,
0,LVL 2,1771873985968,Sheets 4,2,Big D Closed Front Nylon Stable Sheet,Horse Wear > Blankets & Sheets > Stable Blankets & Sheets > Lightweight,5-CLOSED-BLACK-72,Size: 72-Inch,Color: Black/Silver Trim,,,,Wellington Warehouse,58000,58000,58000,94990,0,0,
15,BIN-04,1768403023958,Shelf 10,4,Professionals Choice Spartan II Bell Boot with Fleece,Tack & Equipment > Boots & Wraps > Bell Boots,BBF563-BLA,Size: Large,Color: Black,,,,Wellington Warehouse,29250,29250,29250,53990,0,0,
3,LVL 3,1770050955929,Blankets 3,3,Big D All American Blanket (275g),Horse Wear > Blankets & Sheets > Stable Blankets & Sheets > Medium Weight,14-CLOSED-BLACK-74,Size: 74-Inch,Color: Black/Silver Trim,Closure Style: Closed Front,,,Wellington Warehouse,89500,89500,89500,179950,0,0,
3,LVL 3,1770050955929,Blankets 3,3,Big D All American Blanket (275g),Horse Wear > Blankets & Sheets > Stable Blankets & Sheets > Medium Weight,14-OPEN-BLACK-80,Size: 80-Inch,Color: Black/Silver Trim,Closure Style: Open Front,,,Wellington Warehouse,89500,89500,89500,179950,0,0,
0,LVL 3,1770050955929,Blankets 3,3,Big D All American Blanket (275g),Horse Wear > Blankets & Sheets > Stable Blankets & Sheets > Medium Weight,14-CLOSED-BLACK-78,Size: 78-Inch,Color: Black/Silver Trim,Closure Style: Closed Front,,,Wellington Warehouse,89500,89500,89500,179950,0,0,
0,LVL 2,1771873985968,Sheets 4,2,Big D Closed Front Nylon Stable Sheet,Horse Wear > Blankets & Sheets > Stable Blankets & Sheets > Lightweight,5-CLOSED-BLACK-76,Size: 76-Inch,Color: Black/Silver Trim,,,,Wellington Warehouse,58000,58000,58000,94990,0,0,0.015081415
4,LVL 3,1770050955929,Blankets 3,3,Big D All American Blanket (275g),Horse Wear > Blankets & Sheets > Stable Blankets & Sheets > Medium Weight,14-CLOSED-BLACK-80,Size: 80-Inch,Color: Black/Silver Trim,Closure Style: Closed Front,,,Wellington Warehouse,89500,89500,89500,179950,0,0,
10,BIN-04,1768403023958,Shelf 10,4,Professionals Choice Spartan II Bell Boot with Fleece,Tack & Equipment > Boots & Wraps > Bell Boots,BBF562-BLA,Size: Medium,Color: Black,,,,Wellington Warehouse,29250,29250,29250,53990,0,0,
0,LVL 2,1771873985968,Sheets 4,2,Big D Closed Front Nylon Stable Sheet,Horse Wear > Blankets & Sheets > Stable Blankets & Sheets > Lightweight,5-CLOSED-BLACK-80,Size: 80-Inch,Color: Black/Silver Trim,,,,Wellington Warehouse,58000,58000,58000,94990,0,0,0.023652196
4,BIN-04,1768403023958,Shelf 10,4,Professionals Choice Spartan II Bell Boot with Fleece,Tack & Equipment > Boots & Wraps > Bell Boots,BBF563-WHI,Size: Large,Color: White,,,,Wellington Warehouse,29250,29250,29250,53990,0,0,
2,LVL 3,1770050955929,Blankets 3,3,Big D All American Blanket (275g),Horse Wear > Blankets & Sheets > Stable Blankets & Sheets > Medium Weight,14-OPEN-BLACK-72,Size: 72-Inch,Color: Black/Silver Trim,Closure Style: Open Front,,,Wellington Warehouse,89500,89500,89500,179950,0,0,
5,LVL 3,1770050955929,Blankets 3,3,Big D All American Blanket (275g),Horse Wear > Blankets & Sheets > Stable Blankets & Sheets > Medium Weight,14-OPEN-BLACK-74,Size: 74-Inch,Color: Black/Silver Trim,Closure Style: Open Front,,,Wellington Warehouse,89500,89500,89500,179950,0,0,
1,LVL 3,1770050955929,Blankets 3,3,Big D All American Blanket (275g),Horse Wear > Blankets & Sheets > Stable Blankets & Sheets > Medium Weight,14-CLOSED-BLACK-72,Size: 72-Inch,Color: Black/Silver Trim,Closure Style: Closed Front,,,Wellington Warehouse,89500,89500,89500,179950,0,0,
1,LVL 3,1770050955929,Blankets 3,3,Big D All American Blanket (275g),Horse Wear > Blankets & Sheets > Stable Blankets & Sheets > Medium Weight,14-OPEN-BLACK-82,Size: 82-Inch,Color: Black/Silver Trim,Closure Style: Open Front,,,Wellington Warehouse,93500,93500,93500,199990,0,0,
1,LVL 3,1770050955929,Blankets 3,3,Big D All American Blanket (275g),Horse Wear > Blankets & Sheets > Stable Blankets & Sheets > Medium Weight,14-OPEN-BLACK-76,Size: 76-Inch,Color: Black/Silver Trim,Closure Style: Open Front,,,Wellington Warehouse,89500,89500,89500,179950,0,0,
2,LVL 3,1770050955929,Blankets 3,3,Big D All American Blanket (275g),Horse Wear > Blankets & Sheets > Stable Blankets & Sheets > Medium Weight,14-CLOSED-BLACK-82,Size: 82-Inch,Color: Black/Silver Trim,Closure Style: Closed Front,,,Wellington Warehouse,93500,93500,93500,199990,0,0,
10,ROW 3 : LVL 3,1774281614628,Grooming/Tack Cleaner,3,Andis Quad Force Replacement Blade Drive,"Horse Care > Grooming & Bathing > Clippers, Blades & Accessories",20659,Title: Default Title,,,,,Wellington Warehouse,5070,5070,5070,10510,0,0,
1,ROW 4 : LVL 1,1774281147461,Supplements 2,1,DAC Colt Grower,Horse Care > Supplements > Vitamins & Minerals,CG05,Size: 5 Pounds,,,,,Wellington Warehouse,32500,32500,32500,44310,0,0,
2,ROW 4 : LVL 1,1774281147461,Supplements 2,1,DAC Colt Grower,Horse Care > Supplements > Vitamins & Minerals,CG20,Size: 20 Pounds,,,,,Wellington Warehouse,95160,95160,95160,122910,0,0,
11,ROW 1 : LVL 1,1767888349952,Supplements 1,1,Panacur Paste,Horse Care > Supplements > Wormer,69273,Size: 25 Grams,,,Lot# A518A01,2028-01-01,Wellington Warehouse,10510,10510,10510,12990,0,0,0.055123318
10,BIN 1,1776787343289,Spurs,1,Uline Electrical Tape,Stable > Stable Supplies > Misc,S-10521,Size: 20-Yard Length x 3/4-Inch Width,Color: Brown,,,,Wellington Warehouse,1000,1000,1000,2950,0,0,0.22350796
10,BIN 1,1776787343289,Spurs,1,Uline Electrical Tape,Stable > Stable Supplies > Misc,S-5143,Size: 20-Yard Length x 3/4-Inch Width,Color: Black,,,,Wellington Warehouse,1150,1150,1150,2950,0,0,
5,BIN 1,1776787343289,Spurs,1,Uline Electrical Tape,Stable > Stable Supplies > Misc,S-7858,Size: 20-Yard Length x 3/4-Inch Width,Color: White,,,,Wellington Warehouse,1000,1000,1000,2950,0,0,0.22350796
2,ROW 1 : LVL 3,1768938712711,First Aid,3,Equishield IBH Salve,Horse Care > First Aid & Wellness > Wound Care & Topicals,9009-06-00,Size: 4 Ounces,,,,,Wellington Warehouse,19650,19650,19650,37790,0,0,
5,ROW 2 : LVL 2,1768938712706,First Aid,2,Monojet Poly Hub Needle,Horse Care > First Aid & Wellness > First Aid Supplies > Needles and Syringes,8881251840,Size: 21 Gauge x 1 Inch,Quantity: Box of 100,,,,Wellington Warehouse,10650,10650,10650,15990,0,0,
7,ROW 2 : LVL 2,1768938712706,First Aid,2,Monojet Poly Hub Needle,Horse Care > First Aid & Wellness > First Aid Supplies > Needles and Syringes,8881251790,Size: 20 Gauge x 1 1/2 Inch,Quantity: Box of 100,,,,Wellington Warehouse,10650,10650,10650,18990,0,0,
5,ROW 2 : LVL 2,1768938712706,First Aid,2,Monojet Poly Hub Needle,Horse Care > First Aid & Wellness > First Aid Supplies > Needles and Syringes,8881250081,Size: 19 Gauge x 1 Inch,Quantity: Box of 100,,,,Wellington Warehouse,10600,10600,10600,14990,0,0,
0,ROW 2 : LVL 2,1768938712706,First Aid,2,Monojet Poly Hub Needle,Horse Care > First Aid & Wellness > First Aid Supplies > Needles and Syringes,8881251782,Size: 20 Gauge x 1 Inch,Quantity: Box of 100,,,,Wellington Warehouse,9540,9540,9540,15990,0,0,0.041853435
1,BIN-01,1773766480619,Shelf 18,1,"Perri's Leather 1"" Leather Lead with Brass Plated Chain",Tack & Equipment > Halters & Leads > Lead Ropes,Z-L420H,Title: Default Title,,,,,Wellington Warehouse,22950,22950,22950,48950,0,0,
1,BIN-01,1773766441663,Shelf 16,1,Perri's Leather Shipping Halter,Tack & Equipment > Halters & Leads > Halters > Leather Halters,125-HORSE,Title: Default Title,,,,,Wellington Warehouse,110000,110000,110000,240950,0,0,
3,BIN-02,1767626770401,Shelf 5,2,Back on Track Supreme Exercise Boots with Shock Absorbent Pad,Tack & Equipment > Boots & Wraps > Protective Boots > Front Boots,20790003,Size: Large,,,,,Wellington Warehouse,43000,43000,43000,86000,0,0,
0,BIN-03,1777314699040,Shelf 20,3,Mustang Weighted End Split Reins,"Tack & Equipment > Bridles, Headstalls & Reins > Western Headstalls & Reins > Reins",55Rein-5,"Size: 3/8""x8'",,,,,Wellington Warehouse,28500,28500,28500,37500,0,0,0.024851998
6,BIN-04,1773766480617,Shelf 17,4,Mustang Economy Halter,Tack & Equipment > Halters & Leads > Halters > Nylon & Rope Halters,85082-D,Size: Horse,Color: Black,,,,Wellington Warehouse,7950,7950,7950,13990,0,0,
3,BIN-04,1777314699041,Shelf 20,4,Mustang Double Stitched Browband Headstall with Tie Ends,"Tack & Equipment > Bridles, Headstalls, & Reins > Western Headstalls & Reins > Headstalls",55HDST-201,Size: Horse,,,,,Wellington Warehouse,31500,31500,31500,39990,0,0,
25,BIN-04,1773766480617,Shelf 17,4,Mustang Economy Halter,Tack & Equipment > Halters & Leads > Halters > Nylon & Rope Halters,85082-B,Size: Horse,Color: Blue,,,,Wellington Warehouse,7950,7950,7950,13990,0,0,
1,LVL 5,1770396443383,Saddle Pads 3,5,Mustang Brushed Wool Contoured Saddle Pad,Tack & Equipment > Saddle Pads > Western Saddle Pads & Liners,4670 D,Size: 32 Inches x 32 Inches,Color: Black,,,,Wellington Warehouse,49950,49950,49950,89990,0,0,0.023179295
3,BIN 1,1776787262019,Bits 1,1,Mustang Double Stitched Curb Strap,Tack & Equipment > Bits > Bit Accessories,55CURB-2,Title: Default Title,,,,,Wellington Warehouse,7150,7150,7150,11990,0,0,
2,BIN-04,1777314699041,Shelf 20,4,Mustang Slip Ear Headstall with Tie Ends,"Tack & Equipment > Bridles, Headstalls, & Reins > Western Headstalls & Reins > Headstalls",55HDST-22,Size: Horse,,,,,Wellington Warehouse,17100,17100,17100,24990,0,0,
47,BIN-01,1768403067585,Shelf 12,1,"Mustang Polo Wraps, Set of 4",Tack & Equipment > Boots & Wraps > Leg Wraps,8440 T,Size: Horse,Color: White,,,,Wellington Warehouse,12500,12500,12500,19990,0,0,0.06423188
5,BIN-04,1773766480617,Shelf 17,4,Mustang Economy Halter,Tack & Equipment > Halters & Leads > Halters > Nylon & Rope Halters,85082-F,Size: Horse,Color: Navy,,,,Wellington Warehouse,7950,7950,7950,13990,0,0,
4,BIN-02,1768403067586,Shelf 12,2,Back on Track Scandic PK Performance Leg Wraps,Tack & Equipment > Boots & Wraps > Leg Wraps,20140000,Size: 30 Centimeters x 40 Centimeters,Color: Black,,,,Wellington Warehouse,34500,34500,34500,69000,0,0,
2,BIN-03,1776354991788,Grooming Small,3,Epona Queen's Brush,Horse Care > Grooming & Bathing > Brushes & Tools > Brushes & Combs,1096,Title: Default Title,,,,,Wellington Warehouse,7260,8050,8840,14990,0,0,0.035771992
2,BIN-02,1768403067586,Shelf 12,2,Back on Track Scandic PK Performance Leg Wraps,Tack & Equipment > Boots & Wraps > Leg Wraps,20140200,Size: 30 Centimeters x 40 Centimeters,Color: White,,,,Wellington Warehouse,34500,34500,34500,69000,0,0,
2,BIN-02,1768403067586,Shelf 12,2,Back on Track Scandic PK Performance Leg Wraps,Tack & Equipment > Boots & Wraps > Leg Wraps,20140202,Size: 40 Centimeters  x 40 Centimeters,Color: White,,,,Wellington Warehouse,34500,34500,34500,69000,0,0,0.045091603
1,BIN-02,1768403067586,Shelf 12,2,Back on Track Scandic PK Performance Leg Wraps,Tack & Equipment > Boots & Wraps > Leg Wraps,20140204,Size: 50 Centimeters  x 50 Centimeters,Color: White,,,,Wellington Warehouse,34500,34500,34500,69000,0,0,0.02998114
18,BIN-01,1773766480619,Shelf 18,1,Mustang Poly Lead,Tack & Equipment > Halters & Leads > Lead Ropes,6000-C,Color: Brown,,,,,Wellington Warehouse,5200,5200,5200,9990,0,0,
10,BIN-01,1773766480619,Shelf 18,1,Mustang Poly Lead,Tack & Equipment > Halters & Leads > Lead Ropes,6000-F,Color: Navy,,,,,Wellington Warehouse,5200,5200,5200,9990,0,0,0.0411787
2,BIN-04,1777314699041,Shelf 20,4,Professional's Choice White Cord Cavesson,"Tack & Equipment > Bridles, Headstalls, & Reins > Western Headstalls & Reins > Headstalls",201115,Title: Default Title,,,,,Wellington Warehouse,6750,6750,6750,9990,0,0,
2,Grid wall,1770916055031,Girths,1,Professional's Choice 2xCool Cinch,Tack & Equipment > Girths & Cinches > Western Cinches,XCC-30,Size: 30-Inch,,,,,Wellington Warehouse,80500,80500,80500,138990,0,0,
6,BIN-02,1767553027608,Shelf 4,2,Professional's Choice Leather Skid Boots with Buckle,Tack & Equipment > Boots & Wraps > Protective Boots > Hind Boots,LSB,Title: Default Title,,,,,Wellington Warehouse,74250,74250,74250,129990,0,0,
6,BIN-04,1777314699041,Shelf 20,4,Professional's Choice Ranch Flat Nose Caveson,"Tack & Equipment > Bridles, Headstalls, & Reins > Western Headstalls & Reins > Headstalls",RH8029,Title: Default Title,,,,,Wellington Warehouse,20000,20000,20000,34950,0,0,
6,Grid wall,1770916055031,Girths,1,Professional's Choice 2xCool Cinch,Tack & Equipment > Girths & Cinches > Western Cinches,XCC-26,Size: 26-Inch,,,,,Wellington Warehouse,80500,80500,80500,138990,0,0,
5,BIN-04,1777314699041,Shelf 20,4,Professional's Choice Ranch Single Ear Quick Change Headstall,"Tack & Equipment > Bridles, Headstalls, & Reins > Western Headstalls & Reins > Headstalls",RH5056,Title: Default Title,,,,,Wellington Warehouse,27250,27250,27250,49990,0,0,
1,BIN-03,1767553027609,Shelf 4,3,Professional's Choice Leather Skid Boots,Tack & Equipment > Boots & Wraps > Protective Boots > Hind Boots,PCSKB-100,Title: Default Title,,,,,Wellington Warehouse,84500,84500,84500,145990,0,0,
4,Grid wall,1770916055031,Girths,1,Professional's Choice 2xCool Cinch,Tack & Equipment > Girths & Cinches > Western Cinches,XCC-28,Size: 28-Inch,,,,,Wellington Warehouse,80500,80500,80500,138990,0,0,0.08680543
89,BIN-04,1776354991789,Grooming Small,4,Epona Shed Express,Horse Care > Grooming & Bathing > Brushes & Tools > Brushes & Combs,7719,Title: Default Title,,,,,Wellington Warehouse,8500,8500,8500,17950,0,0,
3,ROW 4 : LVL 4,1774281545044,Grooming,4,UltraCruz Equine Foaming Shampoo,"Horse Care > Grooming & Bathing > Shampoos, Conditioners, & Sprays > Shampoos",sc-395750,Size: 32 Ounce Refill,,,,,Wellington Warehouse,10460,10460,10460,12950,0,0,
1,ROW 4 : LVL 4,1774281545044,Grooming,4,UltraCruz Equine Foaming Shampoo,"Horse Care > Grooming & Bathing > Shampoos, Conditioners, & Sprays > Shampoos",sc-395749,Size: 32 Ounces with Sprayer,,,,,Wellington Warehouse,11960,11960,11960,14950,0,0,0.02829088
2,ROW 4 : LVL 4,1774281545044,Grooming,4,UltraCruz Equine Shampoo,"Horse Care > Grooming & Bathing > Shampoos, Conditioners, & Sprays > Shampoos",sc-395293,Size: 32 Ounces,,,,,Wellington Warehouse,7460,7460,7460,10990,0,0,
20,BIN-03,1774887638154,Cavali 1,3,Cavali Club Cheese Knives,Rider > Home Decor & Gifts,WINTER503,Title: Default Title,,,,,Wellington Warehouse,6350,6350,6350,29990,0,0,0.044930793
7,ROW 4 : LVL 4,1774281545044,Grooming,4,UltraCruz Equine Foaming Shampoo,"Horse Care > Grooming & Bathing > Shampoos, Conditioners, & Sprays > Shampoos",sc-395751,Size: 1 Gallon,,,,,Wellington Warehouse,25460,25460,25460,29990,0,0,0.02829088
24,ROW 4 : LVL 4,1774281545044,Grooming,4,UltraCruz Equine Conditioner,"Horse Care > Grooming & Bathing > Shampoos, Conditioners, & Sprays > Conditioners",sc-395297,Size: 1 Gallon,,,,,Wellington Warehouse,15540,15540,15540,24990,0,0,0.07449958
1,ROW 5 : LVL 4,1769190184154,Fly sprays,4,DAC Citronella Spray,Horse Care > Fly & Insect Control > Fly Sprays & Traps,810006841145,Size: 1 Gallon,,,,,Wellington Warehouse,36750,36750,36750,60570,0,0,
3,ROW 4 : LVL 3,1774281614633,Grooming/Tack Cleaner,3,UltraCruz Equine Detangler Gel,"Horse Care > Grooming & Bathing > Shampoos, Conditioners & Sprays > Detanglers, Shines & Sprays",sc-395339,Size: 1 Gallon,,,,,Wellington Warehouse,138710,138710,138710,179990,0,0,
7,ROW 4 : LVL 3,1774281614633,Grooming/Tack Cleaner,3,UltraCruz Equine Detangler Gel,"Horse Care > Grooming & Bathing > Shampoos, Conditioners & Sprays > Detanglers, Shines & Sprays",sc-395338,Size: 32 Ounces,,,,,Wellington Warehouse,41210,41210,41210,49990,0,0,
27,ROW 4 : LVL 4,1774281545044,Grooming,4,UltraCruz Equine Shampoo,"Horse Care > Grooming & Bathing > Shampoos, Conditioners, & Sprays > Shampoos",sc-395294,Size: 1 Gallon,,,,,Wellington Warehouse,15920,15920,15920,24990,0,0,0.03724979
6,ROW 2 : LVL 4,1768938712708,First Aid,4,Monoject Disposable Luer Lock Tip Syringe,Horse Care > First Aid & Wellness > First Aid Supplies > Needles and Syringes,8881535762,Size: 35cc / Box of 30,,,,,Wellington Warehouse,23700,23700,23700,29990,0,0,
6,ROW 2 : LVL 4,1768938712708,First Aid,4,Monoject Disposable Regular Tip Syringe,Horse Care > First Aid & Wellness > First Aid Supplies > Needles and Syringes,8881512852,Size: 12cc / Box of 80,,,,,Wellington Warehouse,27050,27050,27050,35990,0,0,
1,ROW 2 : LVL 1,1774281650391,Hoof/Treats,1,Likit Granola Stall Ball,Horse Care > Treats & Toys > Toys & Licks,GRANBALLMIUS,Size: 3.53 Pounds,Flavor: Peppermint,,,,Wellington Warehouse,0,7740,15480,22990,0,0,0.34148926
13,ROW 2 : LVL 4,1768938712708,First Aid,4,Monoject Disposable Luer Lock Tip Syringe,Horse Care > First Aid & Wellness > First Aid Supplies > Needles and Syringes,8881560125-SINGLE,Size: 60cc / 1 Unit,,,,,Wellington Warehouse,1230,1230,1230,2950,0,0,
2,ROW 2 : LVL 4,1768938712708,First Aid,4,Monoject Disposable Regular Tip Syringe,Horse Care > First Aid & Wellness > First Aid Supplies > Needles and Syringes,8881501400,Size: 1cc / Box of 100,,,,,Wellington Warehouse,18130,18130,18130,22990,0,0,0.04982302
43,ROW 2 : LVL 4,1768938712708,First Aid,4,Monoject Disposable Regular Tip Syringe,Horse Care > First Aid & Wellness > First Aid Supplies > Needles and Syringes,8881560224-SINGLE,Size: 60cc / 1 unit,,,,,Wellington Warehouse,1540,1540,1540,2950,0,0,
4,ROW 2 : LVL 4,1768938712708,First Aid,4,Monoject Disposable Regular Tip Syringe,Horse Care > First Aid & Wellness > First Aid Supplies > Needles and Syringes,8881513918,Size: 3cc / Box of 100,,,,,Wellington Warehouse,15000,15000,15000,18990,0,0,
8,ROW 2 : LVL 4,1768938712708,First Aid,4,Monoject Disposable Luer Lock Tip Syringe,Horse Care > First Aid & Wellness > First Aid Supplies > Needles and Syringes,8881512878,Size: 12cc / Box of 80,,,,,Wellington Warehouse,28300,28300,28300,38990,0,0,
5,ROW 2 : LVL 4,1768938712708,First Aid,4,Monoject Disposable Regular Tip Syringe,Horse Care > First Aid & Wellness > First Aid Supplies > Needles and Syringes,8881520673,Size: 20cc / Box of 50,,,,,Wellington Warehouse,36000,36000,36000,43990,0,0,
0,ROW 2 : LVL 4,1768938712708,First Aid,4,Monoject Disposable Regular Tip Syringe,Horse Care > First Aid & Wellness > First Aid Supplies > Needles and Syringes,8881535796,Size: 35cc / Box of 30,,,,,Wellington Warehouse,26700,26700,26700,32990,0,0,
2,ROW 2 : LVL 4,1768938712708,First Aid,4,Monoject Disposable Regular Tip Syringe,Horse Care > First Aid & Wellness > First Aid Supplies > Needles and Syringes,8881516911,Size: 6cc / Box of 50,,,,,Wellington Warehouse,12500,12500,12500,18990,0,0,0.033702284
2,BIN-05,1777314699042,Shelf 20,5,"Tough-1 Royal King Nylon Web Off Billet 2-Ply 2"" Wide",Tack & Equipment > Girths & Cinches > Western Cinches,56-3560-2-0,Color: Black,,,,,Wellington Warehouse,3690,3690,3690,5950,0,0,
5,BIN-05,1777314699042,Shelf 20,5,"Tough-1 Royal King Nylon Web Off Billet 2-Ply 2"" Wide",Tack & Equipment > Girths & Cinches > Western Cinches,56-3560-7-0,Color: Brown,,,,,Wellington Warehouse,3690,3690,3690,5950,0,0,
6,ROW 2 : LVL 1,1774281650391,Hoof/Treats,1,Likit Granola Stall Ball,Horse Care > Treats & Toys > Toys & Licks,GRANBALLNAUS,Size: 3.53 Pounds,Flavor: Molasses,,,,Wellington Warehouse,15480,15480,15480,22990,0,0,0.48620123
6,ROW 2 : LVL 4,1768938712708,First Aid,4,Monoject Disposable Luer Lock Tip Syringe,Horse Care > First Aid & Wellness > First Aid Supplies > Needles and Syringes,8881516937,Size: 6cc / Box of 50,,,,,Wellington Warehouse,11530,11530,11530,16950,0,0,0.03820258
5,ROW 2 : LVL 4,1768938712708,First Aid,4,Monoject Disposable Luer Lock Tip Syringe,Horse Care > First Aid & Wellness > First Aid Supplies > Needles and Syringes,8881560125,Size: 60cc / Box of 20,,,,,Wellington Warehouse,30800,30800,30800,37990,0,0,
3,ROW 2 : LVL 1,1774281650391,Hoof/Treats,1,Likit Granola Stall Ball,Horse Care > Treats & Toys > Toys & Licks,GRANBALLAP,Size: 3.53 Pounds,Flavor: Apple,,,,Wellington Warehouse,15480,15480,15480,22990,0,0,0.17726515
12,ROW 1 : LVL 1,1774281650387,Hoof/Treats,1,Cornucrescine Daily Hoof Barrier for Horses,Horse Care > Grooming & Bathing > Hoof Oils & Conditioner,HO107,Title: Default Title,,,,,Wellington Warehouse,14940,14940,14940,22990,0,0,
2,ROW 2 : LVL 4,1768938712708,First Aid,4,Monoject Disposable Regular Tip Syringe,Horse Care > First Aid & Wellness > First Aid Supplies > Needles and Syringes,8881560224,Size: 60cc / Box of 20,,,,,Wellington Warehouse,24740,24740,24740,36990,0,0,0.015494499
3,ROW 2 : LVL 4,1768938712708,First Aid,4,Monoject Disposable Luer Lock Tip Syringe,Horse Care > First Aid & Wellness > First Aid Supplies > Needles and Syringes,8881520657,Size: 20cc / Box of 80,,,,,Wellington Warehouse,36000,36000,36000,44990,0,0,
2,BIN-04,1776354991789,Grooming Small,4,Rubber Curry Comb,"Horse Care > Grooming & Bathing > Brushes & Tools > Grooming Gloves, Curry Combs & Deshedding Tools",65-2141,Title: Default Title,,,,,Wellington Warehouse,4410,4410,4410,6990,0,0,
2,LVL 1,1767797487651,Fly Sheets 3,1,Saxon Mesh With Gusset Belly Wrap Standard Neck Fly Sheet,Horse Wear > Fly & Insect Control > Fly Sheets,1002941065,Size: 72-Inch,,,,,Wellington Warehouse,42900,42900,42900,55960,0,0,
6,LVL 1,1767797487651,Fly Sheets 3,1,Saxon Mesh With Gusset Belly Wrap Standard Neck Fly Sheet,Horse Wear > Fly & Insect Control > Fly Sheets,1002941068,Size: 81-Inch,,,,,Wellington Warehouse,42900,42900,42900,55960,0,0,
1,LVL 1,1767797487651,Fly Sheets 3,1,Saxon Mesh With Gusset Belly Wrap Standard Neck Fly Sheet,Horse Wear > Fly & Insect Control > Fly Sheets,1002941066,Size: 75-Inch,,,,,Wellington Warehouse,42900,42900,42900,55960,0,0,0.015202988
3,LVL 1,1767797487651,Fly Sheets 3,1,Saxon Mesh With Gusset Belly Wrap Standard Neck Fly Sheet,Horse Wear > Fly & Insect Control > Fly Sheets,1002941069,Size: 84-Inch,,,,,Wellington Warehouse,42900,42900,42900,55960,0,0,
6,LVL 1,1767797487651,Fly Sheets 3,1,Saxon Mesh With Gusset Belly Wrap Standard Neck Fly Sheet,Horse Wear > Fly & Insect Control > Fly Sheets,1002941067,Size: 78-Inch,,,,,Wellington Warehouse,42900,42900,42900,55960,0,0,
8,ROW 5 : LVL 1,1774281422019,Supplements 3,1,Peak Performance Nutrients Perfect Balance Electrolite,Horse Care > Supplements > Electrolytes & Salt,1246,Size: 30 Pounds,,,Lot #1616525,2027-03-31,Wellington Warehouse,167660,167660,167660,242990,0,0,
10,ROW 4 : LVL 3,1774281147463,Supplements 2,3,Peak Performance Nutrients Perfect Balance Electrolite,Horse Care > Supplements > Electrolytes & Salt,1336,Size: 3 Doses / 80cc,,,Lot #2426,2027-04-30,Wellington Warehouse,11550,11550,11550,16990,0,0,0.18078645
17,ROW 2 : LVL 3,1768938712707,First Aid,3,Kinetic Vet Derma Cloth,Horse Care > First Aid & Wellness > Wound Care & Topicals,3004-10-00,Size: 8 Pack,,,,,Wellington Warehouse,11250,11250,11250,16950,0,0,0.020111214
6,ROW 1 : LVL 2,1768938712710,First Aid,2,Durvet Chlorhexidine 2% Solution,Horse Care > First Aid & Wellness > Wound Care & Topicals,001-0259,Size: Gallon,,,,,Wellington Warehouse,10310,10310,10310,19990,0,0,
2,ROW 4 : LVL 3,1774281147463,Supplements 2,3,Peak Performance Nutrients Perfect Balance Electrolite,Horse Care > Supplements > Electrolytes & Salt,1245,Size: 8 Pounds,,,Lot #1616886,2028-04-30,Wellington Warehouse,47030,47030,47030,69990,0,0,0.023913028
1,ROW 1 : LVL 2,1768938712710,First Aid,2,UltraCruz Hydrogen Peroxide,Horse Care > First Aid & Wellness > First Aid Supplies,sc-395440,Size: Gallon,,,,,Wellington Warehouse,5050,5050,5050,7950,0,0,0.04516212
3,ROW 4 : LVL 4,1774281545044,Grooming,4,UltraCruz Misting Conditioner,"Horse Care > Grooming & Bathing > Shampoos, Conditioners, & Sprays > Conditioners",sc-551290,Size: Gallon,,,,,Wellington Warehouse,29970,29970,29970,39990,0,0,0.02392062
3,ROW 2 : LVL 4,1768938712708,First Aid,4,Terumo Hypodermic Catheter Tip Syringe W/O Needle,Horse Care > First Aid & Wellness > First Aid Supplies > Needles and Syringes,SS-60C,Size: 60cc / 25 Count,,,,,Wellington Warehouse,25640,26950,28260,40500,0,0,0.3994832
5,ROW 1 : LVL 3,1768938712711,First Aid,3,Equishield CK Spray,Horse Care > First Aid & Wellness > Wound Care & Topicals,9005-03-00,Size: 16 Ounces,,,,,Wellington Warehouse,18630,18630,18630,33690,0,0,
1,BIN-04,1768403067588,Shelf 12,4,Tough-1 No Bow Bandages,Tack & Equipment > Boots & Wraps > Leg Wraps,67-8017-3-0,"Size: 12"" x 30""",,,,,Wellington Warehouse,10980,10980,10980,17990,0,0,
0,BIN-02,1777314699039,Shelf 20,2,Tough-1  Nylon Cribbing Collar with Fleece Cover,Tack & Equipment > Grazing Muzzles & Cribbing Collars > Cribbing Collars,52-2089-0-0,Title: Default Title,,,,,Wellington Warehouse,7680,7680,7680,13950,0,0,0.23619127
3,BIN-04,1773766480622,Shelf 18,4,Tough-1 Bungee Stall Tie with Tubing,Stable > Stable Supplies > Stall Supplies,52-99930-3-0,Title: Default Title,,,,,Wellington Warehouse,14980,14980,14980,26950,0,0,
20,ROW 1 : LVL 1,1774281650387,Hoof/Treats,1,Tough-1 Hoof Pick with Vinyl Coated Handle,Horse Care > Grooming & Bathing > Brushes & Tools > Hoof Picks & Hoof Brushes,68-7086-2-0,Color: Black,,,,,Wellington Warehouse,890,890,890,1490,0,0,
0,ROW 2 : LVL 1,1774281650391,Hoof/Treats,1,"Tough-1 Professional 15"" Shoe Puller",Horse Care > Grooming & Bathing > Brushes & Tools > Hoof Picks & Hoof Brushes,79-716-0-0,Title: Default Title,,,,,Wellington Warehouse,25980,25980,25980,44950,0,0,
4,BIN-02,1773766480620,Shelf 18,2,Tough-1 German Cord Cotton Lunge Line,Tack & Equipment > Training & Lunging > Lunge Lines,52-2036-9-0,Color: Navy,,,,,Wellington Warehouse,9980,9980,9980,16950,0,0,0.059668202
0,BIN-02,1773766480620,Shelf 18,2,Tough-1 Rolled Cotton Lunge Line with Chain,Tack & Equipment > Training & Lunging > Lunge Lines,52-2030-2-0,Color: Black,,,,,Wellington Warehouse,17990,17990,17990,27950,0,0,0.021385945
0,BIN-05,1767466772771,Shelf 3,5,"Tough-1 Royal King 1 3/4"" X 34"" Leather Off Billet",Tack & Equipment > Girths & Cinches > Western Cinches,56-3721-0-0,Title: Default Title,,,,,Wellington Warehouse,10990,10990,10990,14990,0,0,
2,BIN-05,1777314699042,Shelf 20,5,Tough-1 Royal King Nylon Web Tie Strap,Tack & Equipment > Girths & Cinches > Western Cinches,56-3541-7-0,Color: Brown,,,,,Wellington Warehouse,3290,3290,3290,4950,0,0,
4,Grid wall,1770916055031,Girths,1,Tough-1 Snuggit Neoprene Girth,Tack & Equipment > Girths & Cinches > Western Cinches,60-24-2-0,Size: 24-Inch,Color: Black,,,,Wellington Warehouse,20980,20980,20980,24990,0,0,
6,BIN-03,1768403023957,Shelf 10,3,Tough-1 Ballistic Nylon Bell Boots,Tack & Equipment > Boots & Wraps > Bell Boots,64-18100-2-102,Size: Medium,Color: Black,,,,Wellington Warehouse,13990,13990,13990,19980,0,0,
3,LVL 2,1770396427444,Saddle Pads 3,2,Equiline Octagon Saddle Pad,Tack & Equipment > English Saddle Pads > All Purpose & Hunter/Jumper Saddle Pads,EC018-B01010-002,Size: Full,Color: Navy,,,,Wellington Warehouse,72500,72500,72500,145000,0,0,
7,LVL 1,1769968298841,Blankets 4,1,Equiline Ozzy Stable Head Protector,Stable > Stable Supplies > Stall Supplies,F03018-002,Color: Navy,,,,,Wellington Warehouse,45000,45000,45000,89000,0,0,0.042539585
1,BIN-03,1768403067587,Shelf 12,3,Equiline Knit Stable Bandages (Set of 2),Tack & Equipment > Boots & Wraps > Leg Wraps,EC018-D060/4-002,Color: Navy,,,,,Wellington Warehouse,37500,37500,37500,75000,0,0,
0,BIN-03,1768403067587,Shelf 12,3,Equiline Knit Stable Bandages (Set of 2),Tack & Equipment > Boots & Wraps > Leg Wraps,EC018-D060/4-006,Color: Black,,,,,Wellington Warehouse,37500,37500,37500,75000,0,0,0.04726646
12,LVL 4,1770145216507,Saddle Pads 2,4,Equiline Cotton Quilted Leg Wraps (Set of 4),Tack & Equipment > Boots & Wraps > Leg Wraps,EC018-D00071-006,Color: Black,,,,,Wellington Warehouse,129000,129000,129000,259000,0,0,0.011816615
15,LVL 2,1770396427444,Saddle Pads 3,2,Equiline Octagon Saddle Pad,Tack & Equipment > English Saddle Pads > All Purpose & Hunter/Jumper Saddle Pads,EC018-B01010-006,Size: Full,Color: Black,,,,Wellington Warehouse,72500,72500,72500,145000,0,0,
5,LVL 1,1770747610172,Saddle Pads 4,1,Equiline Argo Sheepskin Half Pad,Tack & Equipment > English Saddle Pads > Half Pads,B01014-001,Color: Black/Natural,,,,,Wellington Warehouse,110000,110000,110000,215000,0,0,0.028030703
7,BIN-03,1768403067587,Shelf 12,3,Equiline Fleece Polo Wraps (Set of 4),Tack & Equipment > Boots & Wraps > Leg Wraps,EC018-D04000-006,Color: Black,,,,,Wellington Warehouse,37500,37500,37500,75000,0,0,0.114533044
1,BIN-04,1777314709514,Shelf 21,4,Equiline Dave Soundproof Ear Net With Square Edge,Tack & Equipment > Ear Plugs & Bonnets > Bonnets,E01043-006F,Color: Black,Size: Full,,,,Wellington Warehouse,55000,55000,55000,109000,0,0,
17,LVL 2,1770396427444,Saddle Pads 3,2,Equiline Octagon Saddle Pad,Tack & Equipment > English Saddle Pads > All Purpose & Hunter/Jumper Saddle Pads,EC018-B01010-001,Size: Full,Color: White,,,,Wellington Warehouse,72500,72500,72500,145000,0,0,
0,BIN-04,1777314709514,Shelf 21,4,Equiline Loop Tie Down Ear Bonnet,Tack & Equipment > Ear Plugs & Bonnets > Bonnets,E00057-006,Color: Black,,,,,Wellington Warehouse,42500,42500,42500,85000,0,0,0.0127029335
7,BIN-05,1767452692386,Shelf 2,5,Ultrashield Fly Mask With Ears,Horse Wear > Fly & Insect Control > Fly Masks,430160,Size: Warmblood,,,,,Wellington Warehouse,21740,21740,21740,29190,0,0,
7,BIN-05,1767452692386,Shelf 2,5,Ultrashield Fly Mask With Ears,Horse Wear > Fly & Insect Control > Fly Masks,430150,Size: Horse,,,,,Wellington Warehouse,21740,21740,21740,29190,0,0,0.0122266365
1,ROW 4 : LVL 2,1774281545042,Grooming,2,Equifuse CitraCreme Smoothing + Deep Conditioner,"Horse Care > Grooming & Bathing > Shampoos, Conditioners, & Sprays > Conditioners",EFC108,Size: 16 Ounces,,,,,Wellington Warehouse,10790,10790,10790,18990,0,0,
2,ROW 1 : LVL 1,1774281650387,Hoof/Treats,1,Tenda First In Show Coat and Hoof Conditioner,Horse Care > Grooming & Bathing > Hoof Oils & Conditioner,1205,Size: 11.5 oz,,,,,Wellington Warehouse,7520,7520,7520,9990,0,0,0.07554844
2,ROW 4 : LVL 3,1774281545043,Grooming,3,Equifuse CitraCreme Smoothing + Deep Conditioner,"Horse Care > Grooming & Bathing > Shampoos, Conditioners, & Sprays > Conditioners",EFC109,Size: 64 Ounces,,,,,Wellington Warehouse,31790,31790,31790,54990,0,0,0.03883402
6,ROW 1 : LVL 1,1774281650387,Hoof/Treats,1,Tenda Holistic Hoof Oil,Horse Care > Grooming & Bathing > Hoof Oils & Conditioner,2001-32,Size: 32 oz,,,,,Wellington Warehouse,12140,12140,12140,16990,0,0,
0,ROW 3 : LVL 4,1774281545039,Grooming,4,ShowBarn Secret Braiding Spray,Horse Care > Grooming & Bathing > Brushes & Tools > Braiding,SBSBS32,Size: 32 Ounces,,,,,Wellington Warehouse,10500,10500,10500,20990,0,0,0.014065075
5,ROW 1 : LVL 3,1768938712711,First Aid,3,Rejuv Gel,Horse Care > First Aid & Wellness > Liniments,DIOR16,Size: 16 Ounces,,,,,Wellington Warehouse,20020,20020,20020,39990,0,0,
6,ROW 1 : LVL 3,1768938712711,First Aid,3,Rejuv Gel,Horse Care > First Aid & Wellness > Liniments,DIOR8,Size: 8 Ounces,,,,,Wellington Warehouse,15500,15500,15500,25990,0,0,
10,LVL 1,1770656703176,Sheets 2,1,Kentucky Horsewear Mesh Fly Rug,Horse Wear > Fly & Insect Control > Fly Sheets,52163-32-160,Size: 84-Inch,Color: Beige,,,,Wellington Warehouse,110720,110720,110720,359990,0,0,
4,ROW 4 : LVL 4,1774281147464,Supplements 2,4,Mineral Oil,Horse Care > Supplements > Vitamins & Minerals,001-1111202,Size: 1 Gallon,,,,,Wellington Warehouse,20770,20770,20770,29990,0,0,
10,BIN-04,1767452692385,Shelf 2,4,Kentucky Horsewear Fly Mask Classic With Ears,Horse Wear > Fly & Insect Control > Fly Masks,42646-01-COB,Size: Cob,Color: Black,,,,Wellington Warehouse,26080,26080,26080,79990,0,0,
6,LVL 3,1770840424778,Blankets 5,3,Kentucky Horsewear Fly Mask Classic With Ears,Horse Wear > Fly & Insect Control > Fly Masks,42646-01-COB,Size: Cob,Color: Black,,,,Wellington Warehouse,26080,26080,26080,79990,0,0,
6,BIN-04,1767452692385,Shelf 2,4,Kentucky Horsewear Fly Mask Classic With Ears,Horse Wear > Fly & Insect Control > Fly Masks,42646-42-COB,Size: Cob,Color: Silver,,,,Wellington Warehouse,26080,26080,26080,79990,0,0,
5,LVL 3,1770840424778,Blankets 5,3,Kentucky Horsewear Fly Mask Classic With Ears,Horse Wear > Fly & Insect Control > Fly Masks,42646-42-COB,Size: Cob,Color: Silver,,,,Wellington Warehouse,26080,26080,26080,79990,0,0,
16,LVL 1,1770656703176,Sheets 2,1,Kentucky Horsewear Mesh Fly Rug,Horse Wear > Fly & Insect Control > Fly Sheets,52163-32-155,Size: 81-Inch,Color: Beige,,,,Wellington Warehouse,110720,110720,110720,359990,0,0,
14,LVL 1,1770656703176,Sheets 2,1,Kentucky Horsewear Mesh Fly Rug,Horse Wear > Fly & Insect Control > Fly Sheets,52163-32-145,Size: 78-Inch,Color: Beige,,,,Wellington Warehouse,110720,110720,110720,359990,0,0,
6,LVL 1,1770656703176,Sheets 2,1,Kentucky Horsewear Mesh Fly Rug,Horse Wear > Fly & Insect Control > Fly Sheets,52163-32-140,Size: 75-inch,Color: Beige,,,,Wellington Warehouse,110720,110720,110720,359990,0,0,
20,BIN-01,1767553027607,Shelf 4,1,Kentucky Horsewear Washing Bags,"Tack & Equipment > Bags, Cases & Covers",42508-02-SET3,Size: Set of 3,Color: White,,,,Wellington Warehouse,26080,26080,26080,69990,0,0,
0,Grid wall,1770916055031,Girths,1,Kentucky Horsewear Sheepskin Stud Girth,Tack & Equipment > Girths & Cinches > English Girths > Hunter/Jumper Girths,42402-05-130,Size: 52-Inch,Color: Brown,,,,Wellington Warehouse,169540,169540,169540,569990,0,0,
7,LVL 2,1770656703177,Sheets 2,2,Kentucky Horsewear Horse Raincoat Hurricane with stirrup holes,"Horse Wear > Blankets & Sheets > Coolers, Fleece & Covers",52190-03-L,Size: Large,Color: Navy,,,,Wellington Warehouse,93420,93420,93420,314990,0,0,
3,Grid wall,1770916055031,Girths,1,Kentucky Horsewear Sheepskin Girth,Tack & Equipment > Girths & Cinches > English Girths > Hunter/Jumper Girths,42401-55-120,Color: Brown/Brown,Size: 48-Inch,,,,Wellington Warehouse,78240,78240,78240,214990,0,0,
1,Grid wall,1770916055031,Girths,1,Kentucky Horsewear Sheepskin Girth,Tack & Equipment > Girths & Cinches > English Girths > Hunter/Jumper Girths,42401-05-135,Color: Brown,Size: 54-Inch,,,,Wellington Warehouse,78240,78240,78240,214990,0,0,
1,Grid wall,1770916055031,Girths,1,Kentucky Horsewear Stud Girth,Tack & Equipment > Girths & Cinches > English Girths > Hunter/Jumper Girths,42404-05-130,Size: 52-Inch,Color: Brown,,,,Wellington Warehouse,134940,134940,134940,449990,0,0,
1,Grid wall,1770916055031,Girths,1,Kentucky Horsewear Sheepskin Girth,Tack & Equipment > Girths & Cinches > English Girths > Hunter/Jumper Girths,42401-01-125,Color: Black,Size: 50-Inch,,,,Wellington Warehouse,78240,78240,78240,214990,0,0,
2,Grid wall,1770916055031,Girths,1,Kentucky Horsewear Sheepskin Girth,Tack & Equipment > Girths & Cinches > English Girths > Hunter/Jumper Girths,42401-11-120,Color: Black/Black,Size: 48-Inch,,,,Wellington Warehouse,78240,78240,78240,214990,0,0,
2,Grid wall,1770916055031,Girths,1,Kentucky Horsewear Stud Girth,Tack & Equipment > Girths & Cinches > English Girths > Hunter/Jumper Girths,42404-05-115,Size: 46-Inch,Color: Brown,,,,Wellington Warehouse,134940,134940,134940,449990,0,0,
1,Grid wall,1770916055031,Girths,1,Kentucky Horsewear Sheepskin Girth,Tack & Equipment > Girths & Cinches > English Girths > Hunter/Jumper Girths,42401-01-120,Color: Black,Size: 48-Inch,,,,Wellington Warehouse,78240,78240,78240,214990,0,0,
2,Grid wall,1770916055031,Girths,1,Kentucky Horsewear Sheepskin Stud Girth,Tack & Equipment > Girths & Cinches > English Girths > Hunter/Jumper Girths,42402-05-125,Size: 50-Inch,Color: Brown,,,,Wellington Warehouse,169540,169540,169540,569990,0,0,
10,LVL 2,1770656703177,Sheets 2,2,Kentucky Horsewear Horse Raincoat Hurricane with stirrup holes,"Horse Wear > Blankets & Sheets > Coolers, Fleece & Covers",52190-03-M,Size: Medium,Color: Navy,,,,Wellington Warehouse,93420,93420,93420,314990,0,0,
1,Grid wall,1770916055031,Girths,1,Kentucky Horsewear Sheepskin Girth,Tack & Equipment > Girths & Cinches > English Girths > Hunter/Jumper Girths,42401-01-130,Color: Black,Size: 52-Inch,,,,Wellington Warehouse,78240,78240,78240,214990,0,0,
1,Grid wall,1770916055031,Girths,1,Kentucky Horsewear Sheepskin Girth,Tack & Equipment > Girths & Cinches > English Girths > Hunter/Jumper Girths,42401-11-130,Color: Black/Black,Size: 52-Inch,,,,Wellington Warehouse,78240,78240,78240,214990,0,0,
1,Grid wall,1770916055031,Girths,1,Kentucky Horsewear Stud Girth,Tack & Equipment > Girths & Cinches > English Girths > Hunter/Jumper Girths,42404-05-125,Size: 50-Inch,Color: Brown,,,,Wellington Warehouse,134940,134940,134940,449990,0,0,
1,Grid wall,1770916055031,Girths,1,Kentucky Horsewear Sheepskin Girth,Tack & Equipment > Girths & Cinches > English Girths > Hunter/Jumper Girths,42401-05-125,Color: Brown,Size: 50-Inch,,,,Wellington Warehouse,78240,78240,78240,214990,0,0,
2,Grid wall,1770916055031,Girths,1,Kentucky Horsewear Sheepskin Stud Girth,Tack & Equipment > Girths & Cinches > English Girths > Hunter/Jumper Girths,42402-05-135,Size: 54-Inch,Color: Brown,,,,Wellington Warehouse,169540,169540,169540,569990,0,0,
1,Grid wall,1770916055031,Girths,1,Kentucky Horsewear Sheepskin Girth,Tack & Equipment > Girths & Cinches > English Girths > Hunter/Jumper Girths,42401-01-135,Color: Black,Size: 54-Inch,,,,Wellington Warehouse,78240,78240,78240,214990,0,0,
1,Grid wall,1770916055031,Girths,1,Kentucky Horsewear Sheepskin Girth,Tack & Equipment > Girths & Cinches > English Girths > Hunter/Jumper Girths,42401-55-125,Color: Brown/Brown,Size: 50-Inch,,,,Wellington Warehouse,78240,78240,78240,214990,0,0,0.016511932
9,BIN-01,1774375575870,Cavali 3,1,Cool on Track Cooling Towel,Rider > Accessories & Apparel > Accessories,42010303,"Size: 30"" x 21""",Color: Blue,,,,Wellington Warehouse,17500,17500,17500,35000,0,0,0.9539574
2,Grid wall,1770916055031,Girths,1,Kentucky Horsewear Sheepskin Stud Girth,Tack & Equipment > Girths & Cinches > English Girths > Hunter/Jumper Girths,42402-05-115,Size: 46-Inch,Color: Brown,,,,Wellington Warehouse,169540,169540,169540,569990,0,0,
1,Grid wall,1770916055031,Girths,1,Kentucky Horsewear Sheepskin Girth,Tack & Equipment > Girths & Cinches > English Girths > Hunter/Jumper Girths,42401-11-135,Color: Black/Black,Size: 54-Inch,,,,Wellington Warehouse,78240,78240,78240,214990,0,0,
2,Grid wall,1770916055031,Girths,1,Kentucky Horsewear Sheepskin Girth,Tack & Equipment > Girths & Cinches > English Girths > Hunter/Jumper Girths,42401-05-130,Color: Brown,Size: 52-Inch,,,,Wellington Warehouse,78240,78240,78240,214990,0,0,
1,Grid wall,1770916055031,Girths,1,Kentucky Horsewear Sheepskin Girth,Tack & Equipment > Girths & Cinches > English Girths > Hunter/Jumper Girths,42401-55-135,Color: Brown/Brown,Size: 54-Inch,,,,Wellington Warehouse,78240,78240,78240,214990,0,0,
2,Grid wall,1770916055031,Girths,1,Kentucky Horsewear Sheepskin Stud Girth,Tack & Equipment > Girths & Cinches > English Girths > Hunter/Jumper Girths,42402-05-120,Size: 48-Inch,Color: Brown,,,,Wellington Warehouse,169540,169540,169540,569990,0,0,
1,BIN-04,1767722133135,Shelf 6,4,Kentucky Horsewear Fetlock Boots Elastic,Tack & Equipment > Boots & Wraps > Protective Boots > Hind Boots,88207-01-M,Size: Medium,Color: Black,,,,Wellington Warehouse,89960,89960,89960,304990,0,0,0.020503137
2,Grid wall,1770916055031,Girths,1,Kentucky Horsewear Sheepskin Girth,Tack & Equipment > Girths & Cinches > English Girths > Hunter/Jumper Girths,42401-55-130,Color: Brown/Brown,Size: 52-Inch,,,,Wellington Warehouse,78240,78240,78240,214990,0,0,
2,Grid wall,1770916055031,Girths,1,Kentucky Horsewear Stud Girth,Tack & Equipment > Girths & Cinches > English Girths > Hunter/Jumper Girths,42404-05-120,Size: 48-Inch,Color: Brown,,,,Wellington Warehouse,134940,134940,134940,449990,0,0,
2,Grid wall,1770916055031,Girths,1,Kentucky Horsewear Stud Girth,Tack & Equipment > Girths & Cinches > English Girths > Hunter/Jumper Girths,42404-05-135,Size: 54-Inch,Color: Brown,,,,Wellington Warehouse,134940,134940,134940,449990,0,0,
1,BIN-05,1767722133136,Shelf 6,5,Kentucky Horseware Vegan Sheepskin Fetlock Boots Elastic,Tack & Equipment > Boots & Wraps > Protective Boots > Hind Boots,88208-01-M,Size: Medium,Color: Black,,,,Wellington Warehouse,96880,96880,96880,324990,0,0,0.015729083
0,BIN-03,1768845014311,Shelf 13,3,Dy'on 1/2 Rubber Reins With 7 Leather Loops - D Collection,"Tack & Equipment > Bridles, Headstalls & Reins > English Bridles & Reins > Reins",DY05C-BR-F,Size: Full,Color: Brown,,,,Wellington Warehouse,76120,76120,76120,249990,0,0,0.01132695
14,LVL 1,1770051152410,Saddle Pads 1,1,Kentucky Horsewear Saddle Pad Classic Jumping,Tack & Equipment > English Saddle Pads > All Purpose & Hunter/Jumper Saddle Pads,42803-01-SJ,Color: Black,,,,,Wellington Warehouse,69540,69540,69540,189990,0,0,
20,LVL 1,1770051152410,Saddle Pads 1,1,Kentucky Horsewear Saddle Pad Classic Jumping,Tack & Equipment > English Saddle Pads > All Purpose & Hunter/Jumper Saddle Pads,42803-02-SJ,Color: White,,,,,Wellington Warehouse,69540,69540,69540,189990,0,0,
5,LVL 1,1770051152410,Saddle Pads 1,1,Kentucky Horsewear Saddle Pad Classic Jumping,Tack & Equipment > English Saddle Pads > All Purpose & Hunter/Jumper Saddle Pads,42803-08-SJ,Color: Grey,,,,,Wellington Warehouse,69540,69540,69540,189990,0,0,
0,Grid wall,1770916055031,Girths,1,Equifit Belly Band+ With Fleece,Tack & Equipment > Girths & Cinches > English Girths > Hunter/Jumper Girths,52615H,Size: Horse,,,,,Wellington Warehouse,104250,104250,104250,208000,0,0,
5,BIN-04,1777314699041,Shelf 20,4,Mustang Leather Browband Headstall,"Tack & Equipment > Bridles, Headstalls, & Reins > Western Headstalls & Reins > Headstalls",55HDST-13,Title: Default Title,,,,,Wellington Warehouse,28500,28500,28500,45990,0,0,
0,Grid wall,1770916055031,Girths,1,Equifit Belly Band+ With Fleece,Tack & Equipment > Girths & Cinches > English Girths > Hunter/Jumper Girths,52615O,Size: Oversize,,,,,Wellington Warehouse,104250,104250,104250,208000,0,0,
1,BIN-04,1768845014312,Shelf 13,4,Dy'on Flash Noseband Bridle - Working By Dy'on,"Tack & Equipment > Bridles, Headstalls & Reins > English Bridles & Reins > Bridles",WOAAHL-BR-F,Size: Full,Color: Brown,,,,Wellington Warehouse,110720,110720,110720,359990,0,0,
5,BIN-04,1768845014312,Shelf 13,4,Dy'on Flash Noseband Bridle - Working By Dy'on,"Tack & Equipment > Bridles, Headstalls & Reins > English Bridles & Reins > Bridles",WOAAHL-BR-C,Size: Cob,Color: Brown,,,,Wellington Warehouse,110720,110720,110720,359990,0,0,
11,LVL 1,1770051152410,Saddle Pads 1,1,Kentucky Horsewear Saddle Pad Classic Jumping,Tack & Equipment > English Saddle Pads > All Purpose & Hunter/Jumper Saddle Pads,42803-03-SJ,Color: Navy,,,,,Wellington Warehouse,69540,69540,69540,189990,0,0,
5,LVL 1,1770051152410,Saddle Pads 1,1,Kentucky Horsewear Saddle Pad Classic Jumping,Tack & Equipment > English Saddle Pads > All Purpose & Hunter/Jumper Saddle Pads,42803-17-SJ,Color: Bordeaux,,,,,Wellington Warehouse,69540,69540,69540,189990,0,0,
3,BIN-05,1777314699042,Shelf 20,5,Mustang Leather Cinch Strap,Tack & Equipment > Girths & Cinches > Western Cinches,55CS-1,Title: Default Title,,,,,Wellington Warehouse,31500,31500,31500,50000,0,0,
5,LVL 1,1770051152410,Saddle Pads 1,1,Kentucky Horsewear Saddle Pad Classic Jumping,Tack & Equipment > English Saddle Pads > All Purpose & Hunter/Jumper Saddle Pads,42803-32-SJ,Color: Beige,,,,,Wellington Warehouse,69540,69540,69540,189990,0,0,
0,BIN-04,1768845014312,Shelf 13,4,Dy'on 5/8 Leather/Nylon Draw Reins - D Collection,"Tack & Equipment > Bridles, Headstalls & Reins > English Bridles & Reins > Reins",DY08B-BR-F,Size: Full,Color: Brown,,,,Wellington Warehouse,76120,76120,76120,249990,0,0,
0,BIN 1,1776787343289,Spurs,1,Dy'on Blinkers,"Tack & Equipment > Bridles, Headstalls & Reins > English Bridles & Reins > Bridle Accessories",AB99KBRC,Size: Cob,Color: Brown,,,,Wellington Warehouse,17290,17290,17290,59990,0,0,
0,BIN-03,1768845014311,Shelf 13,3,Dy'on 5/8 Web Reins With 9 Leather Loops - D Collection,"Tack & Equipment > Bridles, Headstalls & Reins > English Bridles & Reins > Reins",DY05K-BR-F,Size: Full,Color: Brown,,,,Wellington Warehouse,65740,65740,65740,214990,0,0,0.012099788
4,BIN-04,1768845014312,Shelf 13,4,Dy'on 5/8 Leather/Nylon Draw Reins - D Collection,"Tack & Equipment > Bridles, Headstalls & Reins > English Bridles & Reins > Reins",DY08B-BR-C,Size: Cob,Color: Brown,,,,Wellington Warehouse,76120,76120,76120,249990,0,0,
2,BIN-03,1768845014311,Shelf 13,3,Dy'on Rope Noseband - D Collection,"Tack & Equipment > Bridles, Headstalls & Reins > English Bridles & Reins > Bridles",DY04F-BR-C,Size: Cob,Color: Brown,,,,Wellington Warehouse,51900,51900,51900,169990,0,0,
4,ROW 4 : LVL 1,1774281614631,Grooming/Tack Cleaner,1,Ultra Conditioning Hair Polish Spray,"Horse Care > Grooming & Bathing > Shampoos, Conditioners & Sprays > Detanglers, Shines & Sprays",02186,Size: 32 Ounce,,,,,Wellington Warehouse,9370,9370,9370,13990,0,0,
2,BIN-03,1768845014311,Shelf 13,3,Dy'on Rope Noseband - D Collection,"Tack & Equipment > Bridles, Headstalls & Reins > English Bridles & Reins > Bridles",DY04F-BR-F,Size: Full,Color: Brown,,,,Wellington Warehouse,51900,51900,51900,169990,0,0,0.20799308
3,BIN 1,1776787343289,Spurs,1,Dy'on 3/8 Flash Nose Strap - D Collection,"Tack & Equipment > Bridles, Headstalls & Reins > English Bridles & Reins > Bridle Accessories",DY99A-BR-C,Size: Cob,Color: Brown,,,,Wellington Warehouse,13830,13830,13830,44990,0,0,
5,BIN-03,1768845014311,Shelf 13,3,Dy'on Fig 8 Noseband- D Collection,"Tack & Equipment > Bridles, Headstalls & Reins > English Bridles & Reins > Bridles",DY04C-BR-C,Size: Cob,Color: Brown,,,,Wellington Warehouse,76120,76120,76120,249990,0,0,
5,ROW 5 : LVL 4,1769190184154,Fly sprays,4,Country Vet Farm & Dairy CV-80D Insect Control Spray,Horse Care > Fly & Insect Control > Fly Sprays & Traps,009-348318CV,Size: 18.5 Ounces,,,,,Wellington Warehouse,15400,15400,15400,19990,0,0,
16,BIN-03,1773766480616,Shelf 17,3,Back On Track Poll Cover with Straps,"Tack & Equipment > Bridles, Headstalls & Reins > English Bridles & Reins > Bridle Accessories",20620002,Color: Black,,,,,Wellington Warehouse,13500,13500,13500,27000,0,0,0.1135545
1,BIN-01,1773766441663,Shelf 16,1,Back On Track Audrey Fleece Halter,Tack & Equipment > Halters & Leads > Halters > Nylon & Rope Halters,20699003,Color: Black,Size: Full,,,,Wellington Warehouse,29000,29000,29000,58000,0,0,0.07185018
1,BIN-04,1774887638160,Cavali 2,4,Back on Track Physio 4-Way Stretch Knee Brace,Rider > Accessories & Apparel > Accessories,11070003,Color: Black,Size: Large,,,,Wellington Warehouse,22500,22500,22500,45000,0,0,0.015102711
0,LVL 1,1770396427443,Saddle Pads 3,1,Back On Track Saddle Pad No1 All-Purpose,Tack & Equipment > English Saddle Pads > All Purpose & Hunter/Jumper Saddle Pads,21380203,Color: White,Size: Full,,,,Wellington Warehouse,41000,41000,41000,82000,0,0,0.030333908
2,BIN-04,1774887638160,Cavali 2,4,Back on Track Physio 4-Way Stretch Knee Brace,Rider > Accessories & Apparel > Accessories,11070005,Color: Black,Size: XX Large,,,,Wellington Warehouse,22500,22500,22500,45000,0,0,
2,LVL 2,1770840424777,Blankets 5,2,Back On Track Rhyolite Insulated Liner 100g,Horse Wear > Blankets & Sheets > Liners,26069045,Size: 78,Color: Black,,,,Wellington Warehouse,49500,49500,49500,99000,0,0,
2,LVL 2,1770840424777,Blankets 5,2,Back On Track Haze Collection Show Quilt,Horse Wear > Blankets & Sheets > Coolers & Fleece,21128040,Color: Gray,Size: 75,,,,Wellington Warehouse,99500,99500,99500,199000,0,0,
1,BIN-04,1774887638160,Cavali 2,4,Back on Track Physio 4-Way Stretch Knee Brace,Rider > Accessories & Apparel > Accessories,11070001,Color: Black,Size: Small,,,,Wellington Warehouse,22500,22500,22500,45000,0,0,
2,BIN-04,1774887638160,Cavali 2,4,Back On Track Human Physio Wrist Brace,Rider > Accessories & Apparel > Accessories,13070003,Size: Large,Color: Black,,,,Wellington Warehouse,12500,12500,12500,25000,0,0,
2,BIN-03,1767812231220,Shelf 8,3,Back On Track Sienna Mesh Cooler,"Horse Wear > Blankets & Sheets > Coolers, Fleece & Covers",21880040,Color: Black,Size: 75,,,,Wellington Warehouse,86000,86000,86000,172000,0,0,0.015026933
0,BIN-03,1767812231220,Shelf 8,3,Back On Track Sienna Mesh Cooler,"Horse Wear > Blankets & Sheets > Coolers, Fleece & Covers",21880060,Color: Black,Size: 84,,,,Wellington Warehouse,86000,86000,86000,172000,0,0,0.03733726
1,BIN-04,1774887638160,Cavali 2,4,Back on Track Physio 4-Way Stretch Knee Brace,Rider > Accessories & Apparel > Accessories,11070004,Color: Black,Size: Extra Large,,,,Wellington Warehouse,22500,22500,22500,45000,0,0,
2,BIN-04,1774887638160,Cavali 2,4,Back On Track Human Physio Wrist Brace,Rider > Accessories & Apparel > Accessories,13070001,Size: Small,Color: Black,,,,Wellington Warehouse,12500,12500,12500,25000,0,0,0.01462125
4,BIN-03,1767812231220,Shelf 8,3,Back On Track Sienna Mesh Cooler,"Horse Wear > Blankets & Sheets > Coolers, Fleece & Covers",21880055,Color: Black,Size: 81,,,,Wellington Warehouse,86000,86000,86000,172000,0,0,
1,BIN-04,1774887638160,Cavali 2,4,Back On Track Human Physio Wrist Brace,Rider > Accessories & Apparel > Accessories,13070002,Size: Medium,Color: Black,,,,Wellington Warehouse,12500,12500,12500,25000,0,0,
3,BIN-03,1767812231220,Shelf 8,3,Back On Track Sienna Mesh Cooler,"Horse Wear > Blankets & Sheets > Coolers, Fleece & Covers",21880045,Color: Black,Size: 78,,,,Wellington Warehouse,86000,86000,86000,172000,0,0,0.015016152
1,LVL 2,1770840424777,Blankets 5,2,Back On Track Rhyolite Insulated Liner 100g,Horse Wear > Blankets & Sheets > Liners,26069055,Size: 81,Color: Black,,,,Wellington Warehouse,49500,49500,49500,99000,0,0,
1,BIN-01,1768403023955,Shelf 10,1,Back On Track Performance Bell Boots,Tack & Equipment > Boots & Wraps > Bell Boots,20710002,Color: Black,Size: Medium,,,,Wellington Warehouse,24000,24000,24000,48000,0,0,
1,BIN-03,1767626770402,Shelf 5,3,Back On Track Airflow Exercise Boots,Tack & Equipment > Boots & Wraps > Protective Boots > Front Boots,20989004,Color: Black,Size: Extra Large,,,,Wellington Warehouse,52500,52500,52500,105000,0,0,
0,BIN-02,1773766480615,Shelf 17,2,Back On Track Equine Head Cap,"Tack & Equipment > Bridles, Headstalls & Reins > English Bridles & Reins > Bridle Accessories",20430003,Color: Black,Size: Full,,,,Wellington Warehouse,19500,19500,19500,39000,0,0,0.028763957
3,ROW 3 : LVL 1,1774281147457,Supplements 2,1,Omega Alpha RegenerEQ,Horse Care > Supplements > Digestive & Gut Health,255159,Size: 500 ml,,,Lot #LRGQ24100,2028-04-01,Wellington Warehouse,142000,142000,142000,200000,0,0,0.0387036
1,Jackets,1777650559286,C,1,Back On Track Madison Therapeutic Women’s Jacket,Rider > Accessories & Apparel > Jackets,16410005,Color: Black,Size: XX-Large,,,,Wellington Warehouse,59500,59500,59500,119000,0,0,
4,ROW 3 : LVL 1,1774281147457,Supplements 2,1,Omega Alpha Equisel-Lyte,Horse Care > Supplements > Weight Gain & Muscle,253957,Size: Powder - 2.2 lb,,,Lot #LESL24085,2029-03-01,Wellington Warehouse,39500,39500,39500,64200,0,0,
3,ROW 3 : LVL 1,1774281147457,Supplements 2,1,Omega Alpha Vantiox,Horse Care > Supplements > Vitamins & Minerals,253902,Size: Powder - 2.2 lb,,,Lot #LV0X24088,2029-03-01,Wellington Warehouse,85000,85000,85000,137550,0,0,
0,LVL 1,1770396427443,Saddle Pads 3,1,Back On Track Airflow All Purpose Saddle Pad,Tack & Equipment > English Saddle Pads > All Purpose & Hunter/Jumper Saddle Pads,24139003,Color: Black,Size: Full,,,,Wellington Warehouse,49500,49500,49500,99000,0,0,0.022337839
0,LVL 1,1770396427443,Saddle Pads 3,1,Back On Track Airflow Dressage Saddle Pad,Tack & Equipment > English Saddle Pads > Dressage Saddle Pads,24125003,Color: Navy,Size: Full,,,,Wellington Warehouse,49500,49500,49500,99000,0,0,0.014599097
1,LVL 1,1770396427443,Saddle Pads 3,1,Back On Track Airflow All Purpose Saddle Pad,Tack & Equipment > English Saddle Pads > All Purpose & Hunter/Jumper Saddle Pads,24134803,Color: Burgandy,Size: Full,,,,Wellington Warehouse,49500,49500,49500,99000,0,0,
0,LVL 1,1770396427443,Saddle Pads 3,1,Back On Track Airflow All Purpose Saddle Pad,Tack & Equipment > English Saddle Pads > All Purpose & Hunter/Jumper Saddle Pads,24135003,Color: Navy,Size: Full,,,,Wellington Warehouse,49500,49500,49500,99000,0,0,0.022337839
7,BIN-01,1774887638157,Cavali 2,1,Cavali Club Sun Visor,Rider > Accessories & Apparel > Hats,SPR603,Color: Black / Adult,,,,,Wellington Warehouse,5400,5400,5400,29990,0,0,0.029548338
40,ROW 4 : LVL 5,1774281226569,Supplements 2,5,Cavali Club Sun Visor,Rider > Accessories & Apparel > Hats,SPR603,Color: Black / Adult,,,,,Wellington Warehouse,5400,5400,5400,29990,0,0,0.029548338
0,ROW 4 : LVL 3,1774281147463,Supplements 2,3,Gallagher's Water,Horse Care > Supplements > Electrolytes & Salt,GALLAGHER-12,Size: 12 Pack,,,,,Wellington Warehouse,18000,18000,18000,34950,0,0,
10,ROW 5 : LVL 2,1769190184152,Fly sprays,2,The Infused Equestrian Wham Bam Fly Spray,Horse Care > Fly & Insect Control > Fly Sprays & Traps,WHAMBAM16,Size: 16 Ounces,,,,,Wellington Warehouse,9960,9960,9960,22000,0,0,
10,ROW 1 : LVL 1,1774281650387,Hoof/Treats,1,Epona Mighty Muck Hoof Pick,Horse Care > Grooming & Bathing > Brushes & Tools > Hoof Picks & Hoof Brushes,7717,Title: Default Title,,,,,Wellington Warehouse,4160,4160,4160,9990,0,0,
5,BIN-01,1774887638157,Cavali 2,1,Cavali Club Sun Visor,Rider > Accessories & Apparel > Hats,SPR604,Color: Pink / Youth,,,,,Wellington Warehouse,5400,5400,5400,29990,0,0,
176,LVL 1,1769968298841,Blankets 4,1,Equi-Care Clean & Care Saddle Soap,Tack & Equipment > Leather Care,CCSS19,Size: 19.5 Ounces,,,,,Wellington Warehouse,9500,9500,9500,15000,0,0,0.046353165
21,ROW 3 : LVL 1,1774281614626,Grooming/Tack Cleaner,1,Equi-Care Clean & Care Saddle Soap,Tack & Equipment > Leather Care,CCSS19,Size: 19.5 Ounces,,,,,Wellington Warehouse,9500,9500,9500,15000,0,0,0.046353165
5,ROW 1 : LVL 1,1774281650387,Hoof/Treats,1,Equi-Care Hoof Conditioner,Horse Care > Grooming & Bathing > Hoof Oils & Conditioner,ECHC33,Size: 33 Ounces,,,,,Wellington Warehouse,11970,11970,11970,22990,0,0,
4,ROW 3 : LVL 2,1774281614627,Grooming/Tack Cleaner,2,Equi-Care Clean & Care Leather Cleaner,Tack & Equipment > Leather Care,CCLC33,Size: 33.8 Ounces,,,,,Wellington Warehouse,9000,9000,9000,14000,0,0,0.014345746
19,ROW 4 : LVL 1,1774281614631,Grooming/Tack Cleaner,1,Equi-Care Shine & Bright,"Horse Care > Grooming & Bathing > Shampoos, Conditioners & Sprays > Detanglers, Shines & Sprays",ECSB33,Size: 33 Ounces,,,,,Wellington Warehouse,9000,9000,9000,13000,0,0,
5,ROW 3 : LVL 2,1774281614627,Grooming/Tack Cleaner,2,Equi-Care Clean & Care Ointment,Tack & Equipment > Leather Care,CCO15,Size: 15 Ounces,,,,,Wellington Warehouse,10130,10130,10130,17000,0,0,
24,ROW 3 : LVL 2,1774281614627,Grooming/Tack Cleaner,2,Equi-Care Clean & Care EquiSoft,Tack & Equipment > Leather Care,CCES15,Size: 15 Ounces,,,,,Wellington Warehouse,8190,8190,8190,13900,0,0,
1,ROW 3 : LVL 1,1774281614626,Grooming/Tack Cleaner,1,Equi-Care Clean & Care Ointment,Tack & Equipment > Leather Care,CCO32,Size: 32 Ounces,,,,,Wellington Warehouse,14460,14460,14460,25990,0,0,
0,LVL 3,1771436264207,Blankets 8,3,Amigo Net Cooler,"Horse Wear > Blankets & Sheets > Coolers, Fleece & Covers",ACRN24-BJI0-81,Color: Navy/Titanium Grey & Silver,Size: 81-Inch,,,,Wellington Warehouse,31520,31520,31520,71950,0,0,
0,LVL 3,1771436264207,Blankets 8,3,Amigo Net Cooler,"Horse Wear > Blankets & Sheets > Coolers, Fleece & Covers",ACRN24-BJI0-72,Color: Navy/Titanium Grey & Silver,Size: 72-Inch,,,,Wellington Warehouse,31520,31520,31520,71950,0,0,0.04671234
0,LVL 3,1771436264207,Blankets 8,3,Amigo Net Cooler,"Horse Wear > Blankets & Sheets > Coolers, Fleece & Covers",ACRN24-BJI0-78,Color: Navy/Titanium Grey & Silver,Size: 78-Inch,,,,Wellington Warehouse,31520,31520,31520,71950,0,0,
0,LVL 3,1771436264207,Blankets 8,3,Amigo Net Cooler,"Horse Wear > Blankets & Sheets > Coolers, Fleece & Covers",ACRN24-BJI0-75,Color: Navy/Titanium Grey & Silver,Size: 75-Inch,,,,Wellington Warehouse,31520,31520,31520,71950,0,0,
0,LVL 3,1771436264207,Blankets 8,3,Amigo Net Cooler,"Horse Wear > Blankets & Sheets > Coolers, Fleece & Covers",ACRN24-BJI0-84,Color: Navy/Titanium Grey & Silver,Size: 84-Inch,,,,Wellington Warehouse,31520,31520,31520,71950,0,0,0.023333944
2,BIN-05,1767812231222,Shelf 8,5,Tough-1 Mane Stay Lycra Hood with Full Zipper,Horse Wear > Blankets & Sheets > Neck Covers & Hoods,65-9571-2-102,Color: Black,Size: Medium,,,,Wellington Warehouse,27980,27980,27980,45950,0,0,
3,BIN-05,1767812231222,Shelf 8,5,Tough-1 Mane Stay Lycra Hood with Full Zipper,Horse Wear > Blankets & Sheets > Neck Covers & Hoods,65-9570-2-101,Color: Black,Size: Small,,,,Wellington Warehouse,27980,27980,27980,45950,0,0,
0,ROW 1 : LVL 1,1774281650387,Hoof/Treats,1,ComfortMix Thrush Treatment,Horse Care > First Aid & Wellness > Hoof Care > Thrush,90.195.900100000,Size: Gel - 2 oz,,,,,Wellington Warehouse,11200,11200,11200,14950,0,0,0.08506268
2,ROW 3 : LVL 4,1774281545039,Grooming,4,Braiding Bands,Horse Care > Grooming & Bathing > Brushes & Tools > Braiding,368-CS,Color: Chestnut,,,,,Wellington Warehouse,2980,2980,2980,4980,0,0,0.021025058
16,BIN-04,1773766480617,Shelf 17,4,Mustang Regular Antique Dot Halter,Tack & Equipment > Halters & Leads > Halters > Nylon & Rope Halters,85272 D,Color: Black,,,,,Wellington Warehouse,18500,18500,18500,37990,0,0,
7,LVL 1,1770136781407,Sheets 1,1,Kentucky Horsewear Cooler Fleece Rug,Horse Wear > Blankets & Sheets > Stable Blankets & Sheets > Lightweight,52145-03-145,Size: 78-Inch,Color: Navy,,,,Wellington Warehouse,72660,72660,72660,249990,0,0,
4,LVL 2,1770136848443,Sheets 1,2,Kentucky Horsewear Cooler Fleece Rug,Horse Wear > Blankets & Sheets > Stable Blankets & Sheets > Lightweight,52145-01-130,Size: 72-Inch,Color: Black,,,,Wellington Warehouse,72660,72660,72660,249990,0,0,
0,LVL 1 ,1771259569146,Blankets 7,1,Rhino Plus Vari-Layer Turnout (250g Medium),Horse Wear > Blankets & Sheets > Turnout Blankets & Sheets > Medium Weight,AABPV3-BJD0-81,Color: Navy/Titanium Grey & Classic Blue,Size: 81,,,,Wellington Warehouse,130950,130950,130950,296950,0,0,0.014793037
1,LVL 1 ,1771259569146,Blankets 7,1,Rhino Plus Vari-Layer Turnout (250g Medium),Horse Wear > Blankets & Sheets > Turnout Blankets & Sheets > Medium Weight,AABPV3-BJD0-78,Color: Navy/Titanium Grey & Classic Blue,Size: 78,,,,Wellington Warehouse,130950,130950,130950,296950,0,0,
3,LVL 2,1770136848443,Sheets 1,2,Kentucky Horsewear Cooler Fleece Rug,Horse Wear > Blankets & Sheets > Stable Blankets & Sheets > Lightweight,52145-01-160,Size: 84-Inch,Color: Black,,,,Wellington Warehouse,72660,72660,72660,249990,0,0,
2,LVL 1 ,1771259569146,Blankets 7,1,Rhino Plus Vari-Layer Turnout (250g Medium),Horse Wear > Blankets & Sheets > Turnout Blankets & Sheets > Medium Weight,AABPV3-BJD0-75,Color: Navy/Titanium Grey & Classic Blue,Size: 75,,,,Wellington Warehouse,130950,130950,130950,296950,0,0,0.17837624
7,ROW 3 : LVL 2,1774281614627,Grooming/Tack Cleaner,2,Fiebing's 100% Pure Neatsfoot Oil,Tack & Equipment > Leather Care,088-30055,Size: 16 Ounces,,,,,Wellington Warehouse,7130,7130,7130,13990,0,0,0.107763
4,LVL 2,1770136848443,Sheets 1,2,Kentucky Horsewear Cooler Fleece Rug,Horse Wear > Blankets & Sheets > Stable Blankets & Sheets > Lightweight,52145-01-155,Size: 81-Inch,Color: Black,,,,Wellington Warehouse,72660,72660,72660,249990,0,0,
5,LVL 2,1770136848443,Sheets 1,2,Kentucky Horsewear Cooler Fleece Rug,Horse Wear > Blankets & Sheets > Stable Blankets & Sheets > Lightweight,52145-01-140,Size: 75-inch,Color: Black,,,,Wellington Warehouse,72660,72660,72660,249990,0,0,
5,LVL 1,1770136781407,Sheets 1,1,Kentucky Horsewear Cooler Fleece Rug,Horse Wear > Blankets & Sheets > Stable Blankets & Sheets > Lightweight,52145-03-140,Size: 75-inch,Color: Navy,,,,Wellington Warehouse,72660,72660,72660,249990,0,0,
3,LVL 1,1770136781407,Sheets 1,1,Kentucky Horsewear Cooler Fleece Rug,Horse Wear > Blankets & Sheets > Stable Blankets & Sheets > Lightweight,52145-03-155,Size: 81-Inch,Color: Navy,,,,Wellington Warehouse,72660,72660,72660,249990,0,0,
4,LVL 1,1770136781407,Sheets 1,1,Kentucky Horsewear Cooler Fleece Rug,Horse Wear > Blankets & Sheets > Stable Blankets & Sheets > Lightweight,52145-03-130,Size: 72-Inch,Color: Navy,,,,Wellington Warehouse,72660,72660,72660,249990,0,0,
5,LVL 1 ,1771259569146,Blankets 7,1,Rhino Plus Vari-Layer Turnout (250g Medium),Horse Wear > Blankets & Sheets > Turnout Blankets & Sheets > Medium Weight,AABPV3-BJD0-72,Color: Navy/Titanium Grey & Classic Blue,Size: 72,,,,Wellington Warehouse,130950,130950,130950,296950,0,0,
7,LVL 2,1770136848443,Sheets 1,2,Kentucky Horsewear Cooler Fleece Rug,Horse Wear > Blankets & Sheets > Stable Blankets & Sheets > Lightweight,52145-01-145,Size: 78-Inch,Color: Black,,,,Wellington Warehouse,72660,72660,72660,249990,0,0,
0,ROW 3 : LVL 2,1774281614627,Grooming/Tack Cleaner,2,Pharmaka Sporty Stick Spray,Rider > Accessories & Apparel > Accessories,803550,Size: 200ml,,,,,Wellington Warehouse,12300,12300,12300,22500,1,0,0.06803177
6,LVL 1 ,1771259569146,Blankets 7,1,Rhino Plus Turnout (0g Light),Horse Wear > Blankets & Sheets > Turnout Blankets & Sheets > Sheets,AABP81-BJD0-81,Color: Navy/Titanium Grey & Classic Blue,Size: 81,,,,Wellington Warehouse,121250,121250,121250,274950,0,0,
7,LVL 1 ,1771259569146,Blankets 7,1,Rhino Plus Turnout (0g Light),Horse Wear > Blankets & Sheets > Turnout Blankets & Sheets > Sheets,AABP81-BJD0-78,Color: Navy/Titanium Grey & Classic Blue,Size: 78,,,,Wellington Warehouse,121250,121250,121250,274950,0,0,
7,LVL 1 ,1771259569146,Blankets 7,1,Rhino Plus Turnout (0g Light),Horse Wear > Blankets & Sheets > Turnout Blankets & Sheets > Sheets,AABP81-BJD0-75,Color: Navy/Titanium Grey & Classic Blue,Size: 75,,,,Wellington Warehouse,121250,121250,121250,274950,0,0,
3,ROW 2 : LVL 1,1774282126773,First Aid,1,Sharps Container,Horse Care > First Aid & Wellness > First Aid Supplies > Needles and Syringes,S-22218,Size: 2 Gallon,,,,,Wellington Warehouse,14700,14700,14700,18950,0,0,
7,LVL 1 ,1771259569146,Blankets 7,1,Rhino Plus Turnout (0g Light),Horse Wear > Blankets & Sheets > Turnout Blankets & Sheets > Sheets,AABP81-BJD0-72,Color: Navy/Titanium Grey & Classic Blue,Size: 72,,,,Wellington Warehouse,121250,121250,121250,274950,0,0,
1,BIN 1,1776787343289,Spurs,1,EquiFit ImpacTeq CrownPad,"Tack & Equipment > Bridles, Headstalls & Reins > English Bridles & Reins > Bridle Accessories",02019,Title: Default Title,,,,,Wellington Warehouse,22280,22280,22280,44000,0,0,
4,ROW 1 : LVL 1,1774281650387,Hoof/Treats,1,Groom's Hand Deep Thrush Gel,Horse Care > First Aid & Wellness > Hoof Care > Thrush,GHDT3AR,Size: 3 Ounces,,,,,Wellington Warehouse,14300,14300,14300,19500,0,0,0.011592986
7,ROW 1 : LVL 1,1774281650387,Hoof/Treats,1,Hoof Pick with Brush,Horse Care > Grooming & Bathing > Brushes & Tools > Hoof Picks & Hoof Brushes,68-039312-2-0,Color: Black,,,,,Wellington Warehouse,1190,1190,1190,2990,0,0,0.03612913
0,LVL 4,1769968298844,Blankets 4,4,Bamboo Broom,Stable > Stable Supplies,82178,Title: Default Title,,,,,Wellington Warehouse,13040,13040,13040,29990,0,0,0.015230838
0,LVL 1,1771873985967,Sheets 4,1,Tough-1 Box Fan Holder,Stable > Stable Supplies > Stall Supplies,88-497-0-0,Title: Default Title,,,,,Wellington Warehouse,10980,10980,10980,17990,0,0,0.24618277
17,BIN 1,1776787262019,Bits 1,1,Sealtex Latex Bandage,Tack & Equipment > Bits > Bit Accessories,391,Size: 3” x 36”,,,,,Wellington Warehouse,7950,7950,7950,15950,0,0,
7,BIN 1,1776787262019,Bits 1,1,Rubber Bit Guards,Tack & Equipment > Bits > Bit Accessories,244190-BK,Title: Default Title,,,,,Wellington Warehouse,2020,2020,2020,3380,0,0,
0,BIN-02,1773766441664,Shelf 16,2,Kentucky Horsewear Sheepskin Shipping Halter,Tack & Equipment > Halters & Leads > Halters > Nylon & Rope Halters,42502-01-COB,Size: Cob,Color: Black,,,,Wellington Warehouse,82580,82580,82580,224990,0,0,0.12163509
3,BIN-02,1773766441664,Shelf 16,2,Kentucky Horsewear Sheepskin Shipping Halter,Tack & Equipment > Halters & Leads > Halters > Nylon & Rope Halters,42502-05-COB,Size: Cob,Color: Brown,,,,Wellington Warehouse,82580,82580,82580,224990,0,0,
9,LVL 1,1770059667422,Buckets,1,Lunge Whip,Tack & Equipment > Training & Lunging > Accessories,29-206-2-0,Size: 6ft,Color: Black,,,,Wellington Warehouse,6490,6490,6490,14990,0,0,
1,BIN-02,1773766441664,Shelf 16,2,Kentucky Horsewear Sheepskin Shipping Halter,Tack & Equipment > Halters & Leads > Halters > Nylon & Rope Halters,42502-05-F,Size: Full,Color: Brown,,,,Wellington Warehouse,82580,82580,82580,224990,0,0,
13,LVL 1,1770059667422,Buckets,1,Little Giant DuraFork,Stable > Stable Supplies > Manure Forks,PDF1BLACK,Color: Black,,,,,Wellington Warehouse,11620,11620,11620,22990,0,-2,
3,BIN-02,1773766441664,Shelf 16,2,Kentucky Horsewear Sheepskin Shipping Halter,Tack & Equipment > Halters & Leads > Halters > Nylon & Rope Halters,42502-02-COB,Size: Cob,Color: Natural,,,,Wellington Warehouse,82580,82580,82580,224990,0,0,
1,LVL 1,1770059667422,Buckets,1,Little Giant Muck Tub,Stable > Stable Supplies > Manure Forks,PSB40BLACK,Size: 40 qt,Color: Black,,,,Wellington Warehouse,13390,13390,13390,19990,0,0,
0,Jackets,1777650559286,C,1,Waterproof Rain Gear,Rider > Accessories & Apparel > Jackets,R0026-BLACK-XS,Size: XS,,,,,Wellington Warehouse,124000,124000,124000,248000,0,0,
0,Jackets,1777650559286,C,1,Always Riding Jacket - Olive,Rider > Accessories & Apparel > Jackets,R0020-OLIVE-XS,Size: XS,,,,,Wellington Warehouse,47000,47000,47000,94000,0,0,
0,Jackets,1777650559286,C,1,Always Riding Jacket - Olive,Rider > Accessories & Apparel > Jackets,R0020-OLIVE-M,Size: M,,,,,Wellington Warehouse,47000,47000,47000,94000,0,0,
0,Jackets,1777650559286,C,1,Waterproof Rain Gear,Rider > Accessories & Apparel > Jackets,R0026-BLACK-M,Size: M,,,,,Wellington Warehouse,124000,124000,124000,248000,0,0,
9,Grid wall,1770916055031,Girths,1,Mare Modern Goods You're Sweet Card,Rider > Home Decor & Gifts,CARD-YOURESWEET,Title: Default Title,,,,,Wellington Warehouse,3000,3000,3000,6000,0,0,
0,Jackets,1777650559286,C,1,Waterproof Rain Gear,Rider > Accessories & Apparel > Jackets,R0026-BLACK-L,Size: L,,,,,Wellington Warehouse,124000,124000,124000,248000,0,0,
0,Jackets,1777650559286,C,1,Always Riding Jacket - Olive,Rider > Accessories & Apparel > Jackets,R0020-OLIVE-XL,Size: XL,,,,,Wellington Warehouse,47000,47000,47000,94000,0,0,
0,Jackets,1777650559286,C,1,Waterproof Rain Gear,Rider > Accessories & Apparel > Jackets,R0027-BLACK-M,Size: M-Short,,,,,Wellington Warehouse,124000,124000,124000,248000,0,0,
0,Jackets,1777650559286,C,1,Waterproof Rain Gear,Rider > Accessories & Apparel > Jackets,R0026-BLACK-XL,Size: XL,,,,,Wellington Warehouse,124000,124000,124000,248000,0,0,
0,Jackets,1777650559286,C,1,Always Riding Jacket - Olive,Rider > Accessories & Apparel > Jackets,R0020-OLIVE-S,Size: S,,,,,Wellington Warehouse,47000,47000,47000,94000,0,0,
8,Grid wall,1770916055031,Girths,1,Mare Modern Goods I Heart You Card,Rider > Home Decor & Gifts,CARD-IHEARTYOU,Title: Default Title,,,,,Wellington Warehouse,3000,3000,3000,6000,0,0,
0,Jackets,1777650559286,C,1,Waterproof Rain Gear,Rider > Accessories & Apparel > Jackets,R0026-BLACK-S,Size: S,,,,,Wellington Warehouse,124000,124000,124000,248000,0,0,
2,BIN-01,1768845014309,Shelf 13,1,Bhoof Safety Vest 1,Rider > Accessories & Apparel > Safety Vest,BH20050000,Color: Black,Size: XX-Small,,,,Wellington Warehouse,439000,439000,439000,799000,0,0,
1,BIN-01,1768845014309,Shelf 13,1,Bhoof Helmet 2 - Original,Rider > Accessories & Apparel > Helmet,BH20020039,Color: Black,Size: 57,,,,Wellington Warehouse,439000,439000,439000,799000,0,0,
1,BIN-01,1768845014309,Shelf 13,1,Bhoof Safety Vest 1,Rider > Accessories & Apparel > Safety Vest,BH20050003,Color: Black,Size: Medium,,,,Wellington Warehouse,439000,439000,439000,799000,0,0,
4,BIN-01,1768845014309,Shelf 13,1,Bhoof Safety Vest 1,Rider > Accessories & Apparel > Safety Vest,BH20050001,Color: Black,Size: X-Small,,,,Wellington Warehouse,439000,439000,439000,799000,0,0,
1,BIN-01,1768845014309,Shelf 13,1,Bhoof Helmet 1 - Original,Rider > Accessories & Apparel > Helmet,BH20020019,Color: Black/Anthracite,Size: 59,,,,Wellington Warehouse,439000,439000,439000,799000,0,0,
3,BIN-01,1768845014309,Shelf 13,1,Bhoof Safety Vest 1,Rider > Accessories & Apparel > Safety Vest,BH20050002,Color: Black,Size: Small,,,,Wellington Warehouse,439000,439000,439000,799000,0,0,
1,BIN-01,1768845014309,Shelf 13,1,Bhoof Helmet 2 - Wide Peak,Rider > Accessories & Apparel > Helmet,BH20020029,Color: Black,Size: 58,,,,Wellington Warehouse,439000,439000,439000,799000,0,0,
0,ROW 2 : LVL 4,1768938712708,First Aid,4,Monoject 60cc Catheter Tip Syringe,Horse Care > First Aid & Wellness > First Aid Supplies > Needles and Syringes,8881560141,Size: 20 Pack,,,,,Wellington Warehouse,24740,24740,24740,29950,0,0,0.1322181
1,BIN-01,1768845014309,Shelf 13,1,Bhoof Helmet 2 - Wide Peak,Rider > Accessories & Apparel > Helmet,BH20020032,Color: Black,Size: 61,,,,Wellington Warehouse,439000,439000,439000,799000,0,0,
3,BIN-01,1768845014309,Shelf 13,1,Bhoof CO2 Cartridge 1,Rider > Accessories & Apparel > Safety Vest,BH20050006,Size: 24 Grams,,,,,Wellington Warehouse,21000,21000,21000,39000,0,0,0.14505924
3,ROW 2 : LVL 4,1768938712708,First Aid,4,Monoject 60cc Catheter Tip Syringe,Horse Care > First Aid & Wellness > First Aid Supplies > Needles and Syringes,8881560141SINGLE-1,Size: 1 Unit,,,,,Wellington Warehouse,1690,1690,1690,2490,0,0,0.05163955
3,BIN-01,1768845014309,Shelf 13,1,Bhoof Safety Connector 1,Rider > Accessories & Apparel > Safety Vest,BH20050010,Size: One Size,Color: Black,,,,Wellington Warehouse,12000,12000,12000,21000,0,0,0.21758887
1,BIN-01,1768845014309,Shelf 13,1,Bhoof Bridle 2 - Y-fit,"Tack & Equipment > Bridles, Headstalls & Reins > English Bridles & Reins > Bridles",BH10010010,Size: Pony,,,,,Wellington Warehouse,307000,307000,307000,559000,0,0,
1,BIN-01,1768845014309,Shelf 13,1,Bhoof Bridle 2 - Y-fit,"Tack & Equipment > Bridles, Headstalls & Reins > English Bridles & Reins > Bridles",BH10010011,Size: Cob,,,,,Wellington Warehouse,307000,307000,307000,559000,0,0,
1,BIN-01,1768845014309,Shelf 13,1,Bhoof Bit 3 Leather,Tack & Equipment > Bits > English Bits,BH10120012,Style: Titanium / Leather,Size: 115 mm,,,,Wellington Warehouse,149000,149000,149000,229000,0,0,
4,BIN-01,1768403067580,Shelf 11,1,Back on Track Royal Quick Wraps Deluxe Replacement Padding,Tack & Equipment > Boots & Wraps > Leg Wraps,20389000,"Size: 10"" (XS)",,,,,Wellington Warehouse,15000,15000,15000,30000,0,0,
0,BIN-01,1768403067580,Shelf 11,1,Back on Track Royal Quick Wraps Deluxe Replacement Padding,Tack & Equipment > Boots & Wraps > Leg Wraps,20389004,"Size: 18"" (XL)",,,,,Wellington Warehouse,15000,15000,15000,30000,0,0,0.029659236
0,BIN-01,1768845014309,Shelf 13,1,Bhoof Bridle 1 - Flash,"Tack & Equipment > Bridles, Headstalls & Reins > English Bridles & Reins > Bridles",BH10010003,Size: Full,,,,,Wellington Warehouse,269000,269000,269000,489000,0,0,
1,BIN-01,1768845014309,Shelf 13,1,Bhoof Bridle 1 - Braided,"Tack & Equipment > Bridles, Headstalls & Reins > English Bridles & Reins > Bridles",BH10010009,Size: Full,,,,,Wellington Warehouse,274000,274000,274000,499000,0,0,
1,BIN-01,1768845014309,Shelf 13,1,Bhoof Halter 1 - Leather,Tack & Equipment > Halters & Leads > Halters > Leather Halters,BH10080001,Size: Pony,,,,,Wellington Warehouse,148000,148000,148000,269000,0,0,
4,BIN-01,1768403067580,Shelf 11,1,Back on Track Royal Quick Wraps Deluxe Replacement Padding,Tack & Equipment > Boots & Wraps > Leg Wraps,20389001,"Size: 12"" (S)",,,,,Wellington Warehouse,15000,15000,15000,30000,0,0,
1,BIN-01,1768845014309,Shelf 13,1,Bhoof Martingale 1 - Classic,Tack & Equipment > Martingales & Breastplates,BH10030001,Size: Pony,,,,,Wellington Warehouse,142000,142000,142000,259000,0,0,
0,BIN-01,1768403067580,Shelf 11,1,Back on Track Royal Quick Wraps Deluxe Replacement Padding,Tack & Equipment > Boots & Wraps > Leg Wraps,20389003,"Size: 16"" (L)",,,,,Wellington Warehouse,15000,15000,15000,30000,0,0,0.028903995
0,BIN-01,1768845014309,Shelf 13,1,Bhoof Rein 2 - Soft Grip,"Tack & Equipment > Bridles, Headstalls & Reins > English Bridles & Reins > Reins",BH10020004,Size: Pony,,,,,Wellington Warehouse,109000,109000,109000,199000,0,0,0.040484533
0,BIN 1,1776787211212,Gloves,1,Ryde Adjustable Safety Stirrup,Tack & Equipment > Stirrups & Leathers > English Stirrups,001,Color: Black,,,,,Wellington Warehouse,0,0,0,650000,0,0,0.0272091
0,BIN-01,1768845014309,Shelf 13,1,Bhoof Martingale Attachment 1 - Classic,Tack & Equipment > Martingales & Breastplates,BH10070003,Size: Pony,,,,,Wellington Warehouse,65000,65000,65000,119000,0,0,
4,ROW 2 : LVL 2,1768938712706,First Aid,2,Digital Thermometer,Horse Care > First Aid & Wellness > First Aid Supplies,8207,Title: Default Title,,,,,Wellington Warehouse,7330,7330,7330,13990,0,0,
3,ROW 1 : LVL 1,1774281650387,Hoof/Treats,1,Kopertox,Horse Care > First Aid & Wellness > Hoof Care > Thrush,10004229,Size: 16 Ounces,,,,,Wellington Warehouse,28450,28450,28450,33090,0,0,
3,ROW 2 : LVL 1,1774282126773,First Aid,1,Cotton Roll Non-Sterile,Horse Care > First Aid & Wellness > First Aid Supplies,21300729,Title: Default Title,,,,,Wellington Warehouse,3540,3540,3540,8990,0,0,
2,BIN-01,1768845014309,Shelf 13,1,Bhoof Rein 1 - Safety,"Tack & Equipment > Bridles, Headstalls & Reins > English Bridles & Reins > Reins",BH10020001,Size: Pony 16mm,,,,,Wellington Warehouse,98000,98000,98000,179000,0,0,
2,BIN 1,1776787211212,Gloves,1,Ryde Adjustable Safety Stirrup,Tack & Equipment > Stirrups & Leathers > English Stirrups,002,Color: Silver,,,,,Wellington Warehouse,0,0,0,650000,0,0,
1,BIN-01,1774375575870,Cavali 3,1,Yagya Embroidered Bag,Rider > Bags > Totes & Pouches,1000000000820,Color: Green,,,,,Wellington Warehouse,22000,22000,22000,60000,0,0,
0,Right,1774885231987,Clothes,1,Yagya Leather Buckle Belt,Rider > Accessories & Apparel > Belts,1000000000717,Color: Brown,Size: XS/S,,,,Wellington Warehouse,90000,90000,90000,190000,0,0,
0,Breeches,1777650559285,C,1,Yagya Compression Performance Breeches,Rider > Accessories & Apparel > Breeches,1000000000375,Size: Medium,Color: Black,,,,Wellington Warehouse,167000,167000,167000,350000,0,0,
0,Breeches,1777650559285,C,1,Yagya Compression Performance Breeches,Rider > Accessories & Apparel > Breeches,1000000000475,Size: Large,Color: Tan,,,,Wellington Warehouse,167000,167000,167000,350000,0,0,
0,Breeches,1777650559285,C,1,Yagya Compression Performance Breeches,Rider > Accessories & Apparel > Breeches,1000000000374,Size: Small,Color: Black,,,,Wellington Warehouse,167000,167000,167000,350000,0,0,0.08680273
0,Breeches,1777650559285,C,1,Yagya High-Rise Compression Breeches,Rider > Accessories & Apparel > Breeches,1000000000515,Size: Small,Color: Navy,,,,Wellington Warehouse,167000,167000,167000,350000,0,0,
0,Breeches,1777650559285,C,1,Yagya Compression Performance Breeches,Rider > Accessories & Apparel > Breeches,1000000000294,Size: Extra Small,Color: White,,,,Wellington Warehouse,167000,167000,167000,350000,0,0,1
0,Breeches,1777650559285,C,1,Yagya Compression Performance Breeches,Rider > Accessories & Apparel > Breeches,1000000000373,Size: Extra Small,Color: Black,,,,Wellington Warehouse,167000,167000,167000,350000,0,0,0.011164515
0,Breeches,1777650559285,C,1,Yagya High-Rise Compression Breeches,Rider > Accessories & Apparel > Breeches,1000000000516,Size: Medium,Color: Navy,,,,Wellington Warehouse,167000,167000,167000,350000,0,0,
0,Breeches,1777650559285,C,1,Yagya Compression Performance Breeches,Rider > Accessories & Apparel > Breeches,1000000000296,Size: Medium,Color: White,,,,Wellington Warehouse,167000,167000,167000,350000,0,0,
0,Breeches,1777650559285,C,1,Yagya High-Rise Compression Breeches,Rider > Accessories & Apparel > Breeches,1000000000509,Size: Medium,Color: Tan,,,,Wellington Warehouse,167000,167000,167000,350000,0,0,
0,Breeches,1777650559285,C,1,Yagya Compression Performance Breeches,Rider > Accessories & Apparel > Breeches,1000000000297,Size: Large,Color: White,,,,Wellington Warehouse,167000,167000,167000,350000,0,0,
0,Breeches,1777650559285,C,1,Yagya High-Rise Compression Breeches,Rider > Accessories & Apparel > Breeches,1000000000510,Size: Large,Color: Tan,,,,Wellington Warehouse,167000,167000,167000,350000,0,0,
0,Right,1774885231987,Clothes,1,Yagya Leather Buckle Belt,Rider > Accessories & Apparel > Belts,1000000001461,Color: Black,Size: XS/S,,,,Wellington Warehouse,90000,90000,90000,190000,0,0,0.017621757
0,Jackets,1777650559286,C,1,Yagya Signature Riding Jacket,Rider > Accessories & Apparel > Jackets,1000000000018,Size: XS,Color: Black,,,,Wellington Warehouse,144000,144000,144000,260000,0,0,
0,Jackets,1777650559286,C,1,Yagya Performance Show Jacket,Rider > Accessories & Apparel > Jackets,1000000000753,Color: Black,Size: Medium,,,,Wellington Warehouse,250000,250000,250000,580000,0,0,
27,BIN-02,1776354991787,Grooming Small,2,Cavali Club Body Brush,Horse Care > Grooming & Bathing > Brushes & Tools > Brushes & Combs,WINTER601,Title: Default Title,,,,,Wellington Warehouse,7350,7350,7350,30000,0,0,0.119336404
0,Jackets,1777650559286,C,1,Yagya Short Padded Jacket,Rider > Accessories & Apparel > Jackets,1000000000995,Color: Green,Size: Medium,,,,Wellington Warehouse,150000,150000,150000,340000,0,0,
0,Jackets,1777650559286,C,1,Yagya Performance Show Jacket,Rider > Accessories & Apparel > Jackets,1000000000751,Color: Black,Size: XS,,,,Wellington Warehouse,250000,250000,250000,580000,0,0,
0,Jackets,1777650559286,C,1,Yagya Performance Show Jacket,Rider > Accessories & Apparel > Jackets,1000000000752,Color: Black,Size: Small,,,,Wellington Warehouse,250000,250000,250000,580000,0,0,
0,Jackets,1777650559286,C,1,Yagya Short Padded Jacket,Rider > Accessories & Apparel > Jackets,1000000000996,Color: Green,Size: Large,,,,Wellington Warehouse,150000,150000,150000,340000,0,0,
15,BIN-04,1776354991789,Grooming Small,4,Grooming Mitt,"Horse Care > Grooming & Bathing > Brushes & Tools > Grooming Gloves, Curry Combs & Deshedding Tools",FALL602,Title: Default Title,,,,,Wellington Warehouse,7200,7200,7200,34990,0,0,0.017362226
50,ROW 4 : LVL 5,1774281614635,Grooming/Tack Cleaner,5,Grooming Mitt,"Horse Care > Grooming & Bathing > Brushes & Tools > Grooming Gloves, Curry Combs & Deshedding Tools",FALL602,Title: Default Title,,,,,Wellington Warehouse,7200,7200,7200,34990,0,0,0.017362226
0,Jackets,1777650559286,C,1,Yagya Performance Show Jacket,Rider > Accessories & Apparel > Jackets,1000000000754,Color: Black,Size: Large,,,,Wellington Warehouse,250000,250000,250000,580000,0,0,
0,Jackets,1777650559286,C,1,Yagya Short Padded Jacket,Rider > Accessories & Apparel > Jackets,1000000000989,Color: Black,Size: Large,,,,Wellington Warehouse,150000,150000,150000,340000,0,0,
6,ROW 1 : LVL 3,1768938712711,First Aid,3,EquiShield CK HC Salve,Horse Care > First Aid & Wellness > Wound Care & Topicals,9007-06-00,Size: 4 Ounces,,,,,Wellington Warehouse,19440,19440,19440,37790,0,0,0.054317277
1,LVL 2,1770840424777,Blankets 5,2,Back on Track Deep Nights Fleece Cooler,Horse Wear > Blankets & Sheets > Coolers & Fleece,26114940,Color: Plum,"Size: 75""",,,,Wellington Warehouse,99500,99500,99500,199000,0,0,
1,BIN-03,1773766480616,Shelf 17,3,Back on Track Haze Collection Halter,Tack & Equipment > Halters & Leads > Halters > Nylon & Rope Halters,24169002,Size: Cob,Color: Black Rose,,,,Wellington Warehouse,29000,29000,29000,58000,0,0,0.014791744
1,BIN-05,1767812231222,Shelf 8,5,Back on Track Deep Nights Dog Coat,Dog > Dog Coats,32025382,Color: Blueberry,"Size: 32""",,,,Wellington Warehouse,66000,66000,66000,132000,0,0,
1,LVL 2,1770840424777,Blankets 5,2,Back on Track Deep Nights Fleece Cooler,Horse Wear > Blankets & Sheets > Coolers & Fleece,26115355,Color: Blueberry,"Size: 81""",,,,Wellington Warehouse,99500,99500,99500,199000,0,0,
2,LVL 2,1770840424777,Blankets 5,2,Back on Track Deep Nights Fleece Cooler,Horse Wear > Blankets & Sheets > Coolers & Fleece,26119045,Color: Black,"Size: 78""",,,,Wellington Warehouse,99500,99500,99500,199000,0,0,
2,BIN-05,1767812231222,Shelf 8,5,Back on Track Deep Nights Dog Coat,Dog > Dog Coats,32025342,Color: Blueberry,"Size: 16""",,,,Wellington Warehouse,56000,56000,56000,112000,0,0,
1,BIN-06,1768847887448,Shelf 15,6,Back on Track Deep Nights Dog Coat,Dog > Dog Coats,32025366,Color: Blueberry,"Size: 26""",,,,Wellington Warehouse,66000,66000,66000,132000,0,0,
1,BIN-02,1767722133133,Shelf 6,2,Back on Track Airflow Collection Brush Boot,Tack & Equipment > Boots & Wraps > Protective Boots > Front Boots,20195001,Color: Navy,"Size: Small (12"")",,,,Wellington Warehouse,42000,42000,42000,84000,0,0,0.014888608
0,BIN-02,1767722133133,Shelf 6,2,Back on Track Airflow Collection Brush Boot,Tack & Equipment > Boots & Wraps > Protective Boots > Front Boots,20195003,Color: Navy,"Size: Large (16"")",,,,Wellington Warehouse,42000,42000,42000,84000,0,0,0.0130622955
1,LVL 2,1770840424777,Blankets 5,2,Back on Track Deep Nights Fleece Cooler,Horse Wear > Blankets & Sheets > Coolers & Fleece,26115340,Color: Blueberry,"Size: 75""",,,,Wellington Warehouse,99500,99500,99500,199000,0,0,
0,BIN-02,1767722133133,Shelf 6,2,Back on Track Airflow Collection Brush Boot,Tack & Equipment > Boots & Wraps > Protective Boots > Front Boots,20199002,Color: Black,"Size: Medium (14"")",,,,Wellington Warehouse,42000,42000,42000,84000,0,0,0.03006107
0,BIN-02,1767722133133,Shelf 6,2,Back on Track Airflow Collection Brush Boot,Tack & Equipment > Boots & Wraps > Protective Boots > Front Boots,20199003,Color: Black,"Size: Large (16"")",,,,Wellington Warehouse,42000,42000,42000,84000,0,0,0.044503488
1,LVL 1,1770396427443,Saddle Pads 3,1,Back on Track Haze Collection: Black Rose Dressage Saddle Pad,Tack & Equipment > English Saddle Pads > Dressage Saddle Pads,23529003,Color: Black Rose,Size: Full,,,,Wellington Warehouse,41000,41000,41000,82000,0,0,
0,BIN-02,1767722133133,Shelf 6,2,Back on Track Airflow Collection Brush Boot,Tack & Equipment > Boots & Wraps > Protective Boots > Front Boots,20194802,Color: Burgandy,"Size: Medium (14"")",,,,Wellington Warehouse,42000,42000,42000,84000,0,0,0.030683761
1,LVL 2,1770840424777,Blankets 5,2,Back on Track Deep Nights Fleece Cooler,Horse Wear > Blankets & Sheets > Coolers & Fleece,26114945,Color: Plum,"Size: 78""",,,,Wellington Warehouse,99500,99500,99500,199000,0,0,
2,BIN-03,1773766480616,Shelf 17,3,Back on Track Haze Collection Halter,Tack & Equipment > Halters & Leads > Halters > Nylon & Rope Halters,24169003,Size: Full,Color: Black Rose,,,,Wellington Warehouse,29000,29000,29000,58000,0,0,0.0260175
0,BIN-02,1767722133133,Shelf 6,2,Back on Track Airflow Collection Brush Boot,Tack & Equipment > Boots & Wraps > Protective Boots > Front Boots,20191702,Color: Brown,"Size: Medium (14"")",,,,Wellington Warehouse,42000,42000,42000,84000,0,0,0.015341881
2,BIN-04,1777314709514,Shelf 21,4,Back on Track Haze Collection Black Rose Horse Bonnet,Tack & Equipment > Ear Plugs & Bonnets > Bonnets,24159002,Size: Cob,,,,,Wellington Warehouse,13000,13000,13000,26000,0,0,
1,BIN-02,1767722133133,Shelf 6,2,Back on Track Airflow Collection Brush Boot,Tack & Equipment > Boots & Wraps > Protective Boots > Front Boots,20195002,Color: Navy,"Size: Medium (14"")",,,,Wellington Warehouse,42000,42000,42000,84000,0,0,0.015102711
2,LVL 2,1770840424777,Blankets 5,2,Back on Track Deep Nights Fleece Cooler,Horse Wear > Blankets & Sheets > Coolers & Fleece,26119040,Color: Black,"Size: 75""",,,,Wellington Warehouse,99500,99500,99500,199000,0,0,
0,LVL 2,1770840424777,Blankets 5,2,Back on Track Deep Nights Fleece Cooler,Horse Wear > Blankets & Sheets > Coolers & Fleece,26114955,Color: Plum,"Size: 81""",,,,Wellington Warehouse,99500,99500,99500,199000,0,0,
1,LVL 2,1770840424777,Blankets 5,2,Back on Track Deep Nights Fleece Cooler,Horse Wear > Blankets & Sheets > Coolers & Fleece,26119035,Color: Black,"Size: 72""",,,,Wellington Warehouse,99500,99500,99500,199000,0,0,
1,LVL 2,1770840424777,Blankets 5,2,Back on Track Deep Nights Fleece Cooler,Horse Wear > Blankets & Sheets > Coolers & Fleece,26119055,Color: Black,"Size: 81""",,,,Wellington Warehouse,99500,99500,99500,199000,0,0,
2,LVL 2,1770840424777,Blankets 5,2,Back on Track Deep Nights Fleece Cooler,Horse Wear > Blankets & Sheets > Coolers & Fleece,26114935,Color: Plum,"Size: 72""",,,,Wellington Warehouse,99500,99500,99500,199000,0,0,
16,ROW 5 : LVL 3,1769190184153,Fly sprays,3,Absorbine UltraShield Gold Insecticide & Repellent,Horse Care > Fly & Insect Control > Fly Sprays & Traps,431110,Size: Gallon,,,,,Wellington Warehouse,56720,56720,56720,86690,0,0,0.01436733
13,ROW 5 : LVL 3,1769190184153,Fly sprays,3,Absorbine UltraShield Gold Insecticide & Repellent,Horse Care > Fly & Insect Control > Fly Sprays & Traps,431100,Size: 32 Ounces,,,,,Wellington Warehouse,19950,19950,19950,29590,0,0,0.02873466
1,BIN 1,1776787343289,Spurs,1,Roeckl Roeck-Grip Riding Gloves - Unisex,Rider > Accessories & Apparel > Gloves,15-3301208BK-95,Color: Black,Size: 9.5,,,,Wellington Warehouse,30000,30000,30000,59950,0,0,0.078885995
1,BIN 1,1776787343289,Spurs,1,Roeckl Roeck-Grip Riding Gloves - Unisex,Rider > Accessories & Apparel > Gloves,15-3301208BK-7,Color: Black,Size: 7,,,,Wellington Warehouse,30000,30000,30000,59950,0,0,0.14797728
1,BIN 1,1776787343289,Spurs,1,Roeckl Roeck-Grip Riding Gloves - Unisex,Rider > Accessories & Apparel > Gloves,15-3301208BK-6,Color: Black,Size: 6,,,,Wellington Warehouse,30000,30000,30000,59950,0,0,0.2040043
49,Grid wall,1770916055031,Girths,1,Dubois Cheval Unicorn Crop Charm,Rider > Accessories & Apparel > Accessories,850063320672,Title: Default Title,,,,,Wellington Warehouse,6000,6000,6000,20000,0,0,0.060639165
0,BIN 1,1776787343289,Spurs,1,Roeckl Roeck-Grip Riding Gloves - Unisex,Rider > Accessories & Apparel > Gloves,15-3301208BK-8,Color: Black,Size: 8,,,,Wellington Warehouse,30000,30000,30000,59950,0,0,0.044311803
0,BIN 1,1776787343289,Spurs,1,Roeckl Roeck-Grip Riding Gloves - Unisex,Rider > Accessories & Apparel > Gloves,15-3301208BK-65,Color: Black,Size: 6.5,,,,Wellington Warehouse,30000,30000,30000,59950,0,0,0.06782538
0,BIN 1,1776787343289,Spurs,1,Roeckl Roeck-Grip Riding Gloves - Unisex,Rider > Accessories & Apparel > Gloves,15-3301208BK-85,Color: Black,Size: 8.5,,,,Wellington Warehouse,30000,30000,30000,59950,0,0,0.023375543
6,ROW 3 : LVL 2,1774281614627,Grooming/Tack Cleaner,2,Fiebing's Saddle Soap,Tack & Equipment > Leather Care,088-20015,Size: 12 Ounces,,,,,Wellington Warehouse,4630,4630,4630,9990,0,0,
10,BIN-02,1774375575871,Cavali 3,2,Cut the Crap - Cutting Board,Rider > Home Decor & Gifts,WINTER602,Title: Default Title,,,,,Wellington Warehouse,3700,3700,3700,30000,0,0,0.044930793
5,BIN-04,1775240098869,Cavali 4,4,Stable Style Coffee Table Book,Rider > Home Decor & Gifts,WINTER603,Title: Default Title,,,,,Wellington Warehouse,15000,15000,15000,59000,0,0,
9,ROW 3 : LVL 2,1774281614627,Grooming/Tack Cleaner,2,Fiebing's Liquid Glycerine Saddle Soap,Tack & Equipment > Leather Care,088-20080,Size: 16 Ounces,,,,,Wellington Warehouse,4680,4680,4680,6950,0,0,
0,BIN-02,1767466772768,Shelf 3,2,WeatherBeeta Comfitec Deluxe Fine Mesh Fly Mask With Ears,Horse Wear > Fly & Insect Control > Fly Masks,1006939016,Size: Cob,Color: Navy/Turquoise,,,,Wellington Warehouse,11550,11550,11550,26950,0,0,
0,BIN-02,1767466772768,Shelf 3,2,WeatherBeeta Comfitec Deluxe Fine Mesh Fly Mask With Ears,Horse Wear > Fly & Insect Control > Fly Masks,1006939006,Size: Warmblood,Color: Black/Turquoise,,,,Wellington Warehouse,11550,11550,11550,26950,0,0,
11,ROW 3 : LVL 2,1774281614627,Grooming/Tack Cleaner,2,Xterior Leather Wear Care,Tack & Equipment > Leather Care,XT104,Size: 16 Ounces,,,,,Wellington Warehouse,11990,11990,11990,23990,0,0,
0,BIN-04,1767466772770,Shelf 3,4,Weatherbeeta ComfiTec Hexi Shield Fly Wraps,Horse Wear > Fly & Insect Control > Fly Boots,1027309002,Color: Grey/Silver,Size: Large,,,,Wellington Warehouse,26250,26250,26250,47990,0,20,0.12226637
46,BIN-02,1768845069690,Shelf 15,2,Weatherbeeta ComfiTec Hexi Shield Fly Wraps,Horse Wear > Fly & Insect Control > Fly Boots,1027309002,Color: Grey/Silver,Size: Large,,,,Wellington Warehouse,26250,26250,26250,47990,0,20,0.12226637
1,BIN-01,1768845014309,Shelf 13,1,Bhoof Breastplate 1 - Mid position,Tack & Equipment > Martingales & Breastplates,BH10040001,Size: Pony,,,,,Wellington Warehouse,241000,241000,241000,439000,0,0,
0,BIN-02,1768845069690,Shelf 15,2,Weatherbeeta ComfiTec Hexi Shield Fly Wraps,Horse Wear > Fly & Insect Control > Fly Boots,1027309001,Color: Grey/Silver,Size: Medium,,,,Wellington Warehouse,26250,26250,26250,47990,0,5,0.111978345
1,BIN-01,1768845014309,Shelf 13,1,Bhoof Breastplate 1 - Mid position,Tack & Equipment > Martingales & Breastplates,BH10040003,Size: Full,,,,,Wellington Warehouse,241000,241000,241000,439000,0,0,
2,LVL 2,1771953347959,Fly Sheets 1,2,Horseware Newmarket Plus Fly Sheet,Horse Wear > Fly & Insect Control > Fly Sheets,AFHNGN-VRKB-75,Color: Witney Navy,Size: 75-Inch,,,,Wellington Warehouse,97000,97000,97000,219950,0,0,
2,LVL 2,1771953347959,Fly Sheets 1,2,Horseware Newmarket Plus Fly Sheet,Horse Wear > Fly & Insect Control > Fly Sheets,AFHNGN-VRKB-78,Color: Witney Navy,Size: 78-Inch,,,,Wellington Warehouse,97000,97000,97000,219950,0,0,
1,BIN-01,1768845014309,Shelf 13,1,Bhoof Breastplate 2 - High position,Tack & Equipment > Martingales & Breastplates,BH10040006,Size: Full,,,,,Wellington Warehouse,241000,241000,241000,439000,0,0,
1,LVL 2,1771953347959,Fly Sheets 1,2,Horseware Newmarket Plus Fly Sheet,Horse Wear > Fly & Insect Control > Fly Sheets,AFHNGN-VRKB-72,Color: Witney Navy,Size: 72-Inch,,,,Wellington Warehouse,97000,97000,97000,219950,0,0,
1,BIN-01,1768845014309,Shelf 13,1,Bhoof Martingale 2 - Elastic,Tack & Equipment > Martingales & Breastplates,BH10030004,Size: Pony,,,,,Wellington Warehouse,142000,142000,142000,259000,0,0,
1,BIN-01,1768845014309,Shelf 13,1,Bhoof Bit 2 Double-jointed,Tack & Equipment > Bits > English Bits,BH10120007,Size: 115 mm,,,,,Wellington Warehouse,129000,129000,129000,199000,0,0,
9,ROW 1 : LVL 3,1768938712711,First Aid,3,Fura-Free Liquid for Horses,Horse Care > First Aid & Wellness > Wound Care & Topicals,61016,Size: 16 Ounces,,,,,Wellington Warehouse,8750,8750,8750,12950,0,0,
1,ROW 4 : LVL 4,1774281147464,Supplements 2,4,Omega Alpha Chill,Horse Care > Supplements > Calming & Focus,252905,Size: Gallon,,,,,Wellington Warehouse,80000,80000,80000,161700,0,0,
1,BIN-01,1768845014309,Shelf 13,1,Bhoof Martingale 2 - Elastic,Tack & Equipment > Martingales & Breastplates,BH10030005,Size: Cob,,,,,Wellington Warehouse,142000,142000,142000,259000,0,0,
4,BIN 1,1776787262019,Bits 1,1,Toklat Stainless Steel Full Cheek Corkscrew Snaffle,Tack & Equipment > Bits > English Bits,88-15327,"Size: 5 1/2""",,,,,Wellington Warehouse,25160,25160,25160,44950,0,0,
1,LVL 5,1771953347962,Fly Sheets 1,5,Amigo Aussie All-Rounder,Horse Wear > Fly & Insect Control > Fly Sheets,AFRP9T-B5AE-72,Color: Navy Check/Electric Blue & Navy,Size: 72-Inch,,,,Wellington Warehouse,0,0,0,107960,0,0,
3,BIN 1,1776787262019,Bits 1,1,"Toklat Waterford- 3"" Rings",Tack & Equipment > Bits > English Bits,88-15125,"Size: 5""",,,,,Wellington Warehouse,20660,20660,20660,35950,0,0,
3,ROW 4 : LVL 3,1774281147463,Supplements 2,3,BC2A Paste,Horse Care > Supplements > Weight Gain & Muscle,BC2A88,Size: 88gm,,,Lot# 015023,2027-01-01,Wellington Warehouse,13410,13410,13410,22950,0,30,0.062340762
0,ROW 4 : LVL 3,1774281147463,Supplements 2,3,BC2A Paste,Horse Care > Supplements > Weight Gain & Muscle,BC2A55,Size: 55gm,,,,,Wellington Warehouse,10300,10300,10300,19950,0,30,0.06853903
0,ROW 2 : LVL 1,1767888349951,Supplements 1,1,Black As Knight Show Formula,Horse Care > Supplements > Skin & Coat,BKSHOW23LB,Size: 23 Pound,,,,,Wellington Warehouse,210000,210000,210000,289950,0,6,0.033702284
0,BIN-03,1768845014311,Shelf 13,3,Dy'on Leather Covered Rope Noseband - New English Collection,"Tack & Equipment > Bridles, Headstalls & Reins > English Bridles & Reins > Bridles",NE04IBRC,Size: Cob,Color: Brown,,,,Wellington Warehouse,58820,58820,58820,189990,0,0,
1,BIN 1,1776787262019,Bits 1,1,Toklat Stainless Steel Full Cheek Corkscrew Snaffle,Tack & Equipment > Bits > English Bits,88-15325,"Size: 5""",,,,,Wellington Warehouse,25160,25160,25160,44950,0,0,0.017904783
13,BIN-04,1768403067588,Shelf 12,4,Kentucky Horsewear Wool Bandages,Tack & Equipment > Boots & Wraps > Leg Wraps,42103-01-F,Size: Full,Color: Black,,,,Wellington Warehouse,47810,47810,47810,129990,0,0,0.01621017
0,BIN-05,1768403067589,Shelf 12,5,Kentucky Horsewear Stable Bandage Wrap,Tack & Equipment > Boots & Wraps > Leg Wraps,42119-01-50X50,Size: 50 x 50cm,Color: Black,,,,Wellington Warehouse,52150,52150,52150,139990,0,0,
6,BIN-04,1768403067588,Shelf 12,4,Kentucky Horsewear Tendon Grip Sock,Tack & Equipment > Boots & Wraps > Leg Wraps,42101-01,Size: Full,Color: Black,,,,Wellington Warehouse,34770,34770,34770,94990,0,0,
0,BIN-02,1776354991787,Grooming Small,2,Legends Beauty Brush,Horse Care > Grooming & Bathing > Brushes & Tools > Brushes & Combs,2202,Title: Default Title,,,,,Wellington Warehouse,18060,18060,18060,27950,0,0,0.028876612
12,BIN-04,1768403067588,Shelf 12,4,Kentucky Horsewear Tendon Grip Sock,Tack & Equipment > Boots & Wraps > Leg Wraps,42101-02,Size: Full,Color: Beige,,,,Wellington Warehouse,34770,34770,34770,94990,0,0,
10,ROW 3 : LVL 3,1774281614628,Grooming/Tack Cleaner,3,Effol Lip-Balm,Rider > Accessories & Apparel > Accessories,39051100,Title: Default Title,,,,,Wellington Warehouse,2950,2950,2950,5990,0,0,0.05733154
4,BIN-04,1768403067588,Shelf 12,4,Kentucky Horsewear Tendon Grip Gel Sock,Tack & Equipment > Boots & Wraps > Leg Wraps,42101-01-GEL,Size: Full,Color: Black,,,,Wellington Warehouse,34770,34770,34770,94990,0,0,0.55220926
2,ROW 5 : LVL 2,1769190184152,Fly sprays,2,Flysect Super-C Repellent Concentrate,Horse Care > Fly & Insect Control > Fly Sprays & Traps,3006290,Size: 32 Ounces,,,,,Wellington Warehouse,41320,41320,41320,49950,0,0,0.04194096
13,ROW 1 : LVL 1,1774281650387,Hoof/Treats,1,Finish Line Kool-Out Poultice,Horse Care > First Aid & Wellness > Poultices & Hoof Packing,05023,Size: 23lb,,,,,Wellington Warehouse,20520,20780,20910,34950,0,0,
4,ROW 2 : LVL 3,1768938712707,First Aid,3,Telfa Non-Adherent Dressing,Horse Care > First Aid & Wellness > First Aid Supplies,2132,Size: 3x4 Inch 100 Count,,,,,Wellington Warehouse,20700,20700,20700,26990,0,0,
1,BIN 1,1776787343289,Spurs,1,HIRZL Grippp Elite Gloves,Rider > Accessories & Apparel > Gloves,HR-72176-9,Color: Black,Size: 9,,,,Wellington Warehouse,31450,31450,31450,79990,0,0,
1,BIN 1,1776787343289,Spurs,1,HIRZL Grippp Elite Gloves,Rider > Accessories & Apparel > Gloves,HR-72176-10.5,Color: Black,Size: 10.5,,,,Wellington Warehouse,31450,31450,31450,79990,0,0,
0,BIN 1,1776787343289,Spurs,1,HIRZL Grippp Elite Gloves,Rider > Accessories & Apparel > Gloves,HR-72176-7.5,Color: Black,Size: 7.5,,,,Wellington Warehouse,31450,31450,31450,79990,0,0,0.022843447
1,BIN 1,1776787343289,Spurs,1,HIRZL Grippp Elite Gloves,Rider > Accessories & Apparel > Gloves,HR-72176-11,Color: Black,Size: 11,,,,Wellington Warehouse,31450,31450,31450,79990,0,0,
0,ROW 1 : LVL 1,1774281650387,Hoof/Treats,1,Ramard Relief Poultice,Horse Care > First Aid & Wellness > Poultices & Hoof Packing,RAM-RP5,Size: 5lb,,,,,Wellington Warehouse,22470,22470,22470,36330,0,0,0.025847761
0,BIN 1,1776787343289,Spurs,1,HIRZL Grippp Elite Gloves,Rider > Accessories & Apparel > Gloves,HR-72176-8.5,Color: Black,Size: 8.5,,,,Wellington Warehouse,31450,31450,31450,79990,0,0,0.11432966
2,BIN 1,1776787343289,Spurs,1,HIRZL Grippp Elite Driver Gloves,Rider > Accessories & Apparel > Gloves,HR-72237-7.5,Color: Brown,Size: 7.5,,,,Wellington Warehouse,31450,31450,31450,79990,0,0,0.23396157
1,BIN 1,1776787343289,Spurs,1,HIRZL Grippp Elite Driver Gloves,Rider > Accessories & Apparel > Gloves,HR-72237-12,Color: Brown,Size: 12,,,,Wellington Warehouse,31450,31450,31450,79990,0,0,
0,BIN 1,1776787343289,Spurs,1,HIRZL Grippp Elite Driver Gloves,Rider > Accessories & Apparel > Gloves,HR-72237-7,Color: Brown,Size: 7,,,,Wellington Warehouse,31450,31450,31450,79990,0,0,0.020106375
2,BIN 1,1776787343289,Spurs,1,HIRZL Grippp Elite Driver Gloves,Rider > Accessories & Apparel > Gloves,HR-72237-10.5,Color: Brown,Size: 10.5,,,,Wellington Warehouse,31450,31450,31450,79990,0,0,
0,BIN 1,1776787343289,Spurs,1,HIRZL Grippp Elite Gloves,Rider > Accessories & Apparel > Gloves,HR-72176-7,Color: Black,Size: 7,,,,Wellington Warehouse,31450,31450,31450,79990,0,0,
9,ROW 3 : LVL 3,1774281147459,Supplements 2,3,SynNutra TryChill,Horse Care > Supplements > Calming & Focus,TC-1-1,Quantity: Single,,,Lot #625150401,2027-04-15,Wellington Warehouse,13920,13920,13920,19890,0,0,
1,BIN 1,1776787343289,Spurs,1,HIRZL Grippp Elite Driver Gloves,Rider > Accessories & Apparel > Gloves,HR-72237-6.5,Color: Brown,Size: 6.5,,,,Wellington Warehouse,31450,31450,31450,79990,0,0,
1,BIN 1,1776787343289,Spurs,1,HIRZL Grippp Elite Gloves,Rider > Accessories & Apparel > Gloves,HR-72176-10,Color: Black,Size: 10,,,,Wellington Warehouse,31450,31450,31450,79990,0,0,
1,BIN 1,1776787343289,Spurs,1,HIRZL Grippp Elite Driver Gloves,Rider > Accessories & Apparel > Gloves,HR-72237-8,Color: Brown,Size: 8,,,,Wellington Warehouse,31450,31450,31450,79990,0,0,0.23396157
1,BIN 1,1776787343289,Spurs,1,HIRZL Grippp Elite Driver Gloves,Rider > Accessories & Apparel > Gloves,HR-72237-9,Color: Brown,Size: 9,,,,Wellington Warehouse,31450,31450,31450,79990,0,0,
1,BIN 1,1776787343289,Spurs,1,HIRZL Grippp Elite Driver Gloves,Rider > Accessories & Apparel > Gloves,HR-72237-9.5,Color: Brown,Size: 9.5,,,,Wellington Warehouse,31450,31450,31450,79990,0,0,
1,ROW 3 : LVL 3,1774281147459,Supplements 2,3,SynNutra TryChill,Horse Care > Supplements > Calming & Focus,TC-12-1,Quantity: 12-Pack,,,Lot# 625150401,2027-04-15,Wellington Warehouse,167080,167080,167080,238680,0,0,
1,BIN 1,1776787343289,Spurs,1,HIRZL Grippp Elite Driver Gloves,Rider > Accessories & Apparel > Gloves,HR-72237-8.5,Color: Brown,Size: 8.5,,,,Wellington Warehouse,31450,31450,31450,79990,0,0,
0,BIN 1,1776787343289,Spurs,1,HIRZL Grippp Elite Gloves,Rider > Accessories & Apparel > Gloves,HR-72176-8,Color: Black,Size: 8,,,,Wellington Warehouse,31450,31450,31450,79990,0,0,
1,BIN 1,1776787343289,Spurs,1,HIRZL Grippp Elite Gloves,Rider > Accessories & Apparel > Gloves,HR-72176-9.5,Color: Black,Size: 9.5,,,,Wellington Warehouse,31450,31450,31450,79990,0,0,0.078885995
1,BIN 1,1776787343289,Spurs,1,HIRZL Grippp Elite Gloves,Rider > Accessories & Apparel > Gloves,HR-72176-12,Color: Black,Size: 12,,,,Wellington Warehouse,31450,31450,31450,79990,0,0,
0,BIN 1,1776787343289,Spurs,1,HIRZL Grippp Elite Driver Gloves,Rider > Accessories & Apparel > Gloves,HR-72237-11,Color: Brown,Size: 11,,,,Wellington Warehouse,31450,31450,31450,79990,0,0,
2,BIN-05,1773766441667,Shelf 16,5,Equinavia Jarl Premium Breakaway Halter,Tack & Equipment > Halters & Leads > Halters > Nylon & Rope Halters,E22018-BL-XF,Color: Black,Size: Oversize,,,,Wellington Warehouse,34200,34200,34200,59990,0,0,0.03261045
2,BIN-04,1777314699041,Shelf 20,4,Mustang Browband Headstall with Tie Ends,"Tack & Equipment > Bridles, Headstalls, & Reins > Western Headstalls & Reins > Headstalls",55HDST-18,Size: Horse,,,,,Wellington Warehouse,31500,31500,31500,42000,0,0,
0,BIN-03,1768845014311,Shelf 13,3,Dy'on 1/2 Rubber Reins With 7 Leather Loops - New English Collection,"Tack & Equipment > Bridles, Headstalls & Reins > English Bridles & Reins > Reins",NE05CBRF,Size: Full,Color: Brown,,,,Wellington Warehouse,76120,76120,76120,249990,0,0,0.06742514
0,BIN-05,1773766441667,Shelf 16,5,Equinavia Jarl Premium Breakaway Halter,Tack & Equipment > Halters & Leads > Halters > Nylon & Rope Halters,E22018-BL-F,Color: Black,Size: Horse,,,,Wellington Warehouse,34200,34200,34200,59990,0,0,0.011190577
76,LVL 1,1770059667422,Buckets,1,Fortiflex Salt Block Pan,Stable > Stable Supplies > Feed & Water Buckets,SBP-10,Title: Default Title,,,,,Wellington Warehouse,0,0,0,10990,0,0,0.19581075
4,LVL 2,1770059717290,Buckets,2,Plastic Hook Over Feeder,Stable > Stable Supplies > Feed & Water Buckets,HF15BLACK,Size: 15 qt,Color: Black,,,,Wellington Warehouse,0,0,0,19990,0,0,
1,BIN 1,1776787343289,Spurs,1,Dy'on Straight Browband D Collection,"Tack & Equipment > Bridles, Headstalls & Reins > English Bridles & Reins > Bridle Accessories",DY02ABRC,Size: Cob,,,,,Wellington Warehouse,28080,28080,28080,104990,0,0,
1,BIN 1,1776787343289,Spurs,1,Dy'on Flat Leather V-Shaped Browband D Collection,"Tack & Equipment > Bridles, Headstalls & Reins > English Bridles & Reins > Bridle Accessories",DY02CBRF,Size: Full,,,,,Wellington Warehouse,40770,40770,40770,149990,0,0,
0,BIN 1,1776787343289,Spurs,1,Dy'on Straight Browband D Collection,"Tack & Equipment > Bridles, Headstalls & Reins > English Bridles & Reins > Bridle Accessories",DY02ABRF,Size: Full,,,,,Wellington Warehouse,28080,28080,28080,104990,0,0,0.184178
0,BIN-03,1768845014311,Shelf 13,3,Dy'on Anatomic Flash Noseband US Collection,"Tack & Equipment > Bridles, Headstalls & Reins > English Bridles & Reins > Bridle Accessories",US04BBRC,Size: Cob,,,,,Wellington Warehouse,75240,75240,75240,269990,0,0,
0,BIN 1,1776787343289,Spurs,1,Dy'on Rope Crank Drop Noseband D Collection,"Tack & Equipment > Bridles, Headstalls & Reins > English Bridles & Reins > Bridle Accessories",DY04GBRF,Size: Full,,,,,Wellington Warehouse,41870,41870,41870,159990,0,0,
1,BIN-03,1768845014311,Shelf 13,3,Dy'on Flash Noseband with Chain,"Tack & Equipment > Bridles, Headstalls & Reins > English Bridles & Reins > Bridle Accessories",DY042BRF,Size: Full,,,,,Wellington Warehouse,66850,66850,66850,249990,0,0,
0,BIN-03,1768845014311,Shelf 13,3,Dy'on Anatomic Flash Noseband US Collection,"Tack & Equipment > Bridles, Headstalls & Reins > English Bridles & Reins > Bridle Accessories",US04BBRO,Size: Oversized,,,,,Wellington Warehouse,75240,75240,75240,269990,0,0,
6,ROW 1 : LVL 1,1774281650387,Hoof/Treats,1,Grooming Deluxe Hoof Brush,Horse Care > Grooming & Bathing > Brushes & Tools > Hoof Picks & Hoof Brushes,82121-05,Title: Default Title,,,,,Wellington Warehouse,16470,16470,16470,44990,0,0,
0,ROW 1 : LVL 1,1774281650387,Hoof/Treats,1,Grooming Deluxe Hoof Pencil,Horse Care > Grooming & Bathing > Brushes & Tools > Hoof Picks & Hoof Brushes,82126-05,Title: Default Title,,,,,Wellington Warehouse,8230,8230,8230,24990,0,0,
1,BIN-03,1768845014311,Shelf 13,3,"Dy'on Full Leather 1/2"" Draw Reins D Collection","Tack & Equipment > Bridles, Headstalls & Reins > English Bridles & Reins > Bridle Accessories",DY08ABRP,Size: Pony,Color: Brown,,,,Wellington Warehouse,75540,75540,75540,279990,0,0,
4,BIN-04,1776354991789,Grooming Small,4,Grooming Deluxe Sheepskin Grooming Glove,Horse Care > Grooming & Bathing > Brushes & Tools > Brushes & Combs,82136-02-F,Color: Neutral,,,,,Wellington Warehouse,13040,13040,13040,34990,0,0,
8,ROW 3 : LVL 1,1774281147457,Supplements 2,1,Peak Performance B.C.A.A. Complex Paste,Horse Care > Supplements > Weight Gain & Muscle,1015-PPN,Size: 80cc / 2 doses,,,Lot #2418,2027-03-01,Wellington Warehouse,13100,13100,13100,18990,0,0,0.12662604
5,ROW 1 : LVL 1,1774281650387,Hoof/Treats,1,Grooming Deluxe Hoof Pick,Horse Care > Grooming & Bathing > Brushes & Tools > Hoof Picks & Hoof Brushes,82125-05,Title: Default Title,,,,,Wellington Warehouse,16470,16470,16470,44990,0,0,0.029659236
0,ROW 3 : LVL 2,1774281614627,Grooming/Tack Cleaner,2,Grooming Deluxe Glycerine Almond Soap,Tack & Equipment > Leather Care,42421,Size: 450 ml,,,,,Wellington Warehouse,13360,13360,13360,44990,0,0,0.2581932
0,ROW 4 : LVL 1,1774281614631,Grooming/Tack Cleaner,1,Grooming Deluxe Almond Gloss Shampoo,"Horse Care > Grooming & Bathing > Shampoos, Conditioners, & Sprays > Shampoos",42417,Size: 1 Liter,,,,,Wellington Warehouse,13360,13360,13360,44990,0,0,0.015249134
2,BIN-02,1776354991787,Grooming Small,2,Grooming Deluxe Middle Brush Long,Horse Care > Grooming & Bathing > Brushes & Tools > Brushes & Combs,82138-05,Color: Natural,,,,,Wellington Warehouse,20580,20580,20580,39990,0,0,
6,ROW 1 : LVL 3,1774281650389,Hoof/Treats,3,Grooming Deluxe Metal Polish & Cleaner,Tack & Equipment > Leather Care,42424,Size: 75 g,,,,,Wellington Warehouse,10020,10020,10020,34990,0,0,
3,ROW 3 : LVL 2,1774281614627,Grooming/Tack Cleaner,2,Grooming Deluxe The Original Oxfoot Oil,Tack & Equipment > Leather Care,42423,Size: 250 ml,,,,,Wellington Warehouse,12020,12020,12020,44990,0,0,
2,BIN-02,1776354991787,Grooming Small,2,Grooming Deluxe Middle Brush Long,Horse Care > Grooming & Bathing > Brushes & Tools > Brushes & Combs,82139-05,Color: Brown,,,,,Wellington Warehouse,20580,20580,20580,39990,0,0,0.11573044
5,ROW 1 : LVL 1,1774281650387,Hoof/Treats,1,Grooming Deluxe Small Hoof Pick,Horse Care > Grooming & Bathing > Brushes & Tools > Hoof Picks & Hoof Brushes,82143-05,Title: Default Title,,,,,Wellington Warehouse,12350,12350,12350,34990,0,0,
2,ROW 4 : LVL 1,1774281614631,Grooming/Tack Cleaner,1,Grooming Deluxe Almond Gloss Shampoo,"Horse Care > Grooming & Bathing > Shampoos, Conditioners, & Sprays > Shampoos",42418,Size: 5 Liter,,,,,Wellington Warehouse,40100,40100,40100,134990,0,0,
6,ROW 1 : LVL 1,1774281650387,Hoof/Treats,1,Grooming Deluxe Hoof Pick with Metal Bristle,Horse Care > Grooming & Bathing > Brushes & Tools > Hoof Picks & Hoof Brushes,82157-05,Title: Default Title,,,,,Wellington Warehouse,16470,16470,16470,44990,0,0,0.012142435
0,ROW 4 : LVL 1,1774281614631,Grooming/Tack Cleaner,1,Grooming Deluxe Almond Gloss Detangler,"Horse Care > Grooming & Bathing > Shampoos, Conditioners & Sprays > Detanglers, Shines & Sprays",42420,Size: 5L,,,,,Wellington Warehouse,46790,46790,46790,159990,0,0,0.023659304
12,ROW 1 : LVL 5,1768938712713,First Aid,5,Grooming Deluxe Zinc Spray,Horse Care > First Aid & Wellness > Wound Care & Topicals,72103,Title: Default Title,,,,,Wellington Warehouse,10020,10020,10020,34990,0,0,
8,ROW 1 : LVL 3,1774281650389,Hoof/Treats,3,Grooming Deluxe Boots Cleaner,Tack & Equipment > Boots & Wraps > Accessories,42501,Title: Default Title,,,,,Wellington Warehouse,10020,10020,10020,34990,0,0,
0,ROW 3 : LVL 2,1774281614627,Grooming/Tack Cleaner,2,Grooming Deluxe Leather Almond Care Balm,Tack & Equipment > Leather Care,72105,Title: Default Title,,,,,Wellington Warehouse,20050,20050,20050,69990,0,0,
4,ROW 1 : LVL 3,1774281650389,Hoof/Treats,3,Grooming Deluxe Equi Hoof Zinc Paste,Tack & Equipment > Boots & Wraps > Accessories,72101,Title: Default Title,,,,,Wellington Warehouse,10020,10020,10020,34990,0,0,0.011423172
3,ROW 1 : LVL 1,1774281650387,Hoof/Treats,1,Grooming Deluxe Hoof Oil,Horse Care > Grooming & Bathing > Hoof Oils & Conditioner,72108-01,Color: Black,,,,,Wellington Warehouse,13360,13360,13360,44990,0,0,
1,ROW 1 : LVL 1,1774281650387,Hoof/Treats,1,Grooming Deluxe Hoof Oil,Horse Care > Grooming & Bathing > Hoof Oils & Conditioner,72108-02,Color: Natural,,,,,Wellington Warehouse,13360,13360,13360,44990,0,0,0.017362226
2,ROW 1 : LVL 3,1768938712711,First Aid,3,Grooming Deluxe Therapeutic Wool,Horse Care > First Aid & Wellness > Wound Care & Topicals,42427,Title: Default Title,,,,,Wellington Warehouse,5340,5340,5340,19990,0,0,
0,ROW 3 : LVL 1,1774281614626,Grooming/Tack Cleaner,1,Grooming Deluxe Tack Cleaner,Tack & Equipment > Leather Care,42511,Title: Default Title,,,,,Wellington Warehouse,13360,13360,13360,44990,0,0,0.041257657
1,BIN-03,1774887638159,Cavali 2,3,Kentucky Horsewear Sammy Socks,Rider > Accessories & Apparel > Socks,42206-03-41/46,Color: Navy,Size: 41/46,,,,Wellington Warehouse,13040,13040,13040,39990,0,0,
1,BIN-03,1774887638159,Cavali 2,3,Kentucky Horsewear Sammy Socks,Rider > Accessories & Apparel > Socks,42206-01-41/46,Color: Black,Size: 41/46,,,,Wellington Warehouse,13040,13040,13040,39990,0,0,
11,ROW 1 : LVL 3,1774281650389,Hoof/Treats,3,Grooming Deluxe Anti Bite Spray,Stable > Stable Supplies,72117,Title: Default Title,,,,,Wellington Warehouse,16700,16700,16700,59990,0,0,
2,ROW 4 : LVL 1,1774281614631,Grooming/Tack Cleaner,1,Grooming Deluxe Green Spot & Dust Remover,"Horse Care > Grooming & Bathing > Shampoos, Conditioners, & Sprays > Stain Removers",72112,Title: Default Title,,,,,Wellington Warehouse,13360,13360,13360,44990,0,0,0.023659304
1,BIN-03,1774887638159,Cavali 2,3,Kentucky Horsewear Sammy Socks,Rider > Accessories & Apparel > Socks,42206-03-35/40,Color: Navy,Size: 35/40,,,,Wellington Warehouse,13040,13040,13040,39990,0,0,
1,BIN-03,1774887638159,Cavali 2,3,Kentucky Horsewear Sammy Socks,Rider > Accessories & Apparel > Socks,42206-10-35/40,Color: Pink,Size: 35/40,,,,Wellington Warehouse,13040,13040,13040,39990,0,0,
1,BIN-03,1774887638159,Cavali 2,3,Kentucky Horsewear Sammy Socks,Rider > Accessories & Apparel > Socks,42206-61-35/40,Color: Light Blue,Size: 35/40,,,,Wellington Warehouse,13040,13040,13040,39990,0,0,
3,ROW 1 : LVL 5,1768938712713,First Aid,5,Grooming Deluxe Recovering Ice Gel,Horse Care > First Aid & Wellness > Liniments,72116,Title: Default Title,,,,,Wellington Warehouse,16700,16700,16700,59990,0,0,0.022779856
1,BIN-03,1774887638159,Cavali 2,3,Kentucky Horsewear Sammy Socks,Rider > Accessories & Apparel > Socks,42206-08-35/40,Color: Gray,Size: 35/40,,,,Wellington Warehouse,13040,13040,13040,39990,0,0,
1,BIN-03,1774887638159,Cavali 2,3,Kentucky Horsewear Sammy Socks,Rider > Accessories & Apparel > Socks,42206-08-41/46,Color: Gray,Size: 41/46,,,,Wellington Warehouse,13040,13040,13040,39990,0,0,
2,BIN-05,1767722133136,Shelf 6,5,Kentucky Horsewear Tendon Boots Velcro,Tack & Equipment > Boots & Wraps > Protective Boots > Front Boots,88103-05-M,Color: Brown,Size: Horse,,,,Wellington Warehouse,86930,86930,86930,234990,0,0,
1,BIN-03,1774887638159,Cavali 2,3,Kentucky Horsewear Sammy Socks,Rider > Accessories & Apparel > Socks,42206-61-41/46,Color: Light Blue,Size: 41/46,,,,Wellington Warehouse,13040,13040,13040,39990,0,0,
1,BIN-03,1774887638159,Cavali 2,3,Kentucky Horsewear Sammy Socks,Rider > Accessories & Apparel > Socks,42206-01-35/40,Color: Black,Size: 35/40,,,,Wellington Warehouse,13040,13040,13040,39990,0,0,
1,BIN-03,1774887638159,Cavali 2,3,Kentucky Horsewear Sammy Socks,Rider > Accessories & Apparel > Socks,42206-10-41/46,Color: Pink,Size: 41/46,,,,Wellington Warehouse,13040,13040,13040,39990,0,0,
2,BIN-05,1767722133136,Shelf 6,5,Kentucky Horsewear Tendon Boots Velcro,Tack & Equipment > Boots & Wraps > Protective Boots > Front Boots,88103-01-M,Color: Black,Size: Horse,,,,Wellington Warehouse,86930,86930,86930,234990,0,0,
1,BIN-03,1774887638159,Cavali 2,3,Kentucky Horsewear Glitter Socks,Rider > Accessories & Apparel > Socks,42702-08-35/40,Color: Gray,Size: 35/40,,,,Wellington Warehouse,13040,13040,13040,39990,0,0,
1,BIN-03,1774887638159,Cavali 2,3,Kentucky Horsewear Glitter Socks,Rider > Accessories & Apparel > Socks,42702-74-41/46,Color: Pine Green,Size: 41/46,,,,Wellington Warehouse,13040,13040,13040,39990,0,0,
1,BIN-03,1774887638159,Cavali 2,3,Kentucky Horsewear Socks,Rider > Accessories & Apparel > Socks,42208-61-35/40,Color: Light Blue,Size: 35/40,,,,Wellington Warehouse,13040,13040,13040,39990,0,0,
1,BIN-03,1774887638159,Cavali 2,3,Kentucky Horsewear Glitter Socks,Rider > Accessories & Apparel > Socks,42702-50-35/40,Color: Soft Rose,Size: 35/40,,,,Wellington Warehouse,13040,13040,13040,39990,0,0,
1,BIN-03,1774887638159,Cavali 2,3,Kentucky Horsewear Glitter Socks,Rider > Accessories & Apparel > Socks,42702-50-41/46,Color: Soft Rose,Size: 41/46,,,,Wellington Warehouse,13040,13040,13040,39990,0,0,
0,BIN-03,1774887638159,Cavali 2,3,Kentucky Horsewear Glitter Socks,Rider > Accessories & Apparel > Socks,42702-01-35/40,Color: Black,Size: 35/40,,,,Wellington Warehouse,13040,13040,13040,39990,0,0,
4,Grid wall,1770916055031,Girths,1,Kentucky Horsewear Sunglasses,Rider > Accessories & Apparel > Accessories,42804-01,Type: La Paz,,,,,Wellington Warehouse,104320,104320,104320,269990,0,0,
0,BIN-03,1774887638159,Cavali 2,3,Kentucky Horsewear Glitter Socks,Rider > Accessories & Apparel > Socks,42702-03-41/46,Color: Navy,Size: 41/46,,,,Wellington Warehouse,13040,13040,13040,39990,0,0,0.01796617
1,BIN-03,1774887638159,Cavali 2,3,Kentucky Horsewear Glitter Socks,Rider > Accessories & Apparel > Socks,42702-32-41/46,Color: Beige,Size: 41/46,,,,Wellington Warehouse,13040,13040,13040,39990,0,0,
10,Other,1777650559284,C,1,Grooming Deluxe Baseball Cap,Rider > Accessories & Apparel > Hats,42732-05-F,Color: Brown,,,,,Wellington Warehouse,26080,26080,26080,69990,0,0,
0,BIN-03,1774887638159,Cavali 2,3,Kentucky Horsewear Socks,Rider > Accessories & Apparel > Socks,42208-10-41/46,Color: Pink,Size: 41/46,,,,Wellington Warehouse,13040,13040,13040,39990,0,0,
0,BIN-03,1774887638159,Cavali 2,3,Kentucky Horsewear Socks,Rider > Accessories & Apparel > Socks,42208-61-41/46,Color: Light Blue,Size: 41/46,,,,Wellington Warehouse,13040,13040,13040,39990,0,0,
1,BIN-03,1774887638159,Cavali 2,3,Kentucky Horsewear Glitter Socks,Rider > Accessories & Apparel > Socks,42702-74-35/40,Color: Pine Green,Size: 35/40,,,,Wellington Warehouse,13040,13040,13040,39990,0,0,
7,Other,1777650559284,C,1,Grooming Deluxe Baseball Cap,Rider > Accessories & Apparel > Hats,42732-01-F,Color: Black,,,,,Wellington Warehouse,26080,26080,26080,69990,0,0,
4,Grid wall,1770916055031,Girths,1,Kentucky Horsewear Sunglasses,Rider > Accessories & Apparel > Accessories,42804-05,Type: Adele,,,,,Wellington Warehouse,104320,104320,104320,269990,0,0,
4,LVL 4,1770051152413,Saddle Pads 1,4,Kentucky Horsewear Fishbone Saddle Pad with Numbers,Tack & Equipment > English Saddle Pads > All Purpose & Hunter/Jumper Saddle Pads,42582-03-SJ,Color: Navy,,,,,Wellington Warehouse,91280,91280,91280,249990,0,0,
4,LVL 4,1770051152413,Saddle Pads 1,4,Kentucky Horsewear Fishbone Saddle Pad with Numbers,Tack & Equipment > English Saddle Pads > All Purpose & Hunter/Jumper Saddle Pads,42582-02-SJ,Color: White,,,,,Wellington Warehouse,91280,91280,91280,249990,0,0,
5,BIN-04,1776354991789,Grooming Small,4,Kentucky Horsewear Sammy Towel,Rider > Accessories & Apparel > Accessories,42117-01,Color: Black,Size: 35x34 cm,,,,Wellington Warehouse,4340,4340,4340,14990,0,0,0.026360083
0,BIN-03,1774887638159,Cavali 2,3,Kentucky Horsewear Socks Set of 3,Rider > Accessories & Apparel > Socks,42705-01-41/46,Color: Black,Size: 41/46,,,,Wellington Warehouse,30420,30420,30420,84990,0,0,0.06871702
0,BIN-03,1774887638159,Cavali 2,3,Kentucky Horsewear Glitter Socks,Rider > Accessories & Apparel > Socks,42702-32-35/40,Color: Beige,Size: 35/40,,,,Wellington Warehouse,13040,13040,13040,39990,0,0,
1,BIN-03,1774887638159,Cavali 2,3,Kentucky Horsewear Glitter Socks,Rider > Accessories & Apparel > Socks,42702-08-41/46,Color: Gray,Size: 41/46,,,,Wellington Warehouse,13040,13040,13040,39990,0,0,
0,BIN-03,1774887638159,Cavali 2,3,Kentucky Horsewear Socks Set of 3,Rider > Accessories & Apparel > Socks,42705-03-41/46,Color: Navy,Size: 41/46,,,,Wellington Warehouse,30420,30420,30420,84990,0,0,0.020630661
0,BIN-03,1774887638159,Cavali 2,3,Kentucky Horsewear Socks Set of 3,Rider > Accessories & Apparel > Socks,42705-03-35/40,Color: Navy,Size: 35/40,,,,Wellington Warehouse,30420,30420,30420,84990,0,0,0.08555799
0,BIN-03,1774887638159,Cavali 2,3,Kentucky Horsewear Glitter Socks,Rider > Accessories & Apparel > Socks,42702-03-35/40,Color: Navy,Size: 35/40,,,,Wellington Warehouse,13040,13040,13040,39990,0,0,
1,BIN-03,1774887638159,Cavali 2,3,Kentucky Horsewear Socks,Rider > Accessories & Apparel > Socks,42208-10-35/40,Color: Pink,Size: 35/40,,,,Wellington Warehouse,13040,13040,13040,39990,0,0,
6,Other,1777650559284,C,1,Grooming Deluxe Baseball Cap,Rider > Accessories & Apparel > Hats,42732-32-F,Color: Beige,,,,,Wellington Warehouse,26080,26080,26080,69990,0,0,
0,BIN-03,1774887638159,Cavali 2,3,Kentucky Horsewear Socks Set of 3,Rider > Accessories & Apparel > Socks,42705-01-35/40,Color: Black,Size: 35/40,,,,Wellington Warehouse,30420,30420,30420,84990,0,0,0.078235894
4,Grid wall,1770916055031,Girths,1,Kentucky Horsewear Sunglasses,Rider > Accessories & Apparel > Accessories,42804-55,Type: Alvin,,,,,Wellington Warehouse,104320,104320,104320,269990,0,0,
4,LVL 4,1770051152413,Saddle Pads 1,4,Kentucky Horsewear Fishbone Saddle Pad with Numbers,Tack & Equipment > English Saddle Pads > All Purpose & Hunter/Jumper Saddle Pads,42582-01-SJ,Color: Black,,,,,Wellington Warehouse,91280,91280,91280,249990,0,0,
1,BIN-03,1777314709513,Shelf 21,3,Kentucky Horsewear Wellington Ear Bonnet,Tack & Equipment > Ear Plugs & Bonnets > Bonnets,42608-01-L,Size: Oversized,Color: Black,,,,Wellington Warehouse,52160,52160,52160,149990,0,0,
4,BIN-04,1767452692385,Shelf 2,4,Kentucky Horsewear Anti Fly Nose Net,Horse Wear > Fly & Insect Control > Fly Masks,42663-01-M,Size: Cob,Color: Black,,,,Wellington Warehouse,13030,13030,13030,39990,0,0,0.034072198
0,ROW 3 : LVL 2,1774281614627,Grooming/Tack Cleaner,2,Grooming Deluxe Leather Almond Care Oil,Tack & Equipment > Leather Care,72119,Title: Default Title,,,,,Wellington Warehouse,10020,10020,10020,34990,0,0,0.17011115
1,BIN-03,1777314709513,Shelf 21,3,Kentucky Horsewear Wellington Stone & Pearl Ear Bonnet,Tack & Equipment > Ear Plugs & Bonnets > Bonnets,42614-33-F,Size: Full,Color: Navy,,,,Wellington Warehouse,69550,69550,69550,189990,0,0,
2,BIN-03,1777314709513,Shelf 21,3,Kentucky Horsewear Wellington Stone & Pearl Long Ear Bonnet,Tack & Equipment > Ear Plugs & Bonnets > Bonnets,42616-33-F,Size: Full,Color: Navy,,,,Wellington Warehouse,69550,69550,69550,189990,0,0,
1,BIN-03,1777314709513,Shelf 21,3,Kentucky Horsewear Wellington Ear Bonnet,Tack & Equipment > Ear Plugs & Bonnets > Bonnets,42608-33-L,Size: Oversized,Color: Navy,,,,Wellington Warehouse,52160,52160,52160,149990,0,0,
5,BIN-04,1767452692385,Shelf 2,4,Kentucky Horsewear Fly Mask Slim Fit With Ears,Horse Wear > Fly & Insect Control > Fly Masks,42604-32-COB,Size: Cob,Color: Beige,,,,Wellington Warehouse,43470,43470,43470,124990,0,0,
6,BIN-04,1767452692385,Shelf 2,4,Kentucky Horsewear Anti Fly Nose Net,Horse Wear > Fly & Insect Control > Fly Masks,42663-05-M,Size: Cob,Color: Brown,,,,Wellington Warehouse,13030,13030,13030,39990,0,0,
2,BIN-03,1777314709513,Shelf 21,3,Kentucky Horsewear Wellington Stone & Pearl Ear Bonnet,Tack & Equipment > Ear Plugs & Bonnets > Bonnets,42614-01-C,Size: Cob,Color: Black,,,,Wellington Warehouse,69550,69550,69550,189990,0,0,
6,BIN-04,1767452692385,Shelf 2,4,Kentucky Horsewear Anti Fly Nose Net,Horse Wear > Fly & Insect Control > Fly Masks,42663-08-F,Size: Full,Color: Gray,,,,Wellington Warehouse,13030,13030,13030,39990,0,0,
1,BIN-03,1777314709513,Shelf 21,3,Kentucky Horsewear Wellington Ear Bonnet,Tack & Equipment > Ear Plugs & Bonnets > Bonnets,42608-33-F,Size: Full,Color: Navy,,,,Wellington Warehouse,52160,52160,52160,149990,0,0,
0,BIN-03,1777314709513,Shelf 21,3,Kentucky Horsewear Wellington Stone & Pearl Soundless Ear Bonnet,Tack & Equipment > Ear Plugs & Bonnets > Bonnets,42615-33-F,Size: Full,Color: Navy,,,,Wellington Warehouse,73890,73890,73890,204990,0,0,0.2818101
6,BIN-04,1767452692385,Shelf 2,4,Kentucky Horsewear Anti Fly Nose Net,Horse Wear > Fly & Insect Control > Fly Masks,42663-08-M,Size: Cob,Color: Gray,,,,Wellington Warehouse,13030,13030,13030,39990,0,0,
1,BIN-03,1777314709513,Shelf 21,3,Kentucky Horsewear Wellington Stone & Pearl Soundless Ear Bonnet,Tack & Equipment > Ear Plugs & Bonnets > Bonnets,42615-05-F,Size: Full,Color: Brown,,,,Wellington Warehouse,73890,73890,73890,204990,0,0,
1,BIN-03,1777314709513,Shelf 21,3,Kentucky Horsewear Wellington Stone & Pearl Long Ear Bonnet,Tack & Equipment > Ear Plugs & Bonnets > Bonnets,42616-08-F,Size: Full,Color: Grey,,,,Wellington Warehouse,69550,69550,69550,189990,0,0,
2,BIN-03,1777314709513,Shelf 21,3,Kentucky Horsewear Wellington Stone & Pearl Ear Bonnet,Tack & Equipment > Ear Plugs & Bonnets > Bonnets,42614-33-C,Size: Cob,Color: Navy,,,,Wellington Warehouse,69550,69550,69550,189990,0,0,
4,BIN-04,1767452692385,Shelf 2,4,Kentucky Horsewear Anti Fly Nose Net,Horse Wear > Fly & Insect Control > Fly Masks,42663-01-F,Size: Full,Color: Black,,,,Wellington Warehouse,13030,13030,13030,39990,0,0,
1,BIN-03,1777314709513,Shelf 21,3,Kentucky Horsewear Wellington Soundless Ear Bonnet,Tack & Equipment > Ear Plugs & Bonnets > Bonnets,42609-33-L,Size: Oversized,Color: Navy,,,,Wellington Warehouse,56510,56510,56510,159990,0,0,
0,BIN-03,1777314709513,Shelf 21,3,Kentucky Horsewear Wellington Soundless Ear Bonnet,Tack & Equipment > Ear Plugs & Bonnets > Bonnets,42609-33-F,Size: Full,Color: Navy,,,,Wellington Warehouse,56510,56510,56510,159990,0,0,
1,BIN-03,1777314709513,Shelf 21,3,Kentucky Horsewear Wellington Ear Bonnet,Tack & Equipment > Ear Plugs & Bonnets > Bonnets,42608-33-C,Size: Cob,Color: Navy,,,,Wellington Warehouse,52160,52160,52160,149990,0,0,
1,BIN-03,1777314709513,Shelf 21,3,Kentucky Horsewear Wellington Ear Bonnet,Tack & Equipment > Ear Plugs & Bonnets > Bonnets,42608-01-C,Size: Cob,Color: Black,,,,Wellington Warehouse,52160,52160,52160,149990,0,0,
2,ROW 4 : LVL 1,1774281614631,Grooming/Tack Cleaner,1,Grooming Deluxe Allmond Gloss Purple Shampoo,"Horse Care > Grooming & Bathing > Shampoos, Conditioners, & Sprays > Shampoos",72118,Title: Default Title,,,,,Wellington Warehouse,10020,10020,10020,44990,0,0,0.045747403
6,BIN-04,1767452692385,Shelf 2,4,Kentucky Horsewear Anti Fly Nose Net,Horse Wear > Fly & Insect Control > Fly Masks,42663-05-F,Size: Full,Color: Brown,,,,Wellington Warehouse,13030,13030,13030,39990,0,0,
1,BIN-03,1777314709513,Shelf 21,3,Kentucky Horsewear Wellington Stone & Pearl Soundless Ear Bonnet,Tack & Equipment > Ear Plugs & Bonnets > Bonnets,42615-08-F,Size: Full,Color: Grey,,,,Wellington Warehouse,73890,73890,73890,204990,0,0,
1,BIN-03,1777314709513,Shelf 21,3,Kentucky Horsewear Wellington Stone & Pearl Ear Bonnet,Tack & Equipment > Ear Plugs & Bonnets > Bonnets,42614-08-F,Size: Full,Color: Grey,,,,Wellington Warehouse,69550,69550,69550,189990,0,0,0.17557284
2,BIN-03,1777314709513,Shelf 21,3,Kentucky Horsewear Wellington Stone & Pearl Long Ear Bonnet,Tack & Equipment > Ear Plugs & Bonnets > Bonnets,42616-05-F,Size: Full,Color: Brown,,,,Wellington Warehouse,69550,69550,69550,189990,0,0,
2,BIN-03,1777314709513,Shelf 21,3,Kentucky Horsewear Wellington Stone & Pearl Ear Bonnet,Tack & Equipment > Ear Plugs & Bonnets > Bonnets,42614-01-F,Size: Full,Color: Black,,,,Wellington Warehouse,69550,69550,69550,189990,0,0,
2,BIN-03,1777314709513,Shelf 21,3,Kentucky Horsewear Wellington Soundless Ear Bonnet,Tack & Equipment > Ear Plugs & Bonnets > Bonnets,42609-05-F,Size: Full,Color: Brown,,,,Wellington Warehouse,56510,56510,56510,159990,0,0,
1,BIN-03,1777314709513,Shelf 21,3,Kentucky Horsewear Wellington Soundless Ear Bonnet,Tack & Equipment > Ear Plugs & Bonnets > Bonnets,42609-01-C,Size: Cob,Color: Black,,,,Wellington Warehouse,56510,56510,56510,159990,0,0,
2,BIN-03,1777314709513,Shelf 21,3,Kentucky Horsewear Wellington Soundless Ear Bonnet,Tack & Equipment > Ear Plugs & Bonnets > Bonnets,42609-05-L,Size: Oversized,Color: Brown,,,,Wellington Warehouse,56510,56510,56510,159990,0,0,
6,BIN-04,1767452692385,Shelf 2,4,Kentucky Horsewear Fly Mask Slim Fit With Ears,Horse Wear > Fly & Insect Control > Fly Masks,42604-01-COB,Size: Cob,Color: Black,,,,Wellington Warehouse,43470,43470,43470,124990,0,0,
2,BIN-03,1777314709513,Shelf 21,3,Kentucky Horsewear Wellington Ear Bonnet,Tack & Equipment > Ear Plugs & Bonnets > Bonnets,42608-05-F,Size: Full,Color: Brown,,,,Wellington Warehouse,52160,52160,52160,149990,0,0,
2,BIN-03,1777314709513,Shelf 21,3,Kentucky Horsewear Wellington Stone & Pearl Long Ear Bonnet,Tack & Equipment > Ear Plugs & Bonnets > Bonnets,42616-01-F,Size: Full,Color: Black,,,,Wellington Warehouse,69550,69550,69550,189990,0,0,
1,BIN-03,1777314709513,Shelf 21,3,Kentucky Horsewear Wellington Soundless Ear Bonnet,Tack & Equipment > Ear Plugs & Bonnets > Bonnets,42609-33-C,Size: Cob,Color: Navy,,,,Wellington Warehouse,56510,56510,56510,159990,0,0,0.07282152
2,BIN-03,1777314709513,Shelf 21,3,Kentucky Horsewear Wellington Soundless Ear Bonnet,Tack & Equipment > Ear Plugs & Bonnets > Bonnets,42609-01-L,Size: Oversized,Color: Black,,,,Wellington Warehouse,56510,56510,56510,159990,0,0,
1,BIN-03,1777314709513,Shelf 21,3,Kentucky Horsewear Wellington Wave Ear Soundless Bonnet,Tack & Equipment > Ear Plugs & Bonnets > Bonnets,42656-05-F,Size: Full,Color: Brown,,,,Wellington Warehouse,56500,56500,56500,159990,0,0,
1,BIN-03,1777314709513,Shelf 21,3,Kentucky Horsewear Wellington Velvet & Pearl Ear Bonnet,Tack & Equipment > Ear Plugs & Bonnets > Bonnets,42629-32-F,Size: Full,Color: Beige,,,,Wellington Warehouse,69550,69550,69550,149990,0,0,
1,BIN-03,1777314709513,Shelf 21,3,Kentucky Horsewear Wellington Wave Ear Bonnet,Tack & Equipment > Ear Plugs & Bonnets > Bonnets,42655-01-F,Size: Full,Color: Black,,,,Wellington Warehouse,52160,52160,52160,149990,0,0,
1,BIN-03,1777314709513,Shelf 21,3,Kentucky Horsewear Wellington 3D Logo Ear Bonnet,Tack & Equipment > Ear Plugs & Bonnets > Bonnets,42657-32-F,Size: Full,Color: Beige,,,,Wellington Warehouse,52140,52140,52140,149990,0,0,
1,BIN-03,1777314709513,Shelf 21,3,Kentucky Horsewear Wellington 3D Logo Ear Bonnet,Tack & Equipment > Ear Plugs & Bonnets > Bonnets,42657-74-F,Size: Full,Color: Pine Green,,,,Wellington Warehouse,52140,52140,52140,149990,0,0,
1,BIN-03,1777314709513,Shelf 21,3,Kentucky Horsewear Wellington Velvet & Pearl Ear Bonnet,Tack & Equipment > Ear Plugs & Bonnets > Bonnets,42629-50-F,Size: Full,Color: Soft Rose,,,,Wellington Warehouse,69550,69550,69550,149990,0,0,
1,BIN-03,1777314709513,Shelf 21,3,Kentucky Horsewear Wellington Big Stone & Pearl Ear Bonnet,Tack & Equipment > Ear Plugs & Bonnets > Bonnets,42634-33-F,Size: Full,Color: Navy,,,,Wellington Warehouse,33330,33330,33330,189990,0,0,
1,BIN-03,1777314709513,Shelf 21,3,Kentucky Horsewear Wellington Velvet & Pearl Ear Bonnet,Tack & Equipment > Ear Plugs & Bonnets > Bonnets,42629-03-F,Size: Full,Color: Navy,,,,Wellington Warehouse,69550,69550,69550,149990,0,0,
2,BIN-03,1777314709513,Shelf 21,3,Kentucky Horsewear Wellington Stone & Pearl Long Ear Soundless Bonnet,Tack & Equipment > Ear Plugs & Bonnets > Bonnets,42617-08-F,Size: Full,Color: Grey,,,,Wellington Warehouse,73890,73890,73890,204990,0,0,
1,BIN-03,1777314709513,Shelf 21,3,Kentucky Horsewear Wellington Stone & Pearl Long Ear Soundless Bonnet,Tack & Equipment > Ear Plugs & Bonnets > Bonnets,42617-33-F,Size: Full,Color: Navy,,,,Wellington Warehouse,73890,73890,73890,204990,0,0,
1,BIN-03,1777314709513,Shelf 21,3,Kentucky Horsewear Wellington Wave Ear Bonnet,Tack & Equipment > Ear Plugs & Bonnets > Bonnets,42655-33-F,Size: Full,Color: Navy,,,,Wellington Warehouse,52160,52160,52160,149990,0,0,
2,BIN-03,1777314709513,Shelf 21,3,Kentucky Horsewear Wellington Big Stone & Pearl Ear Soundless Bonnet,Tack & Equipment > Ear Plugs & Bonnets > Bonnets,42635-01-F,Size: Full,Color: Black,,,,Wellington Warehouse,73890,73890,73890,204990,0,0,
1,BIN-03,1777314709513,Shelf 21,3,Kentucky Horsewear Wellington Wave Ear Bonnet,Tack & Equipment > Ear Plugs & Bonnets > Bonnets,42655-05-F,Size: Full,Color: Brown,,,,Wellington Warehouse,52160,52160,52160,149990,0,0,
2,BIN-03,1777314709513,Shelf 21,3,Kentucky Horsewear Wellington Stone & Pearl Long Ear Soundless Bonnet,Tack & Equipment > Ear Plugs & Bonnets > Bonnets,42617-05-F,Size: Full,Color: Brown,,,,Wellington Warehouse,73890,73890,73890,204990,0,0,
1,BIN-03,1777314709513,Shelf 21,3,Kentucky Horsewear Wellington 3D Logo Ear Bonnet,Tack & Equipment > Ear Plugs & Bonnets > Bonnets,42657-01-F,Size: Full,Color: Black,,,,Wellington Warehouse,52140,52140,52140,149990,0,0,
1,BIN-03,1777314709513,Shelf 21,3,Kentucky Horsewear Wellington 3D Logo Soundless Ear Bonnet,Tack & Equipment > Ear Plugs & Bonnets > Bonnets,42658-32-F,Size: Full,Color: Beige,,,,Wellington Warehouse,56500,56500,56500,159990,0,0,
1,BIN-03,1777314709513,Shelf 21,3,Kentucky Horsewear Wellington Velvet & Pearl Ear Bonnet,Tack & Equipment > Ear Plugs & Bonnets > Bonnets,42629-01-F,Size: Full,Color: Black,,,,Wellington Warehouse,69550,69550,69550,149990,0,0,
2,BIN-03,1777314709513,Shelf 21,3,Kentucky Horsewear Wellington Stone & Pearl Long Ear Soundless Bonnet,Tack & Equipment > Ear Plugs & Bonnets > Bonnets,42617-01-F,Size: Full,Color: Black,,,,Wellington Warehouse,73890,73890,73890,204990,0,0,
2,BIN-03,1777314709513,Shelf 21,3,Kentucky Horsewear Wellington Big Stone & Pearl Ear Soundless Bonnet,Tack & Equipment > Ear Plugs & Bonnets > Bonnets,42635-33-F,Size: Full,Color: Navy,,,,Wellington Warehouse,73890,73890,73890,204990,0,0,
1,BIN-03,1777314709513,Shelf 21,3,Kentucky Horsewear Wellington 3D Logo Ear Bonnet,Tack & Equipment > Ear Plugs & Bonnets > Bonnets,42657-03-F,Size: Full,Color: Navy,,,,Wellington Warehouse,52140,52140,52140,149990,0,0,
1,BIN-03,1777314709513,Shelf 21,3,Kentucky Horsewear Wellington 3D Logo Soundless Ear Bonnet,Tack & Equipment > Ear Plugs & Bonnets > Bonnets,42658-01-F,Size: Full,Color: Black,,,,Wellington Warehouse,56500,56500,56500,159990,0,0,
2,BIN-03,1777314709513,Shelf 21,3,Kentucky Horsewear Wellington Big Stone & Pearl Ear Bonnet,Tack & Equipment > Ear Plugs & Bonnets > Bonnets,42634-01-F,Size: Full,Color: Black,,,,Wellington Warehouse,33330,33330,33330,189990,0,0,
1,BIN-03,1777314709513,Shelf 21,3,Kentucky Horsewear Wellington Velvet Ear Bonnet,Tack & Equipment > Ear Plugs & Bonnets > Bonnets,42626-71-C,Size: Cob,Color: Emerald,,,,Wellington Warehouse,52160,52160,52160,149990,0,0,
1,BIN-03,1777314709513,Shelf 21,3,Kentucky Horsewear Wellington Wave Ear Soundless Bonnet,Tack & Equipment > Ear Plugs & Bonnets > Bonnets,42656-33-F,Size: Full,Color: Navy,,,,Wellington Warehouse,56500,56500,56500,159990,0,0,
1,BIN-03,1777314709513,Shelf 21,3,Kentucky Horsewear Wellington Velvet & Pearl Ear Bonnet,Tack & Equipment > Ear Plugs & Bonnets > Bonnets,42629-74-F,Size: Full,Color: Pine Green,,,,Wellington Warehouse,69550,69550,69550,149990,0,0,
1,BIN-03,1777314709513,Shelf 21,3,Kentucky Horsewear Wellington 3D Logo Soundless Ear Bonnet,Tack & Equipment > Ear Plugs & Bonnets > Bonnets,42658-03-F,Size: Full,Color: Navy,,,,Wellington Warehouse,56500,56500,56500,159990,0,0,
5,Grid wall,1770916055031,Girths,1,Kentucky Horsewear Anatomic Stud Girth,Tack & Equipment > Girths & Cinches > English Girths > Hunter/Jumper Girths,42432-05-130,Size: 52-Inch,Color: Brown,,,,Wellington Warehouse,173870,173870,173870,449990,0,0,
1,BIN-02,1773766480615,Shelf 17,2,Kentucky Horsewear Plaited Nylon Halter,Tack & Equipment > Halters & Leads > Halters > Nylon & Rope Halters,42516-61-COB,Size: Cob,Color: Light Blue,,,,Wellington Warehouse,65200,65200,65200,179990,0,0,
5,Grid wall,1770916055031,Girths,1,Kentucky Horsewear Anatomic Sheepskin Stud Girth,Tack & Equipment > Girths & Cinches > English Girths > Hunter/Jumper Girths,42433-05-125,Size: 50-Inch,Color: Brown,,,,Wellington Warehouse,213000,213000,213000,559990,0,0,
1,BIN-02,1773766480615,Shelf 17,2,Kentucky Horsewear Plaited Nylon Halter,Tack & Equipment > Halters & Leads > Halters > Nylon & Rope Halters,42516-08-COB,Size: Cob,Color: Grey,,,,Wellington Warehouse,65200,65200,65200,179990,0,0,
2,BIN-02,1773766480615,Shelf 17,2,Kentucky Horsewear Plaited Nylon Halter,Tack & Equipment > Halters & Leads > Halters > Nylon & Rope Halters,42516-74-F,Size: Full,Color: Olive Green,,,,Wellington Warehouse,65200,65200,65200,179990,0,0,
5,BIN-02,1773766480615,Shelf 17,2,Kentucky Horsewear Plaited Nylon Halter,Tack & Equipment > Halters & Leads > Halters > Nylon & Rope Halters,42516-03-F,Size: Full,Color: Navy,,,,Wellington Warehouse,65200,65200,65200,179990,0,0,
2,BIN-02,1773766480615,Shelf 17,2,Kentucky Horsewear Plaited Nylon Halter,Tack & Equipment > Halters & Leads > Halters > Nylon & Rope Halters,42516-08-F,Size: Full,Color: Grey,,,,Wellington Warehouse,65200,65200,65200,179990,0,0,
5,Grid wall,1770916055031,Girths,1,Kentucky Horsewear Anatomic Stud Girth,Tack & Equipment > Girths & Cinches > English Girths > Hunter/Jumper Girths,42432-05-135,Size: 54-Inch,Color: Brown,,,,Wellington Warehouse,173870,173870,173870,449990,0,0,
2,BIN-02,1773766480615,Shelf 17,2,Kentucky Horsewear Plaited Nylon Halter,Tack & Equipment > Halters & Leads > Halters > Nylon & Rope Halters,42516-45-F,Size: Full,Color: Orange,,,,Wellington Warehouse,65200,65200,65200,179990,0,0,
1,Grid wall,1770916055031,Girths,1,Kentucky Horsewear Anatomic Sheepskin Stud Girth,Tack & Equipment > Girths & Cinches > English Girths > Hunter/Jumper Girths,42433-05-130,Size: 52-Inch,Color: Brown,,,,Wellington Warehouse,213000,213000,213000,559990,0,0,
4,BIN-02,1773766441664,Shelf 16,2,Kentucky Horsewear Leather Halter with Sheepskin,Tack & Equipment > Halters & Leads > Halters > Leather Halters,42541-05-P,Size: Pony,,,,,Wellington Warehouse,65200,65200,65200,179990,0,0,
1,BIN-02,1773766480615,Shelf 17,2,Kentucky Horsewear Plaited Nylon Halter,Tack & Equipment > Halters & Leads > Halters > Nylon & Rope Halters,42516-32-F,Size: Full,Color: Beige,,,,Wellington Warehouse,65200,65200,65200,179990,0,0,
1,BIN-02,1773766480615,Shelf 17,2,Kentucky Horsewear Plaited Nylon Halter,Tack & Equipment > Halters & Leads > Halters > Nylon & Rope Halters,42516-45-COB,Size: Cob,Color: Orange,,,,Wellington Warehouse,65200,65200,65200,179990,0,0,
2,BIN-02,1773766480615,Shelf 17,2,Kentucky Horsewear Plaited Nylon Halter,Tack & Equipment > Halters & Leads > Halters > Nylon & Rope Halters,42516-17-F,Size: Full,Color: Bordeaux,,,,Wellington Warehouse,65200,65200,65200,179990,0,0,
6,BIN-02,1773766480615,Shelf 17,2,Kentucky Horsewear Plaited Nylon Halter,Tack & Equipment > Halters & Leads > Halters > Nylon & Rope Halters,42516-01-F,Size: Full,Color: Black,,,,Wellington Warehouse,65200,65200,65200,179990,0,0,
1,BIN-02,1773766480615,Shelf 17,2,Kentucky Horsewear Plaited Nylon Halter,Tack & Equipment > Halters & Leads > Halters > Nylon & Rope Halters,42516-32-COB,Size: Cob,Color: Beige,,,,Wellington Warehouse,65200,65200,65200,179990,0,0,
1,BIN-02,1773766480615,Shelf 17,2,Kentucky Horsewear Plaited Nylon Halter,Tack & Equipment > Halters & Leads > Halters > Nylon & Rope Halters,42516-03-COB,Size: Cob,Color: Navy,,,,Wellington Warehouse,65200,65200,65200,179990,0,0,
2,BIN-02,1773766480615,Shelf 17,2,Kentucky Horsewear Plaited Nylon Halter,Tack & Equipment > Halters & Leads > Halters > Nylon & Rope Halters,42516-61-F,Size: Full,Color: Light Blue,,,,Wellington Warehouse,65200,65200,65200,179990,0,0,
5,BIN-02,1773766441664,Shelf 16,2,Kentucky Horsewear Leather Halter with Sheepskin,Tack & Equipment > Halters & Leads > Halters > Leather Halters,42541-05-S,Size: Mini,,,,,Wellington Warehouse,65200,65200,65200,179990,0,0,
3,BIN-01,1773766480619,Shelf 18,1,Kentucky Horsewear Stallion Chain,Tack & Equipment > Halters & Leads > Lead Ropes,42531-41-60,Color: Brown,,,,,Wellington Warehouse,17380,17380,17380,44990,0,0,
0,BIN-01,1773766441663,Shelf 16,1,Kentucky Horsewear Leather Anatomic Halter Piece,Tack & Equipment > Halters & Leads > Halters > Leather Halters,42513-05-NECK,Color: Brown,,,,,Wellington Warehouse,17380,17380,17380,44990,0,0,0.014946808
5,Grid wall,1770916055031,Girths,1,Kentucky Horsewear Anatomic Sheepskin Stud Girth,Tack & Equipment > Girths & Cinches > English Girths > Hunter/Jumper Girths,42433-05-135,Size: 54-Inch,Color: Brown,,,,Wellington Warehouse,213000,213000,213000,559990,0,0,
5,Grid wall,1770916055031,Girths,1,Kentucky Horsewear Anatomic Stud Girth,Tack & Equipment > Girths & Cinches > English Girths > Hunter/Jumper Girths,42432-05-125,Size: 50-Inch,Color: Brown,,,,Wellington Warehouse,173870,173870,173870,449990,0,0,
1,BIN-02,1773766480615,Shelf 17,2,Kentucky Horsewear Plaited Nylon Halter,Tack & Equipment > Halters & Leads > Halters > Nylon & Rope Halters,42516-74-COB,Size: Cob,Color: Olive Green,,,,Wellington Warehouse,65200,65200,65200,179990,0,0,
5,Grid wall,1770916055031,Girths,1,Kentucky Horsewear Anatomic Stud Girth,Tack & Equipment > Girths & Cinches > English Girths > Hunter/Jumper Girths,42432-05-120,Size: 48-Inch,Color: Brown,,,,Wellington Warehouse,173870,173870,173870,449990,0,0,
1,LVL 2,1770656703177,Sheets 2,2,Kentucky Horsewear Turnout Rug All Weather Waterproof Pro ,Horse Wear > Blankets & Sheets > Turnout Blankets & Sheets > Sheets,52121-03-145,Color: Navy,Size: 145-6'6,,,,Wellington Warehouse,195610,195610,195610,514990,0,0,
5,BIN-03,1773766480621,Shelf 18,3,Kentucky Horsewear Lead Rope with Panic Hook,Tack & Equipment > Training & Lunging > Lunge Lines,42709-05-200,Color: Brown,,,,,Wellington Warehouse,26070,26070,26070,69990,0,0,
1,LVL 2,1770656703177,Sheets 2,2,Kentucky Horsewear Turnout Rug All Weather Waterproof Pro ,Horse Wear > Blankets & Sheets > Turnout Blankets & Sheets > Sheets,52121-03-155,Color: Navy,Size: 155-6'9,,,,Wellington Warehouse,195610,195610,195610,514990,0,0,
0,BIN-04,1767722133135,Shelf 6,4,Kentucky Horsewear Solimbra Front Turnout Boots,Tack & Equipment > Boots & Wraps > Protective Boots > Front Boots,42301-05-F,Color: Brown,,,,,Wellington Warehouse,72650,72650,72650,204990,0,0,
2,LVL 2,1770656703177,Sheets 2,2,Kentucky Horsewear Recuptex Magnetic Rug,Horse Wear > Blankets & Sheets > Turnout Blankets & Sheets > Sheets,52150-03-145,Size: 145-6'6,,,,,Wellington Warehouse,178220,178220,178220,469990,0,0,
2,LVL 2,1770656703177,Sheets 2,2,Kentucky Horsewear Recuptex Magnetic Rug,Horse Wear > Blankets & Sheets > Turnout Blankets & Sheets > Sheets,52150-03-155,Size: 155-6'9,,,,,Wellington Warehouse,178220,178220,178220,469990,0,0,
1,BIN-04,1767722133135,Shelf 6,4,Kentucky Horsewear 3D Spacer Brushing Boots,Tack & Equipment > Boots & Wraps > Protective Boots > Front Boots,42306-01-F,Color: Black,Size: Full,,,,Wellington Warehouse,69540,69540,69540,189990,0,0,0.019037759
3,LVL 2,1770656703177,Sheets 2,2,Kentucky Horsewear 3D Spacer Cooler Sheet,Horse Wear > Blankets & Sheets > Coolers & Fleece,52146-03-155,Color: Navy,Size: 155-6'9,,,,Wellington Warehouse,121710,121710,121710,324990,0,0,
3,LVL 2,1770656703177,Sheets 2,2,Kentucky Horsewear 3D Spacer Cooler Sheet,Horse Wear > Blankets & Sheets > Coolers & Fleece,52146-03-145,Color: Navy,Size: 145-6'6,,,,Wellington Warehouse,121710,121710,121710,324990,0,0,
2,BIN-04,1767722133135,Shelf 6,4,Kentucky Horsewear 3D Spacer Short Brushing Boots,Tack & Equipment > Boots & Wraps > Protective Boots > Hind Boots,42307-05-F,Color: Brown,Size: Horse,,,,Wellington Warehouse,56510,56510,56510,159990,0,0,
2,BIN-04,1767722133135,Shelf 6,4,Kentucky Horsewear 3D Spacer Brushing Boots,Tack & Equipment > Boots & Wraps > Protective Boots > Front Boots,42306-05-F,Color: Brown,Size: Full,,,,Wellington Warehouse,69540,69540,69540,189990,0,0,0.017007943
2,LVL 2,1770656703177,Sheets 2,2,Kentucky Horsewear Recuptex Magnetic Rug,Horse Wear > Blankets & Sheets > Turnout Blankets & Sheets > Sheets,52150-03-160,Size: 160-7'0,,,,,Wellington Warehouse,178220,178220,178220,469990,0,0,
4,LVL 1,1771953347958,Fly Sheets 1,1,Kentucky Horsewear Mesh Fly Sheet,Horse Wear > Fly & Insect Control > Fly Sheets,52157-03-155,Color: Navy,Size: 81,,,,Wellington Warehouse,95630,95630,95630,259990,0,0,
1,LVL 2,1770656703177,Sheets 2,2,Kentucky Horsewear 3D Spacer Cooler Sheet,Horse Wear > Blankets & Sheets > Coolers & Fleece,52146-03-160,Color: Navy,Size: 160-7'0,,,,Wellington Warehouse,121710,121710,121710,324990,0,0,
4,BIN-04,1767722133135,Shelf 6,4,Kentucky Horsewear 3D Spacer Short Brushing Boots,Tack & Equipment > Boots & Wraps > Protective Boots > Hind Boots,42307-01-F,Color: Black,Size: Horse,,,,Wellington Warehouse,56510,56510,56510,159990,0,0,
2,BIN-04,1767722133135,Shelf 6,4,Kentucky Horsewear Solimbra Turnout Hind Boots,Tack & Equipment > Boots & Wraps > Protective Boots > Hind Boots,42302-05-F,Color: Brown,,,,,Wellington Warehouse,73890,73890,73890,204990,0,0,
1,LVL 1,1771953347958,Fly Sheets 1,1,Kentucky Horsewear Mesh Fly Sheet,Horse Wear > Fly & Insect Control > Fly Sheets,52157-03-145,Color: Navy,Size: 78,,,,Wellington Warehouse,95630,95630,95630,259990,0,0,
4,LVL 1,1771953347958,Fly Sheets 1,1,Kentucky Horsewear Mesh Fly Sheet,Horse Wear > Fly & Insect Control > Fly Sheets,52157-03-160,Color: Navy,Size: 84,,,,Wellington Warehouse,95630,95630,95630,259990,0,0,
2,LVL 2,1770656703177,Sheets 2,2,Kentucky Horsewear Eczema Rug with Hood,Horse Wear > Fly & Insect Control > Fly Sheets,52189-08-145,Color: Grey,Size: 145-6'6,,,,Wellington Warehouse,130410,130410,130410,349990,0,0,
4,BIN 1,1776787343289,Spurs,1,Kentucky Horsewear PVC Head Number with Velcro,"Tack & Equipment > Bridles, Headstalls & Reins > English Bridles & Reins > Bridle Accessories",42683-01-04,Color: Black,,,,,Wellington Warehouse,13040,13040,13040,29990,0,0,
5,LVL 1,1771953347958,Fly Sheets 1,1,Kentucky Horsewear Light Striped Mesh Fly Sheet,Horse Wear > Fly & Insect Control > Fly Sheets,52235-01-160,Color: Black,Size: 84,,,,Wellington Warehouse,69540,69540,69540,189990,0,0,
4,LVL 3,1770051152412,Saddle Pads 1,3,Kentucky Horsewear Glitter Band Saddle Pad,Tack & Equipment > English Saddle Pads > All Purpose & Hunter/Jumper Saddle Pads,42730-02-42-SJ,Color: White/Silver,,,,,Wellington Warehouse,60860,60860,60860,169990,0,0,0.015962001
4,LVL 3,1770051152412,Saddle Pads 1,3,Kentucky Horsewear Glitter Rope Saddle Pad,Tack & Equipment > English Saddle Pads > All Purpose & Hunter/Jumper Saddle Pads,42584-02-02-SJ,Color: White/White,Type: Regular,,,,Wellington Warehouse,73890,73890,73890,204990,0,0,
0,LVL 2,1770656703177,Sheets 2,2,Kentucky Horsewear All Weather Waterproof 0g Turnout Rug,Horse Wear > Blankets & Sheets > Turnout Blankets & Sheets > Sheets,52175-03-145,Color: Navy,Size: 145-6'6,,,,Wellington Warehouse,186910,186910,186910,494990,0,0,
20,BIN 1,1776787343289,Spurs,1,Kentucky Horsewear Head Number PVC with Safety Pin,"Tack & Equipment > Bridles, Headstalls & Reins > English Bridles & Reins > Bridle Accessories",42682-01-03,Color: Black,,,,,Wellington Warehouse,13910,13910,13910,29990,0,0,
4,LVL 1,1771953347958,Fly Sheets 1,1,Kentucky Horsewear Light Striped Mesh Fly Sheet,Horse Wear > Fly & Insect Control > Fly Sheets,52235-01-155,Color: Black,Size: 81,,,,Wellington Warehouse,69540,69540,69540,189990,0,0,0.03472445
2,LVL 2,1770656703177,Sheets 2,2,Kentucky Horsewear Eczema Rug with Hood,Horse Wear > Fly & Insect Control > Fly Sheets,52189-08-155,Color: Grey,Size: 155-6'9,,,,Wellington Warehouse,130410,130410,130410,349990,0,0,
4,LVL 3,1770051152412,Saddle Pads 1,3,Kentucky Horsewear Glitter Rope Saddle Pad,Tack & Equipment > English Saddle Pads > All Purpose & Hunter/Jumper Saddle Pads,42584-03-SJ,Color: Navy,Type: Regular,,,,Wellington Warehouse,73890,73890,73890,204990,0,0,
1,LVL 1,1771953347958,Fly Sheets 1,1,Kentucky Horsewear Light Striped Mesh Fly Sheet,Horse Wear > Fly & Insect Control > Fly Sheets,52235-03-140,Color: Navy,Size: 75,,,,Wellington Warehouse,69540,69540,69540,189990,0,0,
2,LVL 1,1771953347958,Fly Sheets 1,1,Kentucky Horsewear Light Striped Mesh Fly Sheet,Horse Wear > Fly & Insect Control > Fly Sheets,52235-01-140,Color: Black,Size: 75,,,,Wellington Warehouse,69540,69540,69540,189990,0,0,
4,LVL 3,1770051152412,Saddle Pads 1,3,Kentucky Horsewear Glitter Band Saddle Pad,Tack & Equipment > English Saddle Pads > All Purpose & Hunter/Jumper Saddle Pads,42730-02-02-SJ,Color: White/White,,,,,Wellington Warehouse,60860,60860,60860,169990,0,0,
19,BIN 1,1776787343289,Spurs,1,Kentucky Horsewear Head Number PVC with Safety Pin,"Tack & Equipment > Bridles, Headstalls & Reins > English Bridles & Reins > Bridle Accessories",42682-05-03,Color: Brown,,,,,Wellington Warehouse,13910,13910,13910,29990,0,0,
4,LVL 1,1771953347958,Fly Sheets 1,1,Kentucky Horsewear Light Striped Mesh Fly Sheet,Horse Wear > Fly & Insect Control > Fly Sheets,52235-03-155,Color: Navy,Size: 81,,,,Wellington Warehouse,69540,69540,69540,189990,0,0,
4,LVL 1,1771953347958,Fly Sheets 1,1,Kentucky Horsewear Light Striped Mesh Fly Sheet,Horse Wear > Fly & Insect Control > Fly Sheets,52235-03-145,Color: Navy,Size: 78,,,,Wellington Warehouse,69540,69540,69540,189990,0,0,0.017362226
4,LVL 3,1770051152412,Saddle Pads 1,3,Kentucky Horsewear Glitter Rope Saddle Pad,Tack & Equipment > English Saddle Pads > All Purpose & Hunter/Jumper Saddle Pads,42584-01-SJ,Color: Black,Type: Regular,,,,Wellington Warehouse,73890,73890,73890,204990,0,0,
4,LVL 3,1770051152412,Saddle Pads 1,3,Kentucky Horsewear Glitter Rope Saddle Pad,Tack & Equipment > English Saddle Pads > All Purpose & Hunter/Jumper Saddle Pads,42584-02-03-SJ,Color: White/Navy,Type: Regular,,,,Wellington Warehouse,73890,73890,73890,204990,0,0,
2,LVL 3,1770051152412,Saddle Pads 1,3,Kentucky Horsewear Glitter Rope Saddle Pad,Tack & Equipment > English Saddle Pads > All Purpose & Hunter/Jumper Saddle Pads,42584-03-P,Color: Navy,Type: Pony,,,,Wellington Warehouse,56510,56510,56510,204990,0,0,
2,BIN-05,1767812231222,Shelf 8,5,Kentucky Horsewear All Weather Waterproof Neck,Horse Wear > Blankets & Sheets > Neck Covers & Hoods,52206-03-L,Color: Navy,Size: Large,,,,Wellington Warehouse,47810,47810,47810,134990,0,0,
4,LVL 3,1770051152412,Saddle Pads 1,3,Kentucky Horsewear Glitter Rope Saddle Pad,Tack & Equipment > English Saddle Pads > All Purpose & Hunter/Jumper Saddle Pads,42584-02-01-SJ,Color: White/Black,Type: Regular,,,,Wellington Warehouse,73890,73890,73890,204990,0,0,
4,LVL 1,1771953347958,Fly Sheets 1,1,Kentucky Horsewear Light Striped Mesh Fly Sheet,Horse Wear > Fly & Insect Control > Fly Sheets,52235-01-145,Color: Black,Size: 78,,,,Wellington Warehouse,69540,69540,69540,189990,0,0,0.017362226
2,LVL 2,1770656703177,Sheets 2,2,Kentucky Horsewear Eczema Rug with Hood,Horse Wear > Fly & Insect Control > Fly Sheets,52189-08-160,Color: Grey,Size: 160-7'0,,,,Wellington Warehouse,130410,130410,130410,349990,0,0,
2,LVL 2,1770051152411,Saddle Pads 1,2,Kentucky Horsewear Onion Quilt with 3D Logo Saddle Pad,Tack & Equipment > English Saddle Pads > All Purpose & Hunter/Jumper Saddle Pads,42728-50-SJ,Color: Light rose,,,,,Wellington Warehouse,69540,69540,69540,189990,0,0,
1,LVL 4,1770051152413,Saddle Pads 1,4,Kentucky Horsewear Pied-de-Poule Saddle Pad,Tack & Equipment > English Saddle Pads > All Purpose & Hunter/Jumper Saddle Pads,42585-01-SJ,Color: Black,,,,,Wellington Warehouse,69550,69550,69550,189990,0,0,
3,LVL 2,1770051152411,Saddle Pads 1,2,Kentucky Horsewear Onion Quilt with 3D Logo Saddle Pad,Tack & Equipment > English Saddle Pads > All Purpose & Hunter/Jumper Saddle Pads,42728-01-SJ,Color: Black,,,,,Wellington Warehouse,69540,69540,69540,189990,0,0,
2,LVL 2,1770051152411,Saddle Pads 1,2,Kentucky Horsewear Onion Quilt with 3D Logo Saddle Pad,Tack & Equipment > English Saddle Pads > All Purpose & Hunter/Jumper Saddle Pads,42728-16-SJ,Color: Fuchsia,,,,,Wellington Warehouse,69540,69540,69540,189990,0,0,
1,LVL 5,1770320911700,Saddle Pads 1,5,Kentucky Horsewear Velvet Pony Saddle Pad,Tack & Equipment > English Saddle Pads > All Purpose & Hunter/Jumper Saddle Pads,42579-61-P,Color: Light Blue,,,,,Wellington Warehouse,65200,65200,65200,179990,0,0,
3,LVL 2,1770051152411,Saddle Pads 1,2,Kentucky Horsewear Plaited 3D Logo Saddle Pad,Tack & Equipment > English Saddle Pads > All Purpose & Hunter/Jumper Saddle Pads,42719-74-SJ,Color: Pine Green,,,,,Wellington Warehouse,104310,104310,104310,269990,0,0,
3,LVL 2,1770051152411,Saddle Pads 1,2,Kentucky Horsewear Plaited 3D Logo Saddle Pad,Tack & Equipment > English Saddle Pads > All Purpose & Hunter/Jumper Saddle Pads,42719-32-SJ,Color: Beige,,,,,Wellington Warehouse,104310,104310,104310,269990,0,0,
1,LVL 5,1770320911700,Saddle Pads 1,5,Kentucky Horsewear Velvet Saddle Pad,Tack & Equipment > English Saddle Pads > All Purpose & Hunter/Jumper Saddle Pads,42579-10-SJ-COB,Color: Old rose,COB: COB,,,,Wellington Warehouse,69550,69550,69550,189990,0,0,
4,LVL 5,1770320911700,Saddle Pads 1,5,Kentucky Horsewear Hunter Vegan Sheepskin Saddle Pad,Tack & Equipment > English Saddle Pads > All Purpose & Hunter/Jumper Saddle Pads,42714-01-F,Color: Black,,,,,Wellington Warehouse,104320,104320,104320,269990,0,0,
4,LVL 3,1770051152412,Saddle Pads 1,3,Kentucky Horsewear Saddle Pad with Pearls,Tack & Equipment > English Saddle Pads > All Purpose & Hunter/Jumper Saddle Pads,42571-01-SJ,Color: Black,,,,,Wellington Warehouse,113010,113010,113010,304990,0,0,
2,LVL 4,1770051152413,Saddle Pads 1,4,Kentucky Horsewear Pied-de-Poule Saddle Pad,Tack & Equipment > English Saddle Pads > All Purpose & Hunter/Jumper Saddle Pads,42585-05-SJ,Color: Brown,,,,,Wellington Warehouse,69550,69550,69550,189990,0,0,
2,LVL 4,1770051152413,Saddle Pads 1,4,Kentucky Horsewear Velvet Saddle Pad with Pearls,Tack & Equipment > English Saddle Pads > All Purpose & Hunter/Jumper Saddle Pads,42590-03-SJ,Color: Navy,,,,,Wellington Warehouse,95630,95630,95630,259990,0,0,
1,LVL 5,1770320911700,Saddle Pads 1,5,Kentucky Horsewear Velvet Pony Saddle Pad,Tack & Equipment > English Saddle Pads > All Purpose & Hunter/Jumper Saddle Pads,42579-71-P,Color: Emerald,,,,,Wellington Warehouse,65200,65200,65200,179990,0,0,
5,LVL 5,1770320911700,Saddle Pads 1,5,Kentucky Horsewear Hunter Vegan Sheepskin Saddle Pad,Tack & Equipment > English Saddle Pads > All Purpose & Hunter/Jumper Saddle Pads,42714-02-F,Color: Natural,,,,,Wellington Warehouse,104320,104320,104320,269990,0,0,
2,LVL 2,1770051152411,Saddle Pads 1,2,Kentucky Horsewear Onion Quilt with 3D Logo Saddle Pad,Tack & Equipment > English Saddle Pads > All Purpose & Hunter/Jumper Saddle Pads,42728-75-SJ,Color: Purple,,,,,Wellington Warehouse,69540,69540,69540,189990,0,0,
3,LVL 3,1770051152412,Saddle Pads 1,3,Kentucky Horsewear Saddle Pad with Pearls,Tack & Equipment > English Saddle Pads > All Purpose & Hunter/Jumper Saddle Pads,42571-08-SJ,Color: Grey,,,,,Wellington Warehouse,113010,113010,113010,304990,0,0,0.17557284
1,LVL 4,1770051152413,Saddle Pads 1,4,Kentucky Horsewear Velvet Saddle Pad with Pearls,Tack & Equipment > English Saddle Pads > All Purpose & Hunter/Jumper Saddle Pads,42590-32-SJ,Color: Beige,,,,,Wellington Warehouse,95630,95630,95630,259990,0,0,
3,LVL 2,1770051152411,Saddle Pads 1,2,Kentucky Horsewear Onion Quilt with 3D Logo Saddle Pad,Tack & Equipment > English Saddle Pads > All Purpose & Hunter/Jumper Saddle Pads,42728-03-SJ,Color: Navy,,,,,Wellington Warehouse,69540,69540,69540,189990,0,0,
2,LVL 4,1770051152413,Saddle Pads 1,4,Kentucky Horsewear Velvet Saddle Pad with Pearls,Tack & Equipment > English Saddle Pads > All Purpose & Hunter/Jumper Saddle Pads,42590-01-SJ,Color: Black,,,,,Wellington Warehouse,95630,95630,95630,259990,0,0,
2,LVL 2,1770051152411,Saddle Pads 1,2,Kentucky Horsewear Saddle Pad onion quilt rubber logo jumping,Tack & Equipment > English Saddle Pads > All Purpose & Hunter/Jumper Saddle Pads,42727-10-SJ,Color: Old rose,,,,,Wellington Warehouse,31240,31240,31240,179990,0,0,
2,LVL 2,1770051152411,Saddle Pads 1,2,Kentucky Horsewear Saddle Pad onion quilt rubber logo jumping,Tack & Equipment > English Saddle Pads > All Purpose & Hunter/Jumper Saddle Pads,42727-32-SJ,Color: Beige,,,,,Wellington Warehouse,31240,31240,31240,179990,0,0,
1,LVL 2,1770051152411,Saddle Pads 1,2,Kentucky Horsewear Onion Quilt with 3D Logo Saddle Pad,Tack & Equipment > English Saddle Pads > All Purpose & Hunter/Jumper Saddle Pads,42728-10-SJ,Color: Old rose,,,,,Wellington Warehouse,69540,69540,69540,189990,0,0,
1,LVL 5,1770320911700,Saddle Pads 1,5,Kentucky Horsewear Velvet Pony Saddle Pad,Tack & Equipment > English Saddle Pads > All Purpose & Hunter/Jumper Saddle Pads,42579-10-P,Color: Old rose,,,,,Wellington Warehouse,65200,65200,65200,179990,0,0,
1,LVL 4,1770051152413,Saddle Pads 1,4,Kentucky Horsewear Pied-de-Poule Saddle Pad,Tack & Equipment > English Saddle Pads > All Purpose & Hunter/Jumper Saddle Pads,42585-32-SJ,Color: Beige,,,,,Wellington Warehouse,69550,69550,69550,189990,0,0,
3,LVL 2,1770051152411,Saddle Pads 1,2,Kentucky Horsewear Plaited 3D Logo Saddle Pad,Tack & Equipment > English Saddle Pads > All Purpose & Hunter/Jumper Saddle Pads,42719-02-SJ,Color: White,,,,,Wellington Warehouse,104310,104310,104310,269990,0,0,
2,LVL 2,1770051152411,Saddle Pads 1,2,Kentucky Horsewear Onion Quilt with 3D Logo Saddle Pad,Tack & Equipment > English Saddle Pads > All Purpose & Hunter/Jumper Saddle Pads,42728-61-SJ,Color: Light Blue,,,,,Wellington Warehouse,69540,69540,69540,189990,0,0,
3,LVL 2,1770051152411,Saddle Pads 1,2,Kentucky Horsewear Saddle Pad onion quilt rubber logo jumping,Tack & Equipment > English Saddle Pads > All Purpose & Hunter/Jumper Saddle Pads,42727-01-SJ,Color: Black,,,,,Wellington Warehouse,31240,31240,31240,179990,0,0,
4,LVL 3,1770051152412,Saddle Pads 1,3,Kentucky Horsewear Saddle Pad with Pearls,Tack & Equipment > English Saddle Pads > All Purpose & Hunter/Jumper Saddle Pads,42571-05-SJ,Color: Brown,,,,,Wellington Warehouse,113010,113010,113010,304990,0,0,
2,LVL 2,1770051152411,Saddle Pads 1,2,Kentucky Horsewear Onion Quilt with 3D Logo Saddle Pad,Tack & Equipment > English Saddle Pads > All Purpose & Hunter/Jumper Saddle Pads,42728-74-SJ,Color: Pine Green,,,,,Wellington Warehouse,69540,69540,69540,189990,0,0,
3,LVL 2,1770051152411,Saddle Pads 1,2,Kentucky Horsewear Saddle Pad onion quilt rubber logo jumping,Tack & Equipment > English Saddle Pads > All Purpose & Hunter/Jumper Saddle Pads,42727-03-SJ,Color: Navy,,,,,Wellington Warehouse,31240,31240,31240,179990,0,0,
3,LVL 2,1770051152411,Saddle Pads 1,2,Kentucky Horsewear Plaited 3D Logo Saddle Pad,Tack & Equipment > English Saddle Pads > All Purpose & Hunter/Jumper Saddle Pads,42719-01-SJ,Color: Black,,,,,Wellington Warehouse,104310,104310,104310,269990,0,0,
3,LVL 2,1770051152411,Saddle Pads 1,2,Kentucky Horsewear Plaited 3D Logo Saddle Pad,Tack & Equipment > English Saddle Pads > All Purpose & Hunter/Jumper Saddle Pads,42719-03-SJ,Color: Navy,,,,,Wellington Warehouse,104310,104310,104310,269990,0,0,
2,LVL 2,1770051152411,Saddle Pads 1,2,Kentucky Horsewear Onion Quilt with 3D Logo Saddle Pad,Tack & Equipment > English Saddle Pads > All Purpose & Hunter/Jumper Saddle Pads,42728-32-SJ,Color: Beige,,,,,Wellington Warehouse,69540,69540,69540,189990,0,0,
4,LVL 3,1770051152412,Saddle Pads 1,3,Kentucky Horsewear Saddle Pad with Pearls,Tack & Equipment > English Saddle Pads > All Purpose & Hunter/Jumper Saddle Pads,42571-03-SJ,Color: Navy,,,,,Wellington Warehouse,113010,113010,113010,304990,0,0,
1,LVL 5,1770320911700,Saddle Pads 1,5,Kentucky Horsewear Velvet Saddle Pad,Tack & Equipment > English Saddle Pads > All Purpose & Hunter/Jumper Saddle Pads,42579-71-SJ-COB,Color: Emerald,COB: COB,,,,Wellington Warehouse,69550,69550,69550,189990,0,0,
1,LVL 5,1770320911700,Saddle Pads 1,5,Kentucky Horsewear Velvet Saddle Pad,Tack & Equipment > English Saddle Pads > All Purpose & Hunter/Jumper Saddle Pads,42579-61-SJ,Color: Light Blue,COB: Regular,,,,Wellington Warehouse,69550,69550,69550,189990,0,0,
3,LVL 4,1770051152413,Saddle Pads 1,4,Kentucky Horsewear Velvet Saddle Pad with Pearls,Tack & Equipment > English Saddle Pads > All Purpose & Hunter/Jumper Saddle Pads,42590-74-SJ,Color: Pine Green,,,,,Wellington Warehouse,95630,95630,95630,259990,0,0,
2,LVL 2,1770051152411,Saddle Pads 1,2,Kentucky Horsewear Saddle Pad onion quilt rubber logo jumping,Tack & Equipment > English Saddle Pads > All Purpose & Hunter/Jumper Saddle Pads,42727-50-SJ,Color: Light rose,,,,,Wellington Warehouse,31240,31240,31240,179990,0,0,
5,LVL 5,1770320911700,Saddle Pads 1,5,Kentucky Horsewear Skin Friendly Saddle Pad,Tack & Equipment > English Saddle Pads > All Purpose & Hunter/Jumper Saddle Pads,42468-01-SJ,Color: Black,,,,,Wellington Warehouse,130410,130410,130410,349990,0,0,
3,LVL 5,1770320911700,Saddle Pads 1,5,Kentucky Horsewear Skin Friendly Velvet Saddle Pad,Tack & Equipment > English Saddle Pads > All Purpose & Hunter/Jumper Saddle Pads,42706-32-SJ,Color: Beige,,,,,Wellington Warehouse,130400,130400,130400,349990,0,0,
2,LVL 2,1770051152411,Saddle Pads 1,2,Kentucky Horsewear Wave Saddle Pad with 3D Logo,Tack & Equipment > English Saddle Pads > All Purpose & Hunter/Jumper Saddle Pads,42718-32-SJ,Color: Beige,,,,,Wellington Warehouse,104310,104310,104310,269990,0,0,
2,BIN-01,1773766441663,Shelf 16,1,Kentucky Horsewear 4 Piece Sheepskin Halter Set,Tack & Equipment > Halters & Leads > Halters > Leather Halters,42603-05-04,Color: Brown,,,,,Wellington Warehouse,39110,39110,39110,104990,0,0,
3,LVL 2,1770051152411,Saddle Pads 1,2,Kentucky Horsewear Wave Saddle Pad with 3D Logo,Tack & Equipment > English Saddle Pads > All Purpose & Hunter/Jumper Saddle Pads,42718-74-SJ,Color: Pine Green,,,,,Wellington Warehouse,104310,104310,104310,269990,0,0,
2,LVL 5,1770320911700,Saddle Pads 1,5,Kentucky Horsewear Skin Friendly Velvet Saddle Pad,Tack & Equipment > English Saddle Pads > All Purpose & Hunter/Jumper Saddle Pads,42706-74-SJ,Color: Pine Green,,,,,Wellington Warehouse,130400,130400,130400,349990,0,0,
3,LVL 4,1770051152413,Saddle Pads 1,4,Kentucky Horsewear Saddle Pad with Metal Chain,Tack & Equipment > English Saddle Pads > All Purpose & Hunter/Jumper Saddle Pads,42721-03-SJ,Color: Navy,,,,,Wellington Warehouse,104310,104310,104310,279990,0,0,
1,LVL 1 ,1771259569146,Blankets 7,1,Kentucky Horsewear Bridle Rack,Stable > Stable Organizers > Racks & Hooks,82123-05,Title: Default Title,,,,,Wellington Warehouse,107260,107260,107260,349990,0,0,
3,LVL 2,1770051152411,Saddle Pads 1,2,Kentucky Horsewear Wave Saddle Pad with 3D Logo,Tack & Equipment > English Saddle Pads > All Purpose & Hunter/Jumper Saddle Pads,42718-01-SJ,Color: Black,,,,,Wellington Warehouse,104310,104310,104310,269990,0,0,
1,LVL 5,1770320911700,Saddle Pads 1,5,Kentucky Horsewear Skin Friendly Saddle Pad,Tack & Equipment > English Saddle Pads > All Purpose & Hunter/Jumper Saddle Pads,42468-02-SJ,Color: White,,,,,Wellington Warehouse,130410,130410,130410,349990,0,0,0.04072232
2,LVL 2,1770051152411,Saddle Pads 1,2,Kentucky Horsewear Wave Saddle Pad with 3D Logo,Tack & Equipment > English Saddle Pads > All Purpose & Hunter/Jumper Saddle Pads,42718-61-SJ,Color: Light Blue,,,,,Wellington Warehouse,104310,104310,104310,269990,0,0,0.01225223
3,LVL 4,1770051152413,Saddle Pads 1,4,Kentucky Horsewear Saddle Pad with Metal Chain,Tack & Equipment > English Saddle Pads > All Purpose & Hunter/Jumper Saddle Pads,42721-01-SJ,Color: Black,,,,,Wellington Warehouse,104310,104310,104310,279990,0,0,
2,LVL 5,1770320911700,Saddle Pads 1,5,Kentucky Horsewear Skin Friendly Velvet Saddle Pad,Tack & Equipment > English Saddle Pads > All Purpose & Hunter/Jumper Saddle Pads,42706-01-SJ,Color: Black,,,,,Wellington Warehouse,130400,130400,130400,349990,0,0,
0,LVL 1 ,1771259569146,Blankets 7,1,Grooming Deluxe Saddle Rack,Stable > Stable Organizers > Racks & Hooks,82122-05,Title: Default Title,,,,,Wellington Warehouse,139100,139100,139100,369990,0,0,
1,LVL 5,1770320911700,Saddle Pads 1,5,Kentucky Horsewear Skin Friendly Velvet Saddle Pad,Tack & Equipment > English Saddle Pads > All Purpose & Hunter/Jumper Saddle Pads,42706-03-SJ,Color: Navy,,,,,Wellington Warehouse,130400,130400,130400,349990,0,0,
3,LVL 2,1770051152411,Saddle Pads 1,2,Kentucky Horsewear Wave Saddle Pad with 3D Logo,Tack & Equipment > English Saddle Pads > All Purpose & Hunter/Jumper Saddle Pads,42718-03-SJ,Color: Navy,,,,,Wellington Warehouse,104310,104310,104310,269990,0,0,
4,LVL 5,1770320911700,Saddle Pads 1,5,Kentucky Horsewear Skin Friendly Saddle Pad,Tack & Equipment > English Saddle Pads > All Purpose & Hunter/Jumper Saddle Pads,42468-03-SJ,Color: Navy,,,,,Wellington Warehouse,130410,130410,130410,349990,0,0,
2,BIN-01,1773766441663,Shelf 16,1,Kentucky Horsewear 4 Piece Sheepskin Halter Set,Tack & Equipment > Halters & Leads > Halters > Leather Halters,42603-01-04,Color: Black,,,,,Wellington Warehouse,39110,39110,39110,104990,0,0,
7,LVL 2,1770059717290,Buckets,2,Grooming Deluxe 12L Water Bucket,Stable > Stable Supplies > Feed & Water Buckets,82187-32-12L,Color: Beige,,,,,Wellington Warehouse,13040,13040,13040,34990,0,0,
1,BIN 1,1776787211212,Gloves,1,Grooming Deluxe Steel Helmet Holder with Hook,Stable > Stable Organizers > Racks & Hooks,82170-41,Color: Gold,Gear material: Steel,,,,Wellington Warehouse,47810,47810,47810,129990,0,0,
1,BIN 1,1776787211212,Gloves,1,Grooming Deluxe Steel Helmet Holder,Stable > Stable Organizers > Racks & Hooks,82169-01,Color: Black,Gear material: Steel,,,,Wellington Warehouse,39120,39120,39120,109990,0,0,
20,LVL 2,1770059717290,Buckets,2,Grooming Deluxe 12L Water Bucket,Stable > Stable Supplies > Feed & Water Buckets,82187-01-12L,Color: Black,,,,,Wellington Warehouse,13040,13040,13040,34990,0,0,
2,LVL 1 ,1771259569146,Blankets 7,1,Grooming Deluxe Foldable Blanket Holder,Stable > Stable Organizers > Racks & Hooks,82177-01,Color: Black,,,,,Wellington Warehouse,113020,113020,113020,304990,0,0,
15,LVL 2,1770059717290,Buckets,2,Grooming Deluxe Feed Bucket,Stable > Stable Supplies > Feed & Water Buckets,82174-01-25L,Color: Black,,,,,Wellington Warehouse,43470,43470,43470,114990,0,0,
2,BIN 1,1776787211212,Gloves,1,Grooming Deluxe Steel Helmet Holder with Hook,Stable > Stable Organizers > Racks & Hooks,82170-42,Color: Silver,Gear material: Steel,,,,Wellington Warehouse,47810,47810,47810,129990,0,0,
2,LVL 1 ,1771259569146,Blankets 7,1,Grooming Deluxe Foldable Blanket Holder,Stable > Stable Organizers > Racks & Hooks,82177-42,Color: Silver,,,,,Wellington Warehouse,113020,113020,113020,304990,0,0,
1,LVL 1 ,1771259569146,Blankets 7,1,Grooming Deluxe Metal Saddle Rack with Saddle Pad Holder,Stable > Stable Organizers > Racks & Hooks,82168-41,Color: Gold,,,,,Wellington Warehouse,65200,65200,65200,174990,0,0,
1,LVL 1 ,1771259569146,Blankets 7,1,Grooming Deluxe Metal Saddle Rack with Saddle Pad Holder,Stable > Stable Organizers > Racks & Hooks,82168-01,Color: Black,,,,,Wellington Warehouse,65200,65200,65200,174990,0,0,
20,LVL 2,1770059717290,Buckets,2,Grooming Deluxe Water Bucket,Stable > Stable Supplies > Feed & Water Buckets,82163-01-18L,Color: Black,,,,,Wellington Warehouse,26080,26080,26080,69990,0,0,
0,LVL 1 ,1771259569146,Blankets 7,1,Grooming Deluxe Metal Saddle Rack with Saddle Pad Holder,Stable > Stable Organizers > Racks & Hooks,82168-42,Color: Silver,,,,,Wellington Warehouse,65200,65200,65200,174990,0,0,0.037165493
2,LVL 1 ,1771259569146,Blankets 7,1,Grooming Deluxe Foldable Blanket Holder,Stable > Stable Organizers > Racks & Hooks,82177-41,Color: Gold,,,,,Wellington Warehouse,113020,113020,113020,304990,0,0,
2,LVL 1,1770131722584,Blankets 1,1,Grooming Deluxe Aluminium T Cavaletti Set of 2,Stable > Stable Supplies,82189-02,Color: White,,,,,Wellington Warehouse,260830,260830,260830,674990,0,0,
2,BIN 1,1776787211212,Gloves,1,Grooming Deluxe Steel Helmet Holder,Stable > Stable Organizers > Racks & Hooks,82169-42,Color: Silver,Gear material: Steel,,,,Wellington Warehouse,39120,39120,39120,109990,0,0,
0,LVL 2,1770059717290,Buckets,2,Grooming Deluxe 12L Water Bucket,Stable > Stable Supplies > Feed & Water Buckets,82187-05-12L,Color: Brown,,,,,Wellington Warehouse,13040,13040,13040,34990,0,0,
1,BIN 1,1776787211212,Gloves,1,Grooming Deluxe Steel Helmet Holder,Stable > Stable Organizers > Racks & Hooks,82169-41,Color: Gold,Gear material: Steel,,,,Wellington Warehouse,39120,39120,39120,109990,0,0,
20,BIN 1,1776787343289,Spurs,1,Kentucky Horsewear Nylon Holder Hook & Ring,Stable > Stable Supplies > Misc,42564-01-65,Color: Black,Size: 18-30 inch,,,,Wellington Warehouse,8680,8680,8680,19990,0,0,
0,BIN-05,1768403067589,Shelf 12,5,Kentucky Horsewear Recuptex Magnetic Bandages,Tack & Equipment > Boots & Wraps > Leg Wraps,62102-01-F,Title: Default Title,,,,,Wellington Warehouse,108670,108670,108670,294990,0,0,
24,BIN 1,1776787343289,Spurs,1,Kentucky Horsewear Nylon Holder Hook & Hook,Stable > Stable Supplies > Misc,42729-03-25,Color: Navy,,,,,Wellington Warehouse,2700,2700,2700,19990,0,0,
1,LVL 1,1769968298841,Blankets 4,1,Grooming Deluxe Tack Box,Stable > Stable Supplies > Misc,82115-05,Title: Default Title,,,,,Wellington Warehouse,121710,121710,121710,324990,0,0,
20,BIN 1,1776787343289,Spurs,1,Kentucky Horsewear Nylon Holder Hook & Ring,Stable > Stable Supplies > Misc,42564-03-65,Color: Navy,Size: 18-30 inch,,,,Wellington Warehouse,8680,8680,8680,19990,0,0,1.2841045
25,BIN 1,1776787343289,Spurs,1,Kentucky Horsewear Nylon Holder Hook & Hook,Stable > Stable Supplies > Misc,42729-01-25,Color: Black,,,,,Wellington Warehouse,2700,2700,2700,19990,0,0,
1,BIN-02,1767553027608,Shelf 4,2,Kentucky Horsewear Cryo Ice Boots with Ice Packs,Tack & Equipment > Boots & Wraps > Therapeutic Boots,62103-01-F,Title: Default Title,,,,,Wellington Warehouse,114180,114180,114180,279990,0,0,0.030773401
5,LVL 1,1769968298841,Blankets 4,1,Kentucky Horsewear Rug Bag,"Tack & Equipment > Bags, Cases & Covers",82109-03-F,Color: Navy,,,,,Wellington Warehouse,65200,65200,65200,179990,0,0,
4,BIN-03,1767722157721,Shelf 7,3,Kentucky Horsewear Stable Bag,Stable > Stable Organizers > Organizing Bags,82151-03,Color: Navy,Size: 60x40cm,,,,Wellington Warehouse,56510,56510,56510,159990,0,0,
4,LVL 1,1769968298841,Blankets 4,1,Kentucky Horsewear Saddle Pad Bag,"Tack & Equipment > Bags, Cases & Covers",82111-01-F,Color: Black,,,,,Wellington Warehouse,34770,34770,34770,99990,0,0,
1,LVL 1,1769968298841,Blankets 4,1,Kentucky Horsewear Stable Curtain,Stable > Stable Supplies > Misc,82101-03,Color: Navy,,,,,Wellington Warehouse,117370,117370,117370,314990,0,0,
4,LVL 1,1769968298841,Blankets 4,1,Kentucky Horsewear Rug Bag,"Tack & Equipment > Bags, Cases & Covers",82109-01-F,Color: Black,,,,,Wellington Warehouse,65200,65200,65200,179990,0,0,
0,BIN-03,1767722157721,Shelf 7,3,Kentucky Horsewear Helmet Bag,"Tack & Equipment > Bags, Cases & Covers",82140-03-F,Color: Navy,,,,,Wellington Warehouse,52150,52150,52150,149990,0,0,
0,BIN-04,1767722157720,Shelf 7,4,Kentucky Horsewear Grooming Bag,Horse Care > Grooming & Bathing > Brushes & Tools > Grooming Bags,82142-08-F,Color: Grey,,,,,Wellington Warehouse,95630,95630,95630,259990,0,0,
1,LVL 1,1769968298841,Blankets 4,1,Kentucky Horsewear Boot Bag,Rider > Bags > Boot Bags,82110-08-F,Color: Grey,,,,,Wellington Warehouse,82580,82580,82580,224990,0,0,
0,BIN-04,1767722157720,Shelf 7,4,Kentucky Horsewear Grooming Bag,Horse Care > Grooming & Bathing > Brushes & Tools > Grooming Bags,82142-01-F,Color: Black,,,,,Wellington Warehouse,95630,95630,95630,259990,0,0,
2,LVL 1,1769968298841,Blankets 4,1,Kentucky Horsewear Stable Curtain,Stable > Stable Supplies > Misc,82101-17,Color: Bordeaux,,,,,Wellington Warehouse,117370,117370,117370,314990,0,0,
0,BIN-04,1767722157720,Shelf 7,4,Kentucky Horsewear Grooming Bag,Horse Care > Grooming & Bathing > Brushes & Tools > Grooming Bags,82142-03-F,Color: Navy,,,,,Wellington Warehouse,95630,95630,95630,259990,0,0,
3,LVL 1,1769968298841,Blankets 4,1,Kentucky Horsewear Saddle Pad Bag,"Tack & Equipment > Bags, Cases & Covers",82111-03-F,Color: Navy,,,,,Wellington Warehouse,34770,34770,34770,99990,0,0,0.011841281
0,BIN-03,1767722157721,Shelf 7,3,Kentucky Horsewear Helmet Bag,"Tack & Equipment > Bags, Cases & Covers",82140-08-F,Color: Grey,,,,,Wellington Warehouse,52150,52150,52150,149990,0,0,
1,LVL 1,1769968298841,Blankets 4,1,Kentucky Horsewear Stanley Box Cover,"Tack & Equipment > Bags, Cases & Covers",82171-03,Color: Navy,,,,,Wellington Warehouse,99970,99970,99970,269990,0,0,
12,BIN-04,1773766480622,Shelf 18,4,Kentucky Horsewear Silicone Cross Ties,Stable > Stable Supplies > Cross Ties & Trailer Ties,82158-01-140,Color: Black,Size: 55 inches,Material: Silicone,,,Wellington Warehouse,17370,17370,17370,44990,0,0,
15,BIN-04,1773766480622,Shelf 18,4,Kentucky Horsewear Silicone Cross Ties,Stable > Stable Supplies > Cross Ties & Trailer Ties,82158-01-90,Color: Black,Size: 35 inches,Material: Silicone,,,Wellington Warehouse,14770,14770,14770,34990,0,0,0.011647581
11,BIN-04,1773766480622,Shelf 18,4,Kentucky Horsewear Silicone Cross Ties,Stable > Stable Supplies > Cross Ties & Trailer Ties,82158-01-70,Color: Black,Size: 27 inches,Material: Silicone,,,Wellington Warehouse,13020,13020,13020,34990,0,0,
0,ROW 2 : LVL 1,1774281650391,Hoof/Treats,1,Kentucky Horsewear Relax Horse Play & Hay Ball,Horse Care > Treats & Toys > Toys & Licks,82153-62-L,Color: Royal blue,Size: L / 40cm,,,,Wellington Warehouse,60840,60840,60840,164990,0,0,
0,LVL 1,1769968298841,Blankets 4,1,Kentucky Horsewear Tailguard Pro,Horse Care > Grooming & Bathing > Tails & Tail Bags,88111-01,Title: Default Title,,,,,Wellington Warehouse,26080,26080,26080,74990,0,0,0.01180432
1,ROW 2 : LVL 1,1774281650391,Hoof/Treats,1,Kentucky Horsewear Relax Horse Toy,Horse Care > Treats & Toys > Toys & Licks,82155-25-ALVIN,Type: Alvin,,,,,Wellington Warehouse,34770,34770,34770,89990,0,0,
0,ROW 2 : LVL 1,1774281650391,Hoof/Treats,1,Kentucky Horsewear Relax Horse Play & Hay Ball,Horse Care > Treats & Toys > Toys & Licks,82153-08-L,Color: Grey,Size: L / 40cm,,,,Wellington Warehouse,60840,60840,60840,164990,0,0,0.024071973
7,BIN-04,1773766480622,Shelf 18,4,Kentucky Horsewear Silicone Cross Ties,Stable > Stable Supplies > Cross Ties & Trailer Ties,82158-01-55,Color: Black,Size: 21 inches,Material: Silicone,,,Wellington Warehouse,12150,12150,12150,34990,0,0,0.8543091
14,BIN-04,1773766480622,Shelf 18,4,Kentucky Horsewear Silicone Cross Ties,Stable > Stable Supplies > Cross Ties & Trailer Ties,82158-01-120,Color: Black,Size: 47 inches,Material: Silicone,,,Wellington Warehouse,16510,16510,16510,44990,0,0,
18,LVL 1,1769968298841,Blankets 4,1,Kentucky Horsewear Tail guard & Tail bag combo,Horse Care > Grooming & Bathing > Tails & Tail Bags,88196-01,Title: Default Title,,,,,Wellington Warehouse,30420,30420,30420,84990,0,0,
0,BIN-03,1767722157721,Shelf 7,3,Kentucky Horsewear Waterproof Stanley Box Cover,"Tack & Equipment > Bags, Cases & Covers",82172-03,Color: Navy,,,,,Wellington Warehouse,86940,86940,86940,234990,0,0,
1,BIN-03,1767722157721,Shelf 7,3,Kentucky Horsewear Waterproof Stanley Box Cover,"Tack & Equipment > Bags, Cases & Covers",82172-01,Color: Black,,,,,Wellington Warehouse,86940,86940,86940,234990,0,0,
1,ROW 2 : LVL 1,1774281650391,Hoof/Treats,1,Kentucky Horsewear Relax Horse Toy,Horse Care > Treats & Toys > Toys & Licks,82155-32-SAMMY,Type: Sammy,,,,,Wellington Warehouse,34770,34770,34770,89990,0,0,
2,LVL 1,1769968298841,Blankets 4,1,Kentucky Horsewear Stanley Box Cover,"Tack & Equipment > Bags, Cases & Covers",82171-01,Color: Black,,,,,Wellington Warehouse,99970,99970,99970,269990,0,0,
1,Other,1777650559284,C,1,Grooming Deluxe Grooming Backpack,Rider > Bags > Backpacks,82181-01,Color: Black,,,,,Wellington Warehouse,104320,104320,104320,269990,0,0,
0,BIN 1,1776787211212,Gloves,1,Dy'on Premium Soft Leather Stirrup Leathers,Tack & Equipment > Stirrups & Leathers > Stirrup Leathers & Accessories,SA01BR135,Size: 53 inches,,,,,Wellington Warehouse,66190,66190,66190,249990,0,0,
0,BIN 1,1776787211212,Gloves,1,Dy'on Premium Soft Leather Stirrup Leathers,Tack & Equipment > Stirrups & Leathers > Stirrup Leathers & Accessories,SA01BR145,Size: 57 inches,,,,,Wellington Warehouse,66190,66190,66190,249990,0,0,
0,BIN-01,1767722133132,Shelf 6,1,Cool on Track Quick Wraps,Tack & Equipment > Boots & Wraps > Protective Boots > Front Boots,43260502,"Size: Medium 14""",,,,,Wellington Warehouse,41500,41500,41500,83000,0,0,0.06875648
1,BIN-03,1768845014311,Shelf 13,3,Nunn Finer Bella Donna Round Raised Soft Grip Reins,"Tack & Equipment > Bridles, Headstalls & Reins > English Bridles & Reins > Reins",287HA,Color: Havana,,,,,Wellington Warehouse,78000,78000,78000,168000,0,0,0.023160687
0,BIN-01,1768403023955,Shelf 10,1,Cool on Track Bell Boots,Tack & Equipment > Boots & Wraps > Bell Boots,43250504,Size: Extra Large,,,,,Wellington Warehouse,18000,18000,18000,36000,0,0,0.037384626
1,BIN-01,1767722133132,Shelf 6,1,Cool on Track Quick Wraps,Tack & Equipment > Boots & Wraps > Protective Boots > Front Boots,43260503,"Size: Large 16""",,,,,Wellington Warehouse,41500,41500,41500,83000,0,0,0.08866858
0,BIN-01,1767722133132,Shelf 6,1,Cool on Track Quick Wraps,Tack & Equipment > Boots & Wraps > Protective Boots > Front Boots,43260501,"Size: Small 12""",,,,,Wellington Warehouse,41500,41500,41500,83000,0,0,0.079351544
3,BIN-01,1767722133132,Shelf 6,1,Cool on Track Quick Wraps,Tack & Equipment > Boots & Wraps > Protective Boots > Front Boots,43260504,"Size: Extra Large 18""",,,,,Wellington Warehouse,41500,41500,41500,83000,0,0,0.037384626
0,BIN-01,1768403023955,Shelf 10,1,Cool on Track Bell Boots,Tack & Equipment > Boots & Wraps > Bell Boots,43250502,Size: Medium,,,,,Wellington Warehouse,18000,18000,18000,36000,0,0,0.030333908
2,LVL 3,1770396427445,Saddle Pads 3,3,LeMieux Essence Dressage Square Pad,Tack & Equipment > English Saddle Pads > Dressage Saddle Pads,IT05916066,Color: Navy,Size: Medium,,,,Wellington Warehouse,54770,54770,54770,109950,0,0,
0,LVL 3,1770396427445,Saddle Pads 3,3,LeMieux Self-Cool Dressage Sqaure Pad,Tack & Equipment > English Saddle Pads > Dressage Saddle Pads,4855,Size: Large,Color: Polar Grey,,,,Wellington Warehouse,54890,54890,54890,109950,0,0,0.011115642
0,BIN 1,1776787211212,Gloves,1,"Nunn Finer Nylon Center Stirrup Leathers 1"" Wide",Tack & Equipment > Stirrups & Leathers > Stirrup Leathers & Accessories,430HA,Color: Havana,"Size: 54""",,,,Wellington Warehouse,67000,67000,67000,130000,0,0,0.0135903945
1,LVL 3,1770396427445,Saddle Pads 3,3,LeMieux Puissance Suede Dressage Pad,Tack & Equipment > English Saddle Pads > Dressage Saddle Pads,IT03808066,Size: Medium,Color: Black,,,,Wellington Warehouse,54780,54780,54780,109950,0,0,
1,LVL 3,1770396427445,Saddle Pads 3,3,LeMieux Puissance Suede Dressage Pad,Tack & Equipment > English Saddle Pads > Dressage Saddle Pads,IT06900005,Size: Large,Color: White,,,,Wellington Warehouse,54780,54780,54780,109950,0,0,
1,LVL 4,1770396427446,Saddle Pads 3,4,LeMieux Puissance Suede Close Contact Pad,Tack & Equipment > English Saddle Pads > All Purpose & Hunter/Jumper Saddle Pads,IT06899006,Size: Medium,Color: White,,,,Wellington Warehouse,54770,54770,54770,109950,0,0,
1,BIN-04,1777314709514,Shelf 21,4,LeMieux Puissance Ear Bonnet,Tack & Equipment > Ear Plugs & Bonnets > Bonnets,IT06352004,Size: Medium,Color: Navy,,,,Wellington Warehouse,32390,32390,32390,64950,0,0,
0,BIN-04,1777314709514,Shelf 21,4,LeMieux Puissance Ear Bonnet,Tack & Equipment > Ear Plugs & Bonnets > Bonnets,IT03804-XL,Size: XL,Color: Black,,,,Wellington Warehouse,32390,32390,32390,64950,0,0,
1,LVL 4,1770396427446,Saddle Pads 3,4,LeMieux Essence EuroJump Square Pad,Tack & Equipment > English Saddle Pads > All Purpose & Hunter/Jumper Saddle Pads,IT05920066,Size: Medium,Color: Stone,,,,Wellington Warehouse,54770,54770,54770,109950,0,0,
0,ROW 2 : LVL 1,1774281650391,Hoof/Treats,1,LeMieux Stall Toy,Horse Care > Treats & Toys > Toys & Licks,IT03909,Type: Apple,,,,,Wellington Warehouse,27540,27540,27540,54950,0,0,0.0127029335
2,BIN-04,1777314709514,Shelf 21,4,LeMieux Puissance Ear Bonnet,Tack & Equipment > Ear Plugs & Bonnets > Bonnets,IT03804005,Size: Large,Color: Black,,,,Wellington Warehouse,32390,32390,32390,64950,0,0,
1,LVL 4,1770396427446,Saddle Pads 3,4,LeMieux Essence EuroJump Square Pad,Tack & Equipment > English Saddle Pads > All Purpose & Hunter/Jumper Saddle Pads,IT05919005,Size: Large,Color: Navy,,,,Wellington Warehouse,54770,54770,54770,109950,0,0,
2,LVL 4,1770396427446,Saddle Pads 3,4,LeMieux 3D Mesh Self-Cool EuroJump Square Pad,Tack & Equipment > English Saddle Pads > All Purpose & Hunter/Jumper Saddle Pads,IT06930066,Size: Medium,Color: White,,,,Wellington Warehouse,54770,54770,54770,109950,0,0,
2,BIN-04,1777314709514,Shelf 21,4,LeMieux Crystal Ear Bonnet,Tack & Equipment > Ear Plugs & Bonnets > Bonnets,IT05060005,Size: Large,Color: White,,,,Wellington Warehouse,24910,24910,24910,49950,0,0,0.012130079
3,BIN-04,1777314709514,Shelf 21,4,LeMieux Crystal Ear Bonnet,Tack & Equipment > Ear Plugs & Bonnets > Bonnets,IT03584005,Size: Large,Color: Navy,,,,Wellington Warehouse,24910,24910,24910,49950,0,0,
0,LVL 4,1770396427446,Saddle Pads 3,4,LeMieux 3D Mesh Self-Cool EuroJump Square Pad,Tack & Equipment > English Saddle Pads > All Purpose & Hunter/Jumper Saddle Pads,IT06930005,Size: Large,Color: White,,,,Wellington Warehouse,54770,54770,54770,109950,0,0,0.039099872
1,BIN-04,1777314709514,Shelf 21,4,LeMieux Puissance Ear Bonnet,Tack & Equipment > Ear Plugs & Bonnets > Bonnets,IT06352005,Size: Large,Color: Navy,,,,Wellington Warehouse,32390,32390,32390,64950,0,0,
1,BIN-04,1777314709514,Shelf 21,4,LeMieux Vogue Ear Bonnet,Tack & Equipment > Ear Plugs & Bonnets > Bonnets,IT00776005,Size: Large,Color: Black,,,,Wellington Warehouse,24910,24910,24910,49950,0,0,0.035645954
1,BIN-04,1777314709514,Shelf 21,4,LeMieux Crystal Ear Bonnet,Tack & Equipment > Ear Plugs & Bonnets > Bonnets,IT05060004,Size: Medium,Color: White,,,,Wellington Warehouse,24910,24910,24910,49950,0,0,
1,BIN-04,1777314709514,Shelf 21,4,LeMieux Puissance Ear Bonnet,Tack & Equipment > Ear Plugs & Bonnets > Bonnets,IT03804004,Size: Medium,Color: Black,,,,Wellington Warehouse,32390,32390,32390,64950,0,0,
2,LVL 4,1770396427446,Saddle Pads 3,4,LeMieux 3D Mesh Self-Cool EuroJump Square Pad,Tack & Equipment > English Saddle Pads > All Purpose & Hunter/Jumper Saddle Pads,IT06928066,Size: Medium,Color: Black,,,,Wellington Warehouse,54770,54770,54770,109950,0,0,
1,BIN-04,1777314709514,Shelf 21,4,LeMieux Vogue Ear Bonnet,Tack & Equipment > Ear Plugs & Bonnets > Bonnets,7866,Size: XL,Color: Grey,,,,Wellington Warehouse,24910,24910,24910,49950,0,0,
1,LVL 4,1770396427446,Saddle Pads 3,4,LeMieux 3D Mesh Self-Cool EuroJump Square Pad,Tack & Equipment > English Saddle Pads > All Purpose & Hunter/Jumper Saddle Pads,IT06929066,Size: Medium,Color: Navy,,,,Wellington Warehouse,54770,54770,54770,109950,0,0,0.039637003
1,BIN-04,1777314709514,Shelf 21,4,LeMieux Vogue Ear Bonnet,Tack & Equipment > Ear Plugs & Bonnets > Bonnets,IT00776006,Size: XL,Color: Black,,,,Wellington Warehouse,24910,24910,24910,49950,0,0,
2,LVL 4,1770396427446,Saddle Pads 3,4,LeMieux Essence EuroJump Square Pad,Tack & Equipment > English Saddle Pads > All Purpose & Hunter/Jumper Saddle Pads,IT05919066,Size: Medium,Color: Navy,,,,Wellington Warehouse,54770,54770,54770,109950,0,0,
0,LVL 4,1770396427446,Saddle Pads 3,4,LeMieux Puissance Suede Close Contact Pad,Tack & Equipment > English Saddle Pads > All Purpose & Hunter/Jumper Saddle Pads,IT06350005,Size: Large,Color: Navy,,,,Wellington Warehouse,54770,54770,54770,109950,0,0,0.011163398
0,BIN-04,1777314709514,Shelf 21,4,LeMieux Puissance Ear Bonnet,Tack & Equipment > Ear Plugs & Bonnets > Bonnets,IT06352006,Size: XL,Color: Navy,,,,Wellington Warehouse,32390,32390,32390,64950,0,0,0.01659058
2,BIN-04,1777314709514,Shelf 21,4,LeMieux Vogue Ear Bonnet,Tack & Equipment > Ear Plugs & Bonnets > Bonnets,IT00778005,Size: Large,Color: Grey,,,,Wellington Warehouse,24910,24910,24910,49950,0,0,
1,BIN-04,1777314709514,Shelf 21,4,LeMieux Vogue Ear Bonnet,Tack & Equipment > Ear Plugs & Bonnets > Bonnets,IT00776004,Size: Medium,Color: Black,,,,Wellington Warehouse,24910,24910,24910,49950,0,0,
0,LVL 1,1771873985967,Sheets 4,1,Weaver Bridle and Halter Rack,Stable > Stable Organizers > Racks & Hooks,65-4415,Title: Default Title,,,,,Wellington Warehouse,8700,8700,8700,12690,0,0,
0,BIN-03,1768845014311,Shelf 13,3,Dy'on Anatomic Flash Noseband with Chain,"Tack & Equipment > Bridles, Headstalls & Reins > English Bridles & Reins > Bridle Accessories",DY043BRF,Color: Havana,Size: Full,,,,Wellington Warehouse,79730,79730,79730,294990,0,0,
1,ROW 3 : LVL 1,1774281614626,Grooming/Tack Cleaner,1,Grooming Deluxe Soft Leather Almond Cream,Tack & Equipment > Leather Care,42422,Title: Default Title,,,,,Wellington Warehouse,13830,13830,13830,44990,0,0,0.082515314
10,ROW 3 : LVL 2,1774281614627,Grooming/Tack Cleaner,2,Stubben Hamanol Leather Dressing,Tack & Equipment > Leather Care,32001,Size: 8.8oz,,,,,Wellington Warehouse,10000,10000,10000,20000,0,0,0.046353165
5,ROW 1 : LVL 1,1768938420680,First Aid,1,Flair Nasal Strip,Tack & Equipment > Training & Lunging > Accessories,SS-BRN6PK-BK,Size: 6-Pack,Color: Brown,,,,Wellington Warehouse,31580,31580,31580,49950,0,0,
2,ROW 1 : LVL 1,1768938420680,First Aid,1,Flair Nasal Strip,Tack & Equipment > Training & Lunging > Accessories,SS-BLK6PK-IA,Size: 6-Pack,Color: Black,,,,Wellington Warehouse,31580,31580,31580,49950,0,0,0.041194946
0,ROW 1 : LVL 1,1768938420680,First Aid,1,Flair Nasal Strip,Tack & Equipment > Training & Lunging > Accessories,SS-WHT6PK-AF,Size: 6-Pack,Color: White,,,,Wellington Warehouse,31580,31580,31580,49950,0,0,
3,LVL 4,1771436264208,Blankets 8,4,Amigo 1200D Turnout (0g Light),Horse Wear > Blankets & Sheets > Turnout Blankets & Sheets > Sheets,AAOAL0-BJI0-75,Color: Navy/Titanium Grey & Silver,Size: 75,,,,Wellington Warehouse,82450,82450,82450,186950,0,0,0.029577618
5,LVL 2,1771259569147,Blankets 7,2,Amigo 1200D Turnout (100g Light),Horse Wear > Blankets & Sheets > Turnout Blankets & Sheets > Lightweight,AAOAL2-KJI0-78,Color: Black,Size: 78,,,,Wellington Warehouse,86450,86450,86450,209950,0,0,
3,LVL 2,1770740443979,Blankets 2,2,Rambo 1680D Plus Turnout (100g Light),Horse Wear > Blankets & Sheets > Turnout Blankets & Sheets > Lightweight,AAEPL2-BJJI-72,Color: Navy / Thunderstorm Grey & Silver,Size: 72,,,,Wellington Warehouse,208550,208550,208550,472950,0,0,
3,LVL 2,1770740443979,Blankets 2,2,Rambo 1680D Plus Turnout (100g Light),Horse Wear > Blankets & Sheets > Turnout Blankets & Sheets > Lightweight,AAEPL2-KJJI-78,Color: Black / Thunderstorm Grey & Silver,Size: 78,,,,Wellington Warehouse,208550,208550,208550,472950,0,0,
3,LVL 2,1771259569147,Blankets 7,2,Amigo 1200D Turnout (100g Light),Horse Wear > Blankets & Sheets > Turnout Blankets & Sheets > Lightweight,AAOAL2-KJI0-75,Color: Black,Size: 75,,,,Wellington Warehouse,86450,86450,86450,209950,0,0,
3,LVL 2,1770740443979,Blankets 2,2,Rambo 1680D Plus Turnout (0g Light),Horse Wear > Blankets & Sheets > Turnout Blankets & Sheets > Sheets,AAASA0-BJJI-72,Color: Navy / Thunderstorm Grey & Silver,Size: 72,,,,Wellington Warehouse,198850,198850,198850,449950,0,0,
2,LVL 4,1771436264208,Blankets 8,4,Amigo 1200D Turnout (0g Light),Horse Wear > Blankets & Sheets > Turnout Blankets & Sheets > Sheets,AAOAL0-BJI0-78,Color: Navy/Titanium Grey & Silver,Size: 78,,,,Wellington Warehouse,82450,82450,82450,186950,0,0,0.023667017
5,LVL 4,1771436264208,Blankets 8,4,Amigo 1200D Turnout (0g Light),Horse Wear > Blankets & Sheets > Turnout Blankets & Sheets > Sheets,AAOAL0-BJI0-72,Color: Navy/Titanium Grey & Silver,Size: 72,,,,Wellington Warehouse,82450,82450,82450,186950,0,0,
3,LVL 2,1771259569147,Blankets 7,2,Amigo 1200D Turnout (100g Light),Horse Wear > Blankets & Sheets > Turnout Blankets & Sheets > Lightweight,AAOAL2-BJI0-78,Color: Navy,Size: 78,,,,Wellington Warehouse,86450,86450,86450,209950,0,0,
7,LVL 4,1771436264208,Blankets 8,4,Amigo 1200D Turnout (0g Light),Horse Wear > Blankets & Sheets > Turnout Blankets & Sheets > Sheets,AAOAL0-KJI0-72,Color: Black/Titanium Grey & Silver,Size: 72,,,,Wellington Warehouse,82450,82450,82450,186950,0,0,
5,LVL 2,1771259569147,Blankets 7,2,Amigo 1200D Turnout (100g Light),Horse Wear > Blankets & Sheets > Turnout Blankets & Sheets > Lightweight,AAOAL2-KJI0-72,Color: Black,Size: 72,,,,Wellington Warehouse,86450,86450,86450,209950,0,0,
3,LVL 2,1770740443979,Blankets 2,2,Rambo 1680D Plus Turnout (100g Light),Horse Wear > Blankets & Sheets > Turnout Blankets & Sheets > Lightweight,AAEPL2-BJJI-78,Color: Navy / Thunderstorm Grey & Silver,Size: 78,,,,Wellington Warehouse,208550,208550,208550,472950,0,0,
3,LVL 4,1771436264208,Blankets 8,4,Amigo 1200D Turnout (0g Light),Horse Wear > Blankets & Sheets > Turnout Blankets & Sheets > Sheets,AAOAL0-KJI0-81,Color: Black/Titanium Grey & Silver,Size: 81,,,,Wellington Warehouse,82450,82450,82450,186950,0,0,
5,LVL 1 ,1771259569146,Blankets 7,1,Rhino Plus Turnout (100g Light),Horse Wear > Blankets & Sheets > Turnout Blankets & Sheets > Lightweight,AABPA1-BJD0-75,Color: Navy,Size: 75,,,,Wellington Warehouse,126100,126100,126100,285950,0,0,
2,LVL 2,1770740443979,Blankets 2,2,Rambo 1680D Plus Turnout (0g Light),Horse Wear > Blankets & Sheets > Turnout Blankets & Sheets > Sheets,AAASA0-BJJI-78,Color: Navy / Thunderstorm Grey & Silver,Size: 78,,,,Wellington Warehouse,198850,198850,198850,449950,0,0,
3,LVL 2,1770740443979,Blankets 2,2,Rambo 1680D Plus Turnout (100g Light),Horse Wear > Blankets & Sheets > Turnout Blankets & Sheets > Lightweight,AAEPL2-KJJI-75,Color: Black / Thunderstorm Grey & Silver,Size: 75,,,,Wellington Warehouse,208550,208550,208550,472950,0,0,
5,LVL 4,1771436264208,Blankets 8,4,Amigo 1200D Turnout (0g Light),Horse Wear > Blankets & Sheets > Turnout Blankets & Sheets > Sheets,AAOAL0-KJI0-75,Color: Black/Titanium Grey & Silver,Size: 75,,,,Wellington Warehouse,82450,82450,82450,186950,0,0,
3,LVL 2,1770740443979,Blankets 2,2,Rambo 1680D Plus Turnout (0g Light),Horse Wear > Blankets & Sheets > Turnout Blankets & Sheets > Sheets,AAASA0-KJJI-75,Color: Black / Thunderstorm Grey & Silver,Size: 75,,,,Wellington Warehouse,198850,198850,198850,449950,0,0,
4,LVL 2,1771259569147,Blankets 7,2,Amigo 1200D Turnout (100g Light),Horse Wear > Blankets & Sheets > Turnout Blankets & Sheets > Lightweight,AAOAL2-BJI0-72,Color: Navy,Size: 72,,,,Wellington Warehouse,86450,86450,86450,209950,0,0,
5,LVL 2,1771259569147,Blankets 7,2,Amigo 1200D Turnout (100g Light),Horse Wear > Blankets & Sheets > Turnout Blankets & Sheets > Lightweight,AAOAL2-BJI0-75,Color: Navy,Size: 75,,,,Wellington Warehouse,86450,86450,86450,209950,0,0,
6,LVL 4,1771436264208,Blankets 8,4,Amigo 1200D Turnout (0g Light),Horse Wear > Blankets & Sheets > Turnout Blankets & Sheets > Sheets,AAOAL0-KJI0-78,Color: Black/Titanium Grey & Silver,Size: 78,,,,Wellington Warehouse,82450,82450,82450,186950,0,0,
5,LVL 1 ,1771259569146,Blankets 7,1,Rhino Plus Turnout (100g Light),Horse Wear > Blankets & Sheets > Turnout Blankets & Sheets > Lightweight,AABPA1-BJD0-72,Color: Navy,Size: 72,,,,Wellington Warehouse,126100,126100,126100,285950,0,0,
1,LVL 2,1770740443979,Blankets 2,2,Rambo 1680D Plus Turnout (0g Light),Horse Wear > Blankets & Sheets > Turnout Blankets & Sheets > Sheets,AAASA0-KJJI-81,Color: Black / Thunderstorm Grey & Silver,Size: 81,,,,Wellington Warehouse,198850,198850,198850,449950,0,0,
2,LVL 2,1770740443979,Blankets 2,2,Rambo 1680D Plus Turnout (100g Light),Horse Wear > Blankets & Sheets > Turnout Blankets & Sheets > Lightweight,AAEPL2-BJJI-81,Color: Navy / Thunderstorm Grey & Silver,Size: 81,,,,Wellington Warehouse,208550,208550,208550,472950,0,0,0.014848863
4,LVL 2,1771259569147,Blankets 7,2,Amigo 1200D Turnout (100g Light),Horse Wear > Blankets & Sheets > Turnout Blankets & Sheets > Lightweight,AAOAL2-BJI0-81,Color: Navy,Size: 81,,,,Wellington Warehouse,86450,86450,86450,209950,0,0,
3,LVL 2,1770740443979,Blankets 2,2,Rambo 1680D Plus Turnout (100g Light),Horse Wear > Blankets & Sheets > Turnout Blankets & Sheets > Lightweight,AAEPL2-KJJI-72,Color: Black / Thunderstorm Grey & Silver,Size: 72,,,,Wellington Warehouse,208550,208550,208550,472950,0,0,
1,LVL 2,1770740443979,Blankets 2,2,Rambo 1680D Plus Turnout (0g Light),Horse Wear > Blankets & Sheets > Turnout Blankets & Sheets > Sheets,AAASA0-KJJI-78,Color: Black / Thunderstorm Grey & Silver,Size: 78,,,,Wellington Warehouse,198850,198850,198850,449950,0,0,
4,LVL 2,1771259569147,Blankets 7,2,Amigo 1200D Turnout (100g Light),Horse Wear > Blankets & Sheets > Turnout Blankets & Sheets > Lightweight,AAOAL2-KJI0-81,Color: Black,Size: 81,,,,Wellington Warehouse,86450,86450,86450,209950,0,0,
3,LVL 2,1770740443979,Blankets 2,2,Rambo 1680D Plus Turnout (100g Light),Horse Wear > Blankets & Sheets > Turnout Blankets & Sheets > Lightweight,AAEPL2-KJJI-81,Color: Black / Thunderstorm Grey & Silver,Size: 81,,,,Wellington Warehouse,208550,208550,208550,472950,0,0,
2,LVL 2,1770740443979,Blankets 2,2,Rambo 1680D Plus Turnout (100g Light),Horse Wear > Blankets & Sheets > Turnout Blankets & Sheets > Lightweight,AAEPL2-BJJI-75,Color: Navy / Thunderstorm Grey & Silver,Size: 75,,,,Wellington Warehouse,208550,208550,208550,472950,0,0,
1,LVL 4,1771436264208,Blankets 8,4,Amigo 1200D Turnout (0g Light),Horse Wear > Blankets & Sheets > Turnout Blankets & Sheets > Sheets,AAOAL0-BJI0-81,Color: Navy/Titanium Grey & Silver,Size: 81,,,,Wellington Warehouse,82450,82450,82450,186950,0,0,
4,LVL 1 ,1771259569146,Blankets 7,1,Rhino Plus Turnout (100g Light),Horse Wear > Blankets & Sheets > Turnout Blankets & Sheets > Lightweight,AABPA1-BJD0-81,Color: Navy,Size: 81,,,,Wellington Warehouse,126100,126100,126100,285950,0,0,
2,LVL 2,1770740443979,Blankets 2,2,Rambo 1680D Plus Turnout (0g Light),Horse Wear > Blankets & Sheets > Turnout Blankets & Sheets > Sheets,AAASA0-BJJI-75,Color: Navy / Thunderstorm Grey & Silver,Size: 75,,,,Wellington Warehouse,198850,198850,198850,449950,0,0,
3,LVL 1 ,1771259569146,Blankets 7,1,Rhino Plus Turnout (100g Light),Horse Wear > Blankets & Sheets > Turnout Blankets & Sheets > Lightweight,AABPA1-BJD0-78,Color: Navy,Size: 78,,,,Wellington Warehouse,126100,126100,126100,285950,0,0,
1,LVL 2,1770740443979,Blankets 2,2,Rambo 1680D Plus Turnout (0g Light),Horse Wear > Blankets & Sheets > Turnout Blankets & Sheets > Sheets,AAASA0-BJJI-81,Color: Navy / Thunderstorm Grey & Silver,Size: 81,,,,Wellington Warehouse,198850,198850,198850,449950,0,0,
2,LVL 2,1770740443979,Blankets 2,2,Rambo 1680D Plus Turnout (0g Light),Horse Wear > Blankets & Sheets > Turnout Blankets & Sheets > Sheets,AAASA0-KJJI-72,Color: Black / Thunderstorm Grey & Silver,Size: 72,,,,Wellington Warehouse,198850,198850,198850,449950,0,0,
4,LVL 1 ,1771436264205,Blankets 8,1,Amigo 1200D Turnout (250g Medium),Horse Wear > Blankets & Sheets > Turnout Blankets & Sheets > Medium Weight,AAOAL5-BJI0-81,Color: Navy,Size: 81,,,,Wellington Warehouse,97000,97000,97000,219950,0,0,
4,BIN-02,1767553027608,Shelf 4,2,Horseware Ireland LED Red Light Therapy Wand,Horse Care > Equine Therapy > Light Therapy,TLHAT1-KK00-EA,Title: Default Title,,,,,Wellington Warehouse,150150,150150,150150,329950,0,0,0.023452956
6,LVL 1 ,1771436264205,Blankets 8,1,Amigo 1200D Turnout (250g Medium),Horse Wear > Blankets & Sheets > Turnout Blankets & Sheets > Medium Weight,AAOAL5-KJI0-72,Color: Black,Size: 72,,,,Wellington Warehouse,97000,97000,97000,219950,0,0,
7,LVL 1 ,1771436264205,Blankets 8,1,Amigo 1200D Turnout (250g Medium),Horse Wear > Blankets & Sheets > Turnout Blankets & Sheets > Medium Weight,AAOAL5-KJI0-75,Color: Black,Size: 75,,,,Wellington Warehouse,97000,97000,97000,219950,0,0,
23,BIN-01,1774887638157,Cavali 2,1,Cavali Club Beanie,Rider > Accessories & Apparel > Hats,WINTER500,Title: Default Title,,,,,Wellington Warehouse,3860,3860,3860,9990,0,0,
7,LVL 1 ,1771436264205,Blankets 8,1,Amigo 1200D Turnout (250g Medium),Horse Wear > Blankets & Sheets > Turnout Blankets & Sheets > Medium Weight,AAOAL5-BJI0-72,Color: Navy,Size: 72,,,,Wellington Warehouse,97000,97000,97000,219950,0,0,
24,BIN-03,1774887638159,Cavali 2,3,Dreamers & Schemers Bit Socks,Rider > Accessories & Apparel > Socks,WINTER507,Title: Default Title,,,,,Wellington Warehouse,6750,6750,6750,15950,0,0,0.011419079
7,LVL 1 ,1771436264205,Blankets 8,1,Amigo 1200D Turnout (250g Medium),Horse Wear > Blankets & Sheets > Turnout Blankets & Sheets > Medium Weight,AAOAL5-KJI0-81,Color: Black,Size: 81,,,,Wellington Warehouse,97000,97000,97000,219950,0,0,
7,LVL 1 ,1771436264205,Blankets 8,1,Amigo 1200D Turnout (250g Medium),Horse Wear > Blankets & Sheets > Turnout Blankets & Sheets > Medium Weight,AAOAL5-BJI0-75,Color: Navy,Size: 75,,,,Wellington Warehouse,97000,97000,97000,219950,0,0,
1,BIN-02,1767553027608,Shelf 4,2,Horseware Ireland LED Red Light Poll Cap,Horse Care > Equine Therapy > Light Therapy,TLHNT1-KK00-FU,Title: Default Title,,,,,Wellington Warehouse,330330,330330,330330,725950,0,0,0.011828624
7,LVL 1 ,1771436264205,Blankets 8,1,Amigo 1200D Turnout (250g Medium),Horse Wear > Blankets & Sheets > Turnout Blankets & Sheets > Medium Weight,AAOAL5-KJI0-78,Color: Black,Size: 78,,,,Wellington Warehouse,97000,97000,97000,219950,0,0,
1,BIN 1,1776787343289,Spurs,1,Nunn Finer Steel Horseshoe Studs,Tack & Equipment > Studs & Accessories,60DWholesale,Option: D,,,,,Wellington Warehouse,12500,12500,12500,30000,0,0,
3,LVL 1 ,1771436264205,Blankets 8,1,Amigo 1200D Turnout (250g Medium),Horse Wear > Blankets & Sheets > Turnout Blankets & Sheets > Medium Weight,AAOAL5-BJI0-78,Color: Navy,Size: 78,,,,Wellington Warehouse,97000,97000,97000,219950,0,0,
2,Shirts,1777650559287,C,1,LeMieux Classique Base Layer,Rider > Accessories & Apparel > Shirts,IT07157013,Size: 6,Color: Juniper,,,,Wellington Warehouse,37350,37350,37350,52450,0,0,
3,Shirts,1777650559287,C,1,LeMieux Young Rider Mia Mesh Base Layer,Rider > Accessories & Apparel > Shirts,IT07208114,Size: 7-8 years,Color: Juniper,,,,Wellington Warehouse,40810,40810,40810,49990,0,0,
4,Shirts,1777650559287,C,1,LeMieux Young Rider Mia Mesh Base Layer,Rider > Accessories & Apparel > Shirts,IT07210111,Size: 13-14 years,Color: Rosemary,,,,Wellington Warehouse,40810,40810,40810,49990,0,0,
4,Shirts,1777650559287,C,1,LeMieux Classique Base Layer,Rider > Accessories & Apparel > Shirts,IT07160014,Size: 8,Color: Rosemary,,,,Wellington Warehouse,37350,37350,37350,52450,0,0,
3,Shirts,1777650559287,C,1,LeMieux Classique Base Layer,Rider > Accessories & Apparel > Shirts,IT07160017,Size: 2,Color: Rosemary,,,,Wellington Warehouse,37350,37350,37350,52450,0,0,
0,Jackets,1777650559286,C,1,LeMieux Dynamique Jacket,Rider > Accessories & Apparel > Jackets,IT07198015,Size: 10,Color: Damson,,,,Wellington Warehouse,59770,59770,59770,89000,0,0,0.018952018
2,Shirts,1777650559287,C,1,LeMieux Classique Base Layer,Rider > Accessories & Apparel > Shirts,IT07156015,Size: 10,Color: Damson,,,,Wellington Warehouse,37350,37350,37350,52450,0,0,
0,Shirts,1777650559287,C,1,LeMieux Classique Base Layer,Rider > Accessories & Apparel > Shirts,IT07157017,Size: 2,Color: Juniper,,,,Wellington Warehouse,37350,37350,37350,52450,0,0,0.017794186
2,Shirts,1777650559287,C,1,LeMieux Classique Base Layer,Rider > Accessories & Apparel > Shirts,IT07160033,Size: 14,Color: Rosemary,,,,Wellington Warehouse,37350,37350,37350,52450,0,0,
1,Jackets,1777650559286,C,1,LeMieux Dynamique Jacket,Rider > Accessories & Apparel > Jackets,IT07199017,Size: 2,Color: Juniper,,,,Wellington Warehouse,59770,59770,59770,89000,0,0,0.032691002
5,LVL 3,1770396427445,Saddle Pads 3,3,LeMieux Suede Dressage Square Pad,Tack & Equipment > English Saddle Pads > Dressage Saddle Pads,IT08145005,Size: Full,Color: Navy,,,,Wellington Warehouse,47310,47310,47310,65490,0,0,
3,Cycle Counted,1777744483593,C,1,LeMieux Young Rider Classique Base Layer,Rider > Accessories & Apparel > Shirts,IT07207114,Size: 7-8 years,Color: Rosemary,,,,Wellington Warehouse,33000,33000,33000,49990,0,0,
3,Shirts,1777650559287,C,1,LeMieux Young Rider Mia Mesh Base Layer,Rider > Accessories & Apparel > Shirts,IT07210110,Size: 11-12 years,Color: Rosemary,,,,Wellington Warehouse,40810,40810,40810,49990,0,0,
3,Jackets,1777650559286,C,1,LeMieux Keira Quarter Zip Sweatshirt,Rider > Accessories & Apparel > Jackets,IT07180014,Size: 8,Color: Rosemary,,,,Wellington Warehouse,54770,54770,54770,79990,0,0,
0,Shirts,1777650559287,C,1,LeMieux Classique Base Layer,Rider > Accessories & Apparel > Shirts,IT07160018,Size: 4,Color: Rosemary,,,,Wellington Warehouse,37350,37350,37350,52450,0,0,0.061097875
5,Shirts,1777650559287,C,1,LeMieux Young Rider Mia Mesh Base Layer,Rider > Accessories & Apparel > Shirts,IT07208111,Size: 13-14 years,Color: Juniper,,,,Wellington Warehouse,40810,40810,40810,49990,0,0,
2,Shirts,1777650559287,C,1,LeMieux Classique Base Layer,Rider > Accessories & Apparel > Shirts,IT07156034,Size: 0,Color: Damson,,,,Wellington Warehouse,37350,37350,37350,52450,0,0,
4,Cycle Counted,1777744483593,C,1,LeMieux Young Rider Classique Base Layer,Rider > Accessories & Apparel > Shirts,IT07203112,Size: 9-10 years,Color: Damson,,,,Wellington Warehouse,33000,33000,33000,49990,0,0,
3,Cycle Counted,1777744483593,C,1,LeMieux Young Rider Classique Base Layer,Rider > Accessories & Apparel > Shirts,IT07207110,Size: 11-12 years,Color: Rosemary,,,,Wellington Warehouse,33000,33000,33000,49990,0,0,
5,Cycle Counted,1777744483593,C,1,LeMieux Young Rider Classique Base Layer,Rider > Accessories & Apparel > Shirts,IT07207111,Size: 13-14 years,Color: Rosemary,,,,Wellington Warehouse,33000,33000,33000,49990,0,0,
2,Shirts,1777650559287,C,1,LeMieux Classique Base Layer,Rider > Accessories & Apparel > Shirts,IT07156014,Size: 8,Color: Damson,,,,Wellington Warehouse,37350,37350,37350,52450,0,0,0.023739615
2,Jackets,1777650559286,C,1,LeMieux Keira Quarter Zip Sweatshirt,Rider > Accessories & Apparel > Jackets,IT07180017,Size: 2,Color: Rosemary,,,,Wellington Warehouse,54770,54770,54770,79990,0,0,
4,Shirts,1777650559287,C,1,LeMieux Young Rider Mia Mesh Base Layer,Rider > Accessories & Apparel > Shirts,IT07210112,Size: 9-10 years,Color: Rosemary,,,,Wellington Warehouse,40810,40810,40810,49990,0,0,
3,Shirts,1777650559287,C,1,LeMieux Young Rider Mia Mesh Base Layer,Rider > Accessories & Apparel > Shirts,IT07210114,Size: 7-8 years,Color: Rosemary,,,,Wellington Warehouse,40810,40810,40810,49990,0,0,
0,Shirts,1777650559287,C,1,LeMieux Britney Seamless Long Sleeve Top,Rider > Accessories & Apparel > Shirts,IT07485004,Size: Medium,Color: Damson,,,,Wellington Warehouse,37350,37350,37350,49990,0,0,0.07419274
1,Shirts,1777650559287,C,1,LeMieux Classique Base Layer,Rider > Accessories & Apparel > Shirts,IT07156018,Size: 4,Color: Damson,,,,Wellington Warehouse,37350,37350,37350,52450,0,0,
4,Cycle Counted,1777744483593,C,1,LeMieux Young Rider Classique Base Layer,Rider > Accessories & Apparel > Shirts,IT07203110,Size: 11-12 years,Color: Damson,,,,Wellington Warehouse,33000,33000,33000,49990,0,0,
3,Cycle Counted,1777744483593,C,1,LeMieux Young Rider Classique Base Layer,Rider > Accessories & Apparel > Shirts,IT07204112,Size: 9-10 years,Color: Juniper,,,,Wellington Warehouse,33000,33000,33000,49990,0,0,
4,Cycle Counted,1777744483593,C,1,LeMieux Young Rider Classique Base Layer,Rider > Accessories & Apparel > Shirts,IT07204111,Size: 13-14 years,Color: Juniper,,,,Wellington Warehouse,33000,33000,33000,49990,0,0,
3,LVL 3,1770396427445,Saddle Pads 3,3,LeMieux Suede Dressage Square Pad,Tack & Equipment > English Saddle Pads > Dressage Saddle Pads,IT08145006,Size: Cob,Color: Navy,,,,Wellington Warehouse,47310,47310,47310,65490,0,0,
3,Cycle Counted,1777744483593,C,1,LeMieux Young Rider Classique Base Layer,Rider > Accessories & Apparel > Shirts,IT07207112,Size: 9-10 years,Color: Rosemary,,,,Wellington Warehouse,33000,33000,33000,49990,0,0,
3,Cycle Counted,1777744483593,C,1,LeMieux Young Rider Classique Base Layer,Rider > Accessories & Apparel > Shirts,IT07203114,Size: 7-8 years,Color: Damson,,,,Wellington Warehouse,33000,33000,33000,49990,0,0,
0,Shirts,1777650559287,C,1,LeMieux Britney Seamless Long Sleeve Top,Rider > Accessories & Apparel > Shirts,IT07485002,Size: X-Small,Color: Damson,,,,Wellington Warehouse,37350,37350,37350,49990,0,0,
0,LVL 3,1770396427445,Saddle Pads 3,3,LeMieux Suede Dressage Square Pad,Tack & Equipment > English Saddle Pads > Dressage Saddle Pads,IT07092005,Size: Full,Color: Rosemary,,,,Wellington Warehouse,47310,47310,47310,65490,0,0,0.03454277
2,Shirts,1777650559287,C,1,LeMieux Classique Base Layer,Rider > Accessories & Apparel > Shirts,IT07157014,Size: 8,Color: Juniper,,,,Wellington Warehouse,37350,37350,37350,52450,0,0,
0,Shirts,1777650559287,C,1,LeMieux Classique Base Layer,Rider > Accessories & Apparel > Shirts,IT07157018,Size: 4,Color: Juniper,,,,Wellington Warehouse,37350,37350,37350,52450,0,0,0.15396337
1,Shirts,1777650559287,C,1,LeMieux Young Rider Mia Mesh Base Layer,Rider > Accessories & Apparel > Shirts,IT07208110,Size: 11-12 years,Color: Juniper,,,,Wellington Warehouse,40810,40810,40810,49990,0,0,0.03411733
2,Shirts,1777650559287,C,1,LeMieux Classique Base Layer,Rider > Accessories & Apparel > Shirts,IT07156033,Size: 14,Color: Damson,,,,Wellington Warehouse,37350,37350,37350,52450,0,0,
4,Cycle Counted,1777744483593,C,1,LeMieux Young Rider Classique Base Layer,Rider > Accessories & Apparel > Shirts,IT07203111,Size: 13-14 years,Color: Damson,,,,Wellington Warehouse,33000,33000,33000,49990,0,0,
2,Shirts,1777650559287,C,1,LeMieux Classique Base Layer,Rider > Accessories & Apparel > Shirts,IT07157016,Size: 12,Color: Juniper,,,,Wellington Warehouse,37350,37350,37350,52450,0,0,
0,Jackets,1777650559286,C,1,LeMieux Dynamique Jacket,Rider > Accessories & Apparel > Jackets,IT07199013,Size: 6,Color: Juniper,,,,Wellington Warehouse,59770,59770,59770,89000,0,0,0.011817083
3,Shirts,1777650559287,C,1,LeMieux Classique Base Layer,Rider > Accessories & Apparel > Shirts,IT07156013,Size: 6,Color: Damson,,,,Wellington Warehouse,37350,37350,37350,52450,0,0,
2,Jackets,1777650559286,C,1,LeMieux Keira Quarter Zip Sweatshirt,Rider > Accessories & Apparel > Jackets,IT07180015,Size: 10,Color: Rosemary,,,,Wellington Warehouse,54770,54770,54770,79990,0,0,
4,Shirts,1777650559287,C,1,LeMieux Young Rider Mia Mesh Base Layer,Rider > Accessories & Apparel > Shirts,IT07208112,Size: 9-10 years,Color: Juniper,,,,Wellington Warehouse,40810,40810,40810,49990,0,0,
4,Jackets,1777650559286,C,1,LeMieux Keira Quarter Zip Sweatshirt,Rider > Accessories & Apparel > Jackets,IT07180013,Size: 6,Color: Rosemary,,,,Wellington Warehouse,54770,54770,54770,79990,0,0,
3,Jackets,1777650559286,C,1,LeMieux Keira Quarter Zip Sweatshirt,Rider > Accessories & Apparel > Jackets,IT07180016,Size: 12,Color: Rosemary,,,,Wellington Warehouse,54770,54770,54770,79990,0,0,
1,Jackets,1777650559286,C,1,LeMieux Dynamique Jacket,Rider > Accessories & Apparel > Jackets,IT07199018,Size: 4,Color: Juniper,,,,Wellington Warehouse,59770,59770,59770,89000,0,0,0.011311802
1,Shirts,1777650559287,C,1,LeMieux Classique Base Layer,Rider > Accessories & Apparel > Shirts,IT07160015,Size: 10,Color: Rosemary,,,,Wellington Warehouse,37350,37350,37350,52450,0,0,
0,Shirts,1777650559287,C,1,LeMieux Britney Seamless Long Sleeve Top,Rider > Accessories & Apparel > Shirts,IT07485005,Size: Large,Color: Damson,,,,Wellington Warehouse,37350,37350,37350,49990,0,0,
1,Shirts,1777650559287,C,1,LeMieux Britney Seamless Long Sleeve Top,Rider > Accessories & Apparel > Shirts,IT07485003,Size: Small,Color: Damson,,,,Wellington Warehouse,37350,37350,37350,49990,0,0,0.041257657
3,Cycle Counted,1777744483593,C,1,LeMieux Young Rider Classique Base Layer,Rider > Accessories & Apparel > Shirts,IT07204114,Size: 7-8 years,Color: Juniper,,,,Wellington Warehouse,33000,33000,33000,49990,0,0,
4,Cycle Counted,1777744483593,C,1,LeMieux Young Rider Classique Base Layer,Rider > Accessories & Apparel > Shirts,IT07204110,Size: 11-12 years,Color: Juniper,,,,Wellington Warehouse,33000,33000,33000,49990,0,0,
3,LVL 3,1770396427445,Saddle Pads 3,3,LeMieux Suede Dressage Square Pad,Tack & Equipment > English Saddle Pads > Dressage Saddle Pads,IT07092066,Size: Cob,Color: Rosemary,,,,Wellington Warehouse,47310,47310,47310,65490,0,0,0.011933274
3,Shirts,1777650559287,C,1,LeMieux Classique Base Layer,Rider > Accessories & Apparel > Shirts,IT07157015,Size: 10,Color: Juniper,,,,Wellington Warehouse,37350,37350,37350,52450,0,0,
4,Jackets,1777650559286,C,1,LeMieux Keira Quarter Zip Sweatshirt,Rider > Accessories & Apparel > Jackets,IT07180018,Size: 4,Color: Rosemary,,,,Wellington Warehouse,54770,54770,54770,79990,0,0,
2,Shirts,1777650559287,C,1,LeMieux Classique Base Layer,Rider > Accessories & Apparel > Shirts,IT07160013,Size: 6,Color: Rosemary,,,,Wellington Warehouse,37350,37350,37350,52450,0,0,
2,Shirts,1777650559287,C,1,LeMieux Classique Base Layer,Rider > Accessories & Apparel > Shirts,IT07157034,Size: 0,Color: Juniper,,,,Wellington Warehouse,37350,37350,37350,52450,0,0,
2,Shirts,1777650559287,C,1,LeMieux Classique Base Layer,Rider > Accessories & Apparel > Shirts,IT07160034,Size: 0,Color: Rosemary,,,,Wellington Warehouse,37350,37350,37350,52450,0,0,
2,Shirts,1777650559287,C,1,LeMieux Classique Base Layer,Rider > Accessories & Apparel > Shirts,IT07157033,Size: 14,Color: Juniper,,,,Wellington Warehouse,37350,37350,37350,52450,0,0,
0,BIN-04,1767466772770,Shelf 3,4,Ace  PRO4MANCE Com4rt Mesh Hock Nets,Horse Wear > Fly & Insect Control > Fly Boots,COM4RT-HOCK-MESH-BLK,Color: Black,,,,,Wellington Warehouse,20000,20000,20000,40000,0,0,0.029579107
1,BIN 1,1776787343289,Spurs,1,Ace PRO4MANCE Number ID,"Tack & Equipment > Bridles, Headstalls & Reins > English Bridles & Reins > Bridle Accessories",IDBLK,Color: Black,,,,,Wellington Warehouse,17500,17500,17500,35000,0,0,0.05082573
0,BIN-03,1767722133134,Shelf 6,3,LeMieux Arika Brushing Boot,Tack & Equipment > Boots & Wraps > Protective Boots > Front Boots,IT07004005,Size: Full,Color: Rosemary,,,,Wellington Warehouse,37350,37350,37350,52450,0,0,0.012006085
0,BIN-03,1767722133134,Shelf 6,3,LeMieux Arika Brushing Boot,Tack & Equipment > Boots & Wraps > Protective Boots > Front Boots,IT07007004,Size: Cob,Color: Damson,,,,Wellington Warehouse,37350,37350,37350,52450,0,0,
0,BIN 1,1776787343289,Spurs,1,Ace PRO4MANCE Number ID,"Tack & Equipment > Bridles, Headstalls & Reins > English Bridles & Reins > Bridle Accessories",IDBR,Color: Brown,,,,,Wellington Warehouse,17500,17500,17500,35000,0,0,
0,BIN-03,1767722133134,Shelf 6,3,LeMieux Arika Brushing Boot,Tack & Equipment > Boots & Wraps > Protective Boots > Front Boots,IT07007005,Size: Full,Color: Damson,,,,Wellington Warehouse,37350,37350,37350,52450,0,0,0.017785272
2,LVL 3,1770396427445,Saddle Pads 3,3,LeMieux Loire Classic Dressage Square Pad,Tack & Equipment > English Saddle Pads > Dressage Saddle Pads,IT07099066,Size: Cob,Color: Damson,,,,Wellington Warehouse,54770,54770,54770,76450,0,0,
3,BIN 1,1776787343289,Spurs,1,Ace PRO4MANCE Number ID,"Tack & Equipment > Bridles, Headstalls & Reins > English Bridles & Reins > Bridle Accessories",IDWHT,Color: White,,,,,Wellington Warehouse,17500,17500,17500,35000,0,0,0.019722685
4,BIN-04,1777314709514,Shelf 21,4,LeMieux Classic Ear Bonnet,Tack & Equipment > Ear Plugs & Bonnets > Bonnets,IT08142005,Size: Full,Color: Navy,,,,Wellington Warehouse,27380,27380,27380,39990,0,0,0.015093157
0,BIN-04,1777314709514,Shelf 21,4,LeMieux Loire Classic Ear Bonnet,Tack & Equipment > Ear Plugs & Bonnets > Bonnets,IT06966004,Size: Cob,Color: Juniper,,,,Wellington Warehouse,32350,32350,32350,44990,0,0,0.017382003
0,LVL 5,1771873985971,Sheets 4,5,Amigo Jersey Cooler,"Horse Wear > Blankets & Sheets > Coolers, Fleece & Covers",ACRJ44-BJI0-78,Size: 78-Inch,Color: Navy,,,,Wellington Warehouse,36370,36370,36370,82950,0,0,
4,LVL 2,1771436264206,Blankets 8,2,Amigo Bravo 12 Plus Turnout (100g Light),Horse Wear > Blankets & Sheets > Turnout Blankets & Sheets > Lightweight,AARPLF-BJI0-75,Color: Navy,Size: 75-Inch,,,,Wellington Warehouse,109120,109120,109120,247950,0,0,
0,LVL 5,1771873985971,Sheets 4,5,Amigo Jersey Cooler,"Horse Wear > Blankets & Sheets > Coolers, Fleece & Covers",ACRJ44-BJI0-72,Size: 72-Inch,Color: Navy,,,,Wellington Warehouse,36370,36370,36370,82950,0,0,
8,BIN-02,1776354991787,Grooming Small,2,Jack's Synthetic Sponge,Horse Care > Grooming & Bathing > Brushes & Tools > Sponges,513-L,Title: Default Title,,,,,Wellington Warehouse,0,0,0,3990,0,0,0.034269515
0,LVL 2,1771436264206,Blankets 8,2,Amigo Bravo 12 Plus Turnout (100g Light),Horse Wear > Blankets & Sheets > Turnout Blankets & Sheets > Lightweight,AARPLF-KJI0-81,Color: Black,Size: 81-Inch,,,,Wellington Warehouse,109120,109120,109120,247950,0,0,
2,BIN-02,1767553027608,Shelf 4,2,Ice-Vibe Knee Wrap,Tack & Equipment > Boots & Wraps > Therapeutic Boots,TAHKP1-KDA0-EA,Color: Black/Aqua,Size: One Size,,,,Wellington Warehouse,145500,145500,145500,329950,0,0,
8,LVL 2,1771436264206,Blankets 8,2,Amigo Bravo 12 Plus Turnout (100g Light),Horse Wear > Blankets & Sheets > Turnout Blankets & Sheets > Lightweight,AARPLF-BJI0-72,Color: Navy,Size: 72-Inch,,,,Wellington Warehouse,109120,109120,109120,247950,0,0,
1,LVL 3,1771436264207,Blankets 8,3,Amigo Bravo 12 Plus Turnout Sheet (0g Light),Horse Wear > Blankets & Sheets > Turnout Blankets & Sheets > Sheets,AARP70-BJI0-78,Color: Navy,Size: 78-Inch,,,,Wellington Warehouse,104270,104270,104270,236950,0,0,0.015069115
5,LVL 3,1771436264207,Blankets 8,3,Amigo Bravo 12 Plus Turnout Sheet (0g Light),Horse Wear > Blankets & Sheets > Turnout Blankets & Sheets > Sheets,AARP70-BJI0-75,Color: Navy,Size: 75-Inch,,,,Wellington Warehouse,104270,104270,104270,236950,0,0,
5,LVL 3,1771873985969,Sheets 4,3,Amigo Stable Sheet,Horse Wear > Blankets & Sheets > Stable Blankets & Sheets > Lightweight,ADRF22-BJI0-81,Size: 81-Inch,Color: Navy,,,,Wellington Warehouse,46070,46070,46070,104950,0,0,0.022350186
5,LVL 3,1771873985969,Sheets 4,3,Amigo Stable Sheet,Horse Wear > Blankets & Sheets > Stable Blankets & Sheets > Lightweight,ADRF22-BJI0-72,Size: 72-Inch,Color: Navy,,,,Wellington Warehouse,46070,46070,46070,104950,0,0,
7,LVL 2,1771436264206,Blankets 8,2,Amigo Bravo 12 Plus Turnout (100g Light),Horse Wear > Blankets & Sheets > Turnout Blankets & Sheets > Lightweight,AARPLF-BJI0-81,Color: Navy,Size: 81-Inch,,,,Wellington Warehouse,109120,109120,109120,247950,0,0,
7,LVL 2,1771436264206,Blankets 8,2,Amigo Bravo 12 Plus Turnout (100g Light),Horse Wear > Blankets & Sheets > Turnout Blankets & Sheets > Lightweight,AARPLF-KJI0-72,Color: Black,Size: 72-Inch,,,,Wellington Warehouse,109120,109120,109120,247950,0,0,
5,LVL 3,1771436264207,Blankets 8,3,Amigo Bravo 12 Plus Turnout Sheet (0g Light),Horse Wear > Blankets & Sheets > Turnout Blankets & Sheets > Sheets,AARP70-BJI0-72,Color: Navy,Size: 72-Inch,,,,Wellington Warehouse,104270,104270,104270,236950,0,0,
7,LVL 2,1771436264206,Blankets 8,2,Amigo Bravo 12 Plus Turnout (100g Light),Horse Wear > Blankets & Sheets > Turnout Blankets & Sheets > Lightweight,AARPLF-BJI0-78,Color: Navy,Size: 78-Inch,,,,Wellington Warehouse,109120,109120,109120,247950,0,0,
5,LVL 2,1771436264206,Blankets 8,2,Amigo Bravo 12 Plus Turnout (100g Light),Horse Wear > Blankets & Sheets > Turnout Blankets & Sheets > Lightweight,AARPLF-KJI0-78,Color: Black,Size: 78-Inch,,,,Wellington Warehouse,109120,109120,109120,247950,0,0,
3,LVL 3,1771873985969,Sheets 4,3,Amigo Stable Sheet,Horse Wear > Blankets & Sheets > Stable Blankets & Sheets > Lightweight,ADRF22-BJI0-84,Size: 84-Inch,Color: Navy,,,,Wellington Warehouse,46070,46070,46070,104950,0,0,0.032597337
5,LVL 3,1771436264207,Blankets 8,3,Amigo Bravo 12 Plus Turnout Sheet (0g Light),Horse Wear > Blankets & Sheets > Turnout Blankets & Sheets > Sheets,AARP70-KJI0-75,Color: Black,Size: 75-Inch,,,,Wellington Warehouse,104270,104270,104270,236950,0,0,
2,LVL 3,1771436264207,Blankets 8,3,Amigo Bravo 12 Plus Turnout Sheet (0g Light),Horse Wear > Blankets & Sheets > Turnout Blankets & Sheets > Sheets,AARP70-BJI0-81,Color: Navy,Size: 81-Inch,,,,Wellington Warehouse,104270,104270,104270,236950,0,0,
5,LVL 3,1771873985969,Sheets 4,3,Amigo Stable Sheet,Horse Wear > Blankets & Sheets > Stable Blankets & Sheets > Lightweight,ADRF22-BJI0-75,Size: 75-Inch,Color: Navy,,,,Wellington Warehouse,46070,46070,46070,104950,0,0,
2,LVL 3,1771873985969,Sheets 4,3,Amigo Stable Sheet,Horse Wear > Blankets & Sheets > Stable Blankets & Sheets > Lightweight,ADRF22-BJI0-69,Size: 69-Inch,Color: Navy,,,,Wellington Warehouse,46070,46070,46070,104950,0,0,0.045702886
3,LVL 2,1771436264206,Blankets 8,2,Amigo Bravo 12 Plus Turnout (100g Light),Horse Wear > Blankets & Sheets > Turnout Blankets & Sheets > Lightweight,AARPLF-KJI0-75,Color: Black,Size: 75-Inch,,,,Wellington Warehouse,109120,109120,109120,247950,0,0,
0,LVL 5,1771873985971,Sheets 4,5,Amigo Jersey Cooler,"Horse Wear > Blankets & Sheets > Coolers, Fleece & Covers",ACRJ44-BJI0-75,Size: 75-Inch,Color: Navy,,,,Wellington Warehouse,36370,36370,36370,82950,0,0,
6,LVL 3,1771436264207,Blankets 8,3,Amigo Bravo 12 Plus Turnout Sheet (0g Light),Horse Wear > Blankets & Sheets > Turnout Blankets & Sheets > Sheets,AARP70-KJI0-72,Color: Black,Size: 72-Inch,,,,Wellington Warehouse,104270,104270,104270,236950,0,0,
4,LVL 3,1771873985969,Sheets 4,3,Amigo Stable Sheet,Horse Wear > Blankets & Sheets > Stable Blankets & Sheets > Lightweight,ADRF22-BJI0-78,Size: 78-Inch,Color: Navy,,,,Wellington Warehouse,46070,46070,46070,104950,0,0,
5,LVL 1,1771787103042,Sheets 3,1,WeatherBeeta ComFiTec Plus Dynamic Turnout Detach-A-Neck 0G,Horse Wear > Blankets & Sheets > Turnout Blankets & Sheets > Lightweight,1029004008,Color: Forest Green/Navy,Size: 81-Inch,,,,Wellington Warehouse,102850,102850,102850,219990,0,0,
8,LVL 1 ,1771001977933,Blankets 6,1,WeatherBeeta ComFiTec Plus Dynamic Turnout Detach-A-Neck 220G,Horse Wear > Blankets & Sheets > Turnout Blankets & Sheets > Medium Weight,1029002004,Color: Forest Green/Navy,Size: 72-Inch,,,,Wellington Warehouse,107530,107530,107530,229990,0,0,
9,LVL 1 ,1771001977933,Blankets 6,1,WeatherBeeta ComFiTec Plus Dynamic Turnout Detach-A-Neck 220G,Horse Wear > Blankets & Sheets > Turnout Blankets & Sheets > Medium Weight,1029002016,Color: Navy/Forest Green,Size: 78-Inch,,,,Wellington Warehouse,107530,107530,107530,229990,0,0,
8,LVL 1 ,1771001977933,Blankets 6,1,WeatherBeeta ComFiTec Plus Dynamic Turnout Detach-A-Neck 220G,Horse Wear > Blankets & Sheets > Turnout Blankets & Sheets > Medium Weight,1029002007,Color: Forest Green/Navy,Size: 78-Inch,,,,Wellington Warehouse,107530,107530,107530,229990,0,0,
5,LVL 1,1771787103042,Sheets 3,1,WeatherBeeta ComFiTec Plus Dynamic Turnout Detach-A-Neck 0G,Horse Wear > Blankets & Sheets > Turnout Blankets & Sheets > Lightweight,1029004014,Color: Navy/Forest Green,Size: 75-Inch,,,,Wellington Warehouse,102850,102850,102850,219990,0,0,
4,LVL 1,1771787103042,Sheets 3,1,WeatherBeeta ComFiTec Plus Dynamic Turnout Detach-A-Neck 0G,Horse Wear > Blankets & Sheets > Turnout Blankets & Sheets > Lightweight,1029004016,Color: Navy/Forest Green,Size: 78-Inch,,,,Wellington Warehouse,102850,102850,102850,219990,0,0,
10,LVL 1 ,1771001977933,Blankets 6,1,WeatherBeeta ComFiTec Plus Dynamic Turnout Detach-A-Neck 220G,Horse Wear > Blankets & Sheets > Turnout Blankets & Sheets > Medium Weight,1029002014,Color: Navy/Forest Green,Size: 75-Inch,,,,Wellington Warehouse,107530,107530,107530,229990,0,0,
10,LVL 1 ,1771001977933,Blankets 6,1,WeatherBeeta ComFiTec Plus Dynamic Turnout Detach-A-Neck 220G,Horse Wear > Blankets & Sheets > Turnout Blankets & Sheets > Medium Weight,1029002013,Color: Navy/Forest Green,Size: 72-Inch,,,,Wellington Warehouse,107530,107530,107530,229990,0,0,
9,LVL 1 ,1771001977933,Blankets 6,1,WeatherBeeta ComFiTec Plus Dynamic Turnout Detach-A-Neck 220G,Horse Wear > Blankets & Sheets > Turnout Blankets & Sheets > Medium Weight,1029002005,Color: Forest Green/Navy,Size: 75-Inch,,,,Wellington Warehouse,107530,107530,107530,229990,0,0,
5,LVL 1,1771787103042,Sheets 3,1,WeatherBeeta ComFiTec Plus Dynamic Turnout Detach-A-Neck 0G,Horse Wear > Blankets & Sheets > Turnout Blankets & Sheets > Lightweight,1029004005,Color: Forest Green/Navy,Size: 75-Inch,,,,Wellington Warehouse,102850,102850,102850,219990,0,0,
10,LVL 1 ,1771001977933,Blankets 6,1,WeatherBeeta ComFiTec Plus Dynamic Turnout Detach-A-Neck 220G,Horse Wear > Blankets & Sheets > Turnout Blankets & Sheets > Medium Weight,1029002008,Color: Forest Green/Navy,Size: 81-Inch,,,,Wellington Warehouse,107530,107530,107530,229990,0,0,
4,LVL 1,1771787103042,Sheets 3,1,WeatherBeeta ComFiTec Plus Dynamic Turnout Detach-A-Neck 0G,Horse Wear > Blankets & Sheets > Turnout Blankets & Sheets > Lightweight,1029004013,Color: Navy/Forest Green,Size: 72-Inch,,,,Wellington Warehouse,102850,102850,102850,219990,0,0,
4,LVL 1,1771787103042,Sheets 3,1,WeatherBeeta ComFiTec Plus Dynamic Turnout Detach-A-Neck 0G,Horse Wear > Blankets & Sheets > Turnout Blankets & Sheets > Lightweight,1029004007,Color: Forest Green/Navy,Size: 78-Inch,,,,Wellington Warehouse,102850,102850,102850,219990,0,0,
5,LVL 1,1771787103042,Sheets 3,1,WeatherBeeta ComFiTec Plus Dynamic Turnout Detach-A-Neck 0G,Horse Wear > Blankets & Sheets > Turnout Blankets & Sheets > Lightweight,1029004004,Color: Forest Green/Navy,Size: 72-Inch,,,,Wellington Warehouse,102850,102850,102850,219990,0,0,
9,LVL 1 ,1771001977933,Blankets 6,1,WeatherBeeta ComFiTec Plus Dynamic Turnout Detach-A-Neck 220G,Horse Wear > Blankets & Sheets > Turnout Blankets & Sheets > Medium Weight,1029002017,Color: Navy/Forest Green,Size: 81-Inch,,,,Wellington Warehouse,107530,107530,107530,229990,0,0,
2,LVL 1,1771787103042,Sheets 3,1,WeatherBeeta ComFiTec Plus Dynamic Turnout Detach-A-Neck 0G,Horse Wear > Blankets & Sheets > Turnout Blankets & Sheets > Lightweight,1029004017,Color: Navy/Forest Green,Size: 81-Inch,,,,Wellington Warehouse,102850,102850,102850,219990,0,0,
0,BIN-03,1767812231220,Shelf 8,3,Rambo Slinky Hood,Horse Wear > Blankets & Sheets > Neck Covers & Hoods,AGHBZN-K000-SM,Color: Black,Size: Small,,,,Wellington Warehouse,41230,41230,41230,93950,0,0,
10,LVL 1,1771787103042,Sheets 3,1,WeatherBeeta ComFiTec Plus Dynamic Turnout Standard Neck 0G,Horse Wear > Blankets & Sheets > Turnout Blankets & Sheets > Lightweight,1029009014,Color: Navy/Forest Green,Size: 75-Inch,,,,Wellington Warehouse,79480,79480,79480,169990,0,0,
3,BIN-03,1767812231220,Shelf 8,3,Rambo Slinky Hood,Horse Wear > Blankets & Sheets > Neck Covers & Hoods,AGHBZN-K000-ME,Color: Black,Size: Medium,,,,Wellington Warehouse,41230,41230,41230,93950,0,0,0.014956397
9,LVL 1,1771787103042,Sheets 3,1,WeatherBeeta ComFiTec Plus Dynamic Turnout Standard Neck 0G,Horse Wear > Blankets & Sheets > Turnout Blankets & Sheets > Lightweight,1029009017,Color: Navy/Forest Green,Size: 81-Inch,,,,Wellington Warehouse,79480,79480,79480,169990,0,0,
10,LVL 1,1771787103042,Sheets 3,1,WeatherBeeta ComFiTec Plus Dynamic Turnout Standard Neck 0G,Horse Wear > Blankets & Sheets > Turnout Blankets & Sheets > Lightweight,1029009008,Color: Forest Green/Navy,Size: 81-Inch,,,,Wellington Warehouse,79480,79480,79480,169990,0,0,
2,BIN-03,1767812231220,Shelf 8,3,Rambo Slinky Hood,Horse Wear > Blankets & Sheets > Neck Covers & Hoods,AGHBZN-K000-LA,Color: Black,Size: Large,,,,Wellington Warehouse,41230,41230,41230,93950,0,0,0.014065075
9,LVL 1,1771787103042,Sheets 3,1,WeatherBeeta ComFiTec Plus Dynamic Turnout Standard Neck 0G,Horse Wear > Blankets & Sheets > Turnout Blankets & Sheets > Lightweight,1029009007,Color: Forest Green/Navy,Size: 78-Inch,,,,Wellington Warehouse,79480,79480,79480,169990,0,0,
4,BIN-03,1767812231220,Shelf 8,3,Rambo Slinky Hood,Horse Wear > Blankets & Sheets > Neck Covers & Hoods,AGHBZN-K000-XL,Color: Black,Size: X-Large,,,,Wellington Warehouse,41230,41230,41230,93950,0,0,
10,LVL 1,1771787103042,Sheets 3,1,WeatherBeeta ComFiTec Plus Dynamic Turnout Standard Neck 0G,Horse Wear > Blankets & Sheets > Turnout Blankets & Sheets > Lightweight,1029009016,Color: Navy/Forest Green,Size: 78-Inch,,,,Wellington Warehouse,79480,79480,79480,169990,0,0,
10,LVL 1,1771787103042,Sheets 3,1,WeatherBeeta ComFiTec Plus Dynamic Turnout Standard Neck 0G,Horse Wear > Blankets & Sheets > Turnout Blankets & Sheets > Lightweight,1029009005,Color: Forest Green/Navy,Size: 75-Inch,,,,Wellington Warehouse,79480,79480,79480,169990,0,0,
10,LVL 1,1771787103042,Sheets 3,1,WeatherBeeta ComFiTec Plus Dynamic Turnout Standard Neck 0G,Horse Wear > Blankets & Sheets > Turnout Blankets & Sheets > Lightweight,1029009013,Color: Navy/Forest Green,Size: 72-Inch,,,,Wellington Warehouse,79480,79480,79480,169990,0,0,
10,LVL 1,1771787103042,Sheets 3,1,WeatherBeeta ComFiTec Plus Dynamic Turnout Standard Neck 0G,Horse Wear > Blankets & Sheets > Turnout Blankets & Sheets > Lightweight,1029009004,Color: Forest Green/Navy,Size: 72-Inch,,,,Wellington Warehouse,79480,79480,79480,169990,0,0,
7,LVL 2,1771001977934,Blankets 6,2,WeatherBeeta ComFiTec Plus Dynamic Turnout Standard Neck 220G,Horse Wear > Blankets & Sheets > Turnout Blankets & Sheets > Medium Weight,1029007016,Color: Navy/Forest Green,Size: 78-Inch,,,,Wellington Warehouse,84150,84150,84150,179990,0,0,
9,LVL 1,1771787103042,Sheets 3,1,WeatherBeeta ComFiTec Plus Dynamic Turnout Standard Neck 100G,Horse Wear > Blankets & Sheets > Turnout Blankets & Sheets > Lightweight,1029008005,Color: Forest Green/Navy,Size: 75-Inch,,,,Wellington Warehouse,79480,79480,79480,169990,0,0,
10,LVL 2,1771001977934,Blankets 6,2,WeatherBeeta ComFiTec Plus Dynamic Turnout Standard Neck 220G,Horse Wear > Blankets & Sheets > Turnout Blankets & Sheets > Medium Weight,1029007007,Color: Forest Green/Navy,Size: 78-Inch,,,,Wellington Warehouse,84150,84150,84150,179990,0,0,
10,LVL 2,1771001977934,Blankets 6,2,WeatherBeeta ComFiTec Plus Dynamic Turnout Standard Neck 220G,Horse Wear > Blankets & Sheets > Turnout Blankets & Sheets > Medium Weight,1029007004,Color: Forest Green/Navy,Size: 72-Inch,,,,Wellington Warehouse,84150,84150,84150,179990,0,0,
9,LVL 1,1771787103042,Sheets 3,1,WeatherBeeta ComFiTec Plus Dynamic Turnout Standard Neck 100G,Horse Wear > Blankets & Sheets > Turnout Blankets & Sheets > Lightweight,1029008013,Color: Navy/Forest Green,Size: 72-Inch,,,,Wellington Warehouse,79480,79480,79480,169990,0,0,
9,LVL 2,1771001977934,Blankets 6,2,WeatherBeeta ComFiTec Plus Dynamic Turnout Standard Neck 220G,Horse Wear > Blankets & Sheets > Turnout Blankets & Sheets > Medium Weight,1029007008,Color: Forest Green/Navy,Size: 81-Inch,,,,Wellington Warehouse,84150,84150,84150,179990,0,0,
9,LVL 1,1771787103042,Sheets 3,1,WeatherBeeta ComFiTec Plus Dynamic Turnout Standard Neck 100G,Horse Wear > Blankets & Sheets > Turnout Blankets & Sheets > Lightweight,1029008017,Color: Navy/Forest Green,Size: 81-Inch,,,,Wellington Warehouse,79480,79480,79480,169990,0,0,
8,LVL 1,1771787103042,Sheets 3,1,WeatherBeeta ComFiTec Plus Dynamic Turnout Standard Neck 100G,Horse Wear > Blankets & Sheets > Turnout Blankets & Sheets > Lightweight,1029008014,Color: Navy/Forest Green,Size: 75-Inch,,,,Wellington Warehouse,79480,79480,79480,169990,0,0,
10,LVL 2,1771001977934,Blankets 6,2,WeatherBeeta ComFiTec Plus Dynamic Turnout Standard Neck 220G,Horse Wear > Blankets & Sheets > Turnout Blankets & Sheets > Medium Weight,1029007005,Color: Forest Green/Navy,Size: 75-Inch,,,,Wellington Warehouse,84150,84150,84150,179990,0,0,
90,ROW 3 : LVL 5,1774281226568,Supplements 2,5,Equine Elixirs Chug,Horse Care > Supplements > Electrolytes & Salt,EECHUG12,Size: Small (12 Servings),,,,,Wellington Warehouse,12000,12000,12000,24000,0,0,
23,ROW 4 : LVL 2,1774281147462,Supplements 2,2,Equine Elixirs Chug,Horse Care > Supplements > Electrolytes & Salt,EECHUG12,Size: Small (12 Servings),,,,,Wellington Warehouse,12000,12000,12000,24000,0,0,
9,LVL 2,1771001977934,Blankets 6,2,WeatherBeeta ComFiTec Plus Dynamic Turnout Standard Neck 220G,Horse Wear > Blankets & Sheets > Turnout Blankets & Sheets > Medium Weight,1029007014,Color: Navy/Forest Green,Size: 75-Inch,,,,Wellington Warehouse,84150,84150,84150,179990,0,0,
10,LVL 1,1771787103042,Sheets 3,1,WeatherBeeta ComFiTec Plus Dynamic Turnout Standard Neck 100G,Horse Wear > Blankets & Sheets > Turnout Blankets & Sheets > Lightweight,1029008007,Color: Forest Green/Navy,Size: 78-Inch,,,,Wellington Warehouse,79480,79480,79480,169990,0,0,
8,LVL 1,1771787103042,Sheets 3,1,WeatherBeeta ComFiTec Plus Dynamic Turnout Standard Neck 100G,Horse Wear > Blankets & Sheets > Turnout Blankets & Sheets > Lightweight,1029008016,Color: Navy/Forest Green,Size: 78-Inch,,,,Wellington Warehouse,79480,79480,79480,169990,0,0,
10,LVL 2,1771001977934,Blankets 6,2,WeatherBeeta ComFiTec Plus Dynamic Turnout Standard Neck 220G,Horse Wear > Blankets & Sheets > Turnout Blankets & Sheets > Medium Weight,1029007013,Color: Navy/Forest Green,Size: 72-Inch,,,,Wellington Warehouse,84150,84150,84150,179990,0,0,
10,LVL 1,1771787103042,Sheets 3,1,WeatherBeeta ComFiTec Plus Dynamic Turnout Standard Neck 100G,Horse Wear > Blankets & Sheets > Turnout Blankets & Sheets > Lightweight,1029008008,Color: Forest Green/Navy,Size: 81-Inch,,,,Wellington Warehouse,79480,79480,79480,169990,0,0,
7,LVL 1,1771787103042,Sheets 3,1,WeatherBeeta ComFiTec Plus Dynamic Turnout Standard Neck 100G,Horse Wear > Blankets & Sheets > Turnout Blankets & Sheets > Lightweight,1029008004,Color: Forest Green/Navy,Size: 72-Inch,,,,Wellington Warehouse,79480,79480,79480,169990,0,0,
10,LVL 2,1771001977934,Blankets 6,2,WeatherBeeta ComFiTec Plus Dynamic Turnout Standard Neck 220G,Horse Wear > Blankets & Sheets > Turnout Blankets & Sheets > Medium Weight,1029007017,Color: Navy/Forest Green,Size: 81-Inch,,,,Wellington Warehouse,84150,84150,84150,179990,0,0,
4,LVL 3,1771259569148,Blankets 7,3,Rambo Stable Blanket (100g Light) - Embossed Lining,Horse Wear > Blankets & Sheets > Stable Blankets & Sheets > Lightweight,ABAAB2-KJJI-78,Color: Black,Size: 78-Inch,,,,Wellington Warehouse,70530,70530,70530,154950,0,0,
5,LVL 3,1771001977935,Blankets 6,3,WeatherBeeta ComFiTec Ultra Turnout Standard Neck 220G,Horse Wear > Blankets & Sheets > Turnout Blankets & Sheets > Medium Weight,1029068003,Color: Charcoal,Size: 75-Inch,,,,Wellington Warehouse,126500,126500,126500,229990,0,0,
10,LVL 3,1771001977935,Blankets 6,3,WeatherBeeta ComFiTec Ultra Turnout Standard Neck 220G,Horse Wear > Blankets & Sheets > Turnout Blankets & Sheets > Medium Weight,1029068009,Color: Navy,Size: 75-Inch,,,,Wellington Warehouse,126500,126500,126500,229990,0,0,
1,LVL 2,1770740443979,Blankets 2,2,Rambo Supreme 1680D Vari-Layer Turnout (250g Medium),Horse Wear > Blankets & Sheets > Turnout Blankets & Sheets > Medium Weight,AAAX02-KJJI-78,Color: Black,Size: 78,,,,Wellington Warehouse,200200,200200,200200,483950,0,0,
2,LVL 2,1770740443979,Blankets 2,2,Rambo Supreme 1680D Vari-Layer Turnout (250g Medium),Horse Wear > Blankets & Sheets > Turnout Blankets & Sheets > Medium Weight,AAAX02-BJJI-78,Color: Navy,Size: 78,,,,Wellington Warehouse,200200,200200,200200,483950,0,0,
6,LVL 3,1771259569148,Blankets 7,3,Rambo Stable Blanket (100g Light) - Embossed Lining,Horse Wear > Blankets & Sheets > Stable Blankets & Sheets > Lightweight,ABAAB2-KJJI-75,Color: Black,Size: 75-Inch,,,,Wellington Warehouse,70530,70530,70530,154950,0,0,
10,LVL 3,1771001977935,Blankets 6,3,WeatherBeeta ComFiTec Ultra Turnout Standard Neck 220G,Horse Wear > Blankets & Sheets > Turnout Blankets & Sheets > Medium Weight,1029068002,Color: Charcoal,Size: 72-Inch,,,,Wellington Warehouse,126500,126500,126500,229990,0,0,
7,LVL 2,1771436264206,Blankets 8,2,Amigo Bravo 12 Plus Turnout (250g Medium),Horse Wear > Blankets & Sheets > Turnout Blankets & Sheets > Medium Weight,AARP72-KJI0-72,Color: Black,Size: 72-Inch,,,,Wellington Warehouse,104650,104650,104650,252950,0,0,
3,LVL 2,1770050955928,Blankets 3,2,Rambo Supreme 1680D Vari-Layer Turnout (450g Heavy),Horse Wear > Blankets & Sheets > Turnout Blankets & Sheets > Heavy Weight,AAAX03-KJJI-75,Color: Black,Size: 75,,,,Wellington Warehouse,204750,204750,204750,494950,0,0,
3,LVL 2,1770740443979,Blankets 2,2,Rambo Supreme 1680D Vari-Layer Turnout (250g Medium),Horse Wear > Blankets & Sheets > Turnout Blankets & Sheets > Medium Weight,AAAX02-BJJI-72,Color: Navy,Size: 72,,,,Wellington Warehouse,200200,200200,200200,483950,0,0,
0,LVL 2,1771436264206,Blankets 8,2,Amigo Bravo 12 Plus Turnout (250g Medium),Horse Wear > Blankets & Sheets > Turnout Blankets & Sheets > Medium Weight,AARP72-KJI0-81,Color: Black,Size: 81-Inch,,,,Wellington Warehouse,104650,104650,104650,252950,0,0,0.011658724
10,LVL 3,1771001977935,Blankets 6,3,WeatherBeeta ComFiTec Ultra Turnout Standard Neck 220G,Horse Wear > Blankets & Sheets > Turnout Blankets & Sheets > Medium Weight,1029068011,Color: Navy,Size: 81-Inch,,,,Wellington Warehouse,126500,126500,126500,229990,0,0,
3,LVL 2,1770050955928,Blankets 3,2,Rambo Supreme 1680D Vari-Layer Turnout (450g Heavy),Horse Wear > Blankets & Sheets > Turnout Blankets & Sheets > Heavy Weight,AAAX03-KJJI-72,Color: Black,Size: 72,,,,Wellington Warehouse,204750,204750,204750,494950,0,0,
1,LVL 2,1770050955928,Blankets 3,2,Rambo Supreme 1680D Vari-Layer Turnout (450g Heavy),Horse Wear > Blankets & Sheets > Turnout Blankets & Sheets > Heavy Weight,AAAX03-KJJI-81,Color: Black,Size: 81,,,,Wellington Warehouse,204750,204750,204750,494950,0,0,
2,LVL 2,1771259569147,Blankets 7,2,Rambo Stable Blanket (200g Medium) - Embossed Lining,Horse Wear > Blankets & Sheets > Stable Blankets & Sheets > Medium Weight,ABAAAG-KJJI-81,Color: Black,Size: 81-Inch,,,,Wellington Warehouse,75080,75080,75080,164950,0,0,
6,LVL 2,1771436264206,Blankets 8,2,Amigo Bravo 12 Plus Turnout (250g Medium),Horse Wear > Blankets & Sheets > Turnout Blankets & Sheets > Medium Weight,AARP72-BJI0-75,Color: Navy,Size: 75-Inch,,,,Wellington Warehouse,104650,104650,104650,252950,0,0,
0,LVL 2,1770740443979,Blankets 2,2,Rambo Supreme 1680D Vari-Layer Turnout (250g Medium),Horse Wear > Blankets & Sheets > Turnout Blankets & Sheets > Medium Weight,AAAX02-BJJI-81,Color: Navy,Size: 81,,,,Wellington Warehouse,200200,200200,200200,483950,0,0,0.014848863
5,LVL 3,1771259569148,Blankets 7,3,Rambo Stable Blanket (100g Light) - Embossed Lining,Horse Wear > Blankets & Sheets > Stable Blankets & Sheets > Lightweight,ABAAB2-KJJI-72,Color: Black,Size: 72-Inch,,,,Wellington Warehouse,70530,70530,70530,154950,0,0,
1,LVL 2,1770740443979,Blankets 2,2,Rambo Supreme 1680D Vari-Layer Turnout (250g Medium),Horse Wear > Blankets & Sheets > Turnout Blankets & Sheets > Medium Weight,AAAX02-KJJI-81,Color: Black,Size: 81,,,,Wellington Warehouse,200200,200200,200200,483950,0,0,
2,LVL 2,1770740443979,Blankets 2,2,Rambo Supreme 1680D Vari-Layer Turnout (250g Medium),Horse Wear > Blankets & Sheets > Turnout Blankets & Sheets > Medium Weight,AAAX02-KJJI-75,Color: Black,Size: 75,,,,Wellington Warehouse,200200,200200,200200,483950,0,0,
1,LVL 2,1770740443979,Blankets 2,2,Rambo Supreme 1680D Vari-Layer Turnout (250g Medium),Horse Wear > Blankets & Sheets > Turnout Blankets & Sheets > Medium Weight,AAAX02-BJJI-75,Color: Navy,Size: 75,,,,Wellington Warehouse,200200,200200,200200,483950,0,0,
2,LVL 2,1770050955928,Blankets 3,2,Rambo Supreme 1680D Vari-Layer Turnout (450g Heavy),Horse Wear > Blankets & Sheets > Turnout Blankets & Sheets > Heavy Weight,AAAX03-KJJI-78,Color: Black,Size: 78,,,,Wellington Warehouse,204750,204750,204750,494950,0,0,
5,LVL 2,1771259569147,Blankets 7,2,Rambo Stable Blanket (200g Medium) - Embossed Lining,Horse Wear > Blankets & Sheets > Stable Blankets & Sheets > Medium Weight,ABAAAG-KJJI-72,Color: Black,Size: 72-Inch,,,,Wellington Warehouse,75080,75080,75080,164950,0,0,
10,LVL 3,1771001977935,Blankets 6,3,WeatherBeeta ComFiTec Ultra Turnout Standard Neck 220G,Horse Wear > Blankets & Sheets > Turnout Blankets & Sheets > Medium Weight,1029068010,Color: Navy,Size: 78-Inch,,,,Wellington Warehouse,126500,126500,126500,229990,0,0,
10,LVL 3,1771001977935,Blankets 6,3,WeatherBeeta ComFiTec Ultra Turnout Standard Neck 220G,Horse Wear > Blankets & Sheets > Turnout Blankets & Sheets > Medium Weight,1029068004,Color: Charcoal,Size: 78-Inch,,,,Wellington Warehouse,126500,126500,126500,229990,0,0,
1,LVL 3,1771259569148,Blankets 7,3,Rambo Stable Blanket (100g Light) - Embossed Lining,Horse Wear > Blankets & Sheets > Stable Blankets & Sheets > Lightweight,ABAAB2-KJJI-81,Color: Black,Size: 81-Inch,,,,Wellington Warehouse,70530,70530,70530,154950,0,0,
0,LVL 2,1771436264206,Blankets 8,2,Amigo Bravo 12 Plus Turnout (250g Medium),Horse Wear > Blankets & Sheets > Turnout Blankets & Sheets > Medium Weight,AARP72-KJI0-78,Color: Black,Size: 78-Inch,,,,Wellington Warehouse,104650,104650,104650,252950,0,0,
3,LVL 2,1771259569147,Blankets 7,2,Rambo Stable Blanket (200g Medium) - Embossed Lining,Horse Wear > Blankets & Sheets > Stable Blankets & Sheets > Medium Weight,ABAAAG-KJJI-75,Color: Black,Size: 75-Inch,,,,Wellington Warehouse,75080,75080,75080,164950,0,0,
3,LVL 2,1770050955928,Blankets 3,2,Rambo Supreme 1680D Vari-Layer Turnout (450g Heavy),Horse Wear > Blankets & Sheets > Turnout Blankets & Sheets > Heavy Weight,AAAX03-BJJI-72,Color: Navy,Size: 72,,,,Wellington Warehouse,204750,204750,204750,494950,0,0,
1,LVL 2,1770050955928,Blankets 3,2,Rambo Supreme 1680D Vari-Layer Turnout (450g Heavy),Horse Wear > Blankets & Sheets > Turnout Blankets & Sheets > Heavy Weight,AAAX03-BJJI-78,Color: Navy,Size: 78,,,,Wellington Warehouse,204750,204750,204750,494950,0,0,
3,LVL 2,1770740443979,Blankets 2,2,Rambo Supreme 1680D Vari-Layer Turnout (250g Medium),Horse Wear > Blankets & Sheets > Turnout Blankets & Sheets > Medium Weight,AAAX02-KJJI-72,Color: Black,Size: 72,,,,Wellington Warehouse,200200,200200,200200,483950,0,0,
7,LVL 2,1771436264206,Blankets 8,2,Amigo Bravo 12 Plus Turnout (250g Medium),Horse Wear > Blankets & Sheets > Turnout Blankets & Sheets > Medium Weight,AARP72-KJI0-75,Color: Black,Size: 75-Inch,,,,Wellington Warehouse,104650,104650,104650,252950,0,0,
10,LVL 3,1771001977935,Blankets 6,3,WeatherBeeta ComFiTec Ultra Turnout Standard Neck 220G,Horse Wear > Blankets & Sheets > Turnout Blankets & Sheets > Medium Weight,1029068005,Color: Charcoal,Size: 81-Inch,,,,Wellington Warehouse,126500,126500,126500,229990,0,0,
1,LVL 2,1770050955928,Blankets 3,2,Rambo Supreme 1680D Vari-Layer Turnout (450g Heavy),Horse Wear > Blankets & Sheets > Turnout Blankets & Sheets > Heavy Weight,AAAX03-BJJI-75,Color: Navy,Size: 75,,,,Wellington Warehouse,204750,204750,204750,494950,0,0,
10,LVL 3,1771001977935,Blankets 6,3,WeatherBeeta ComFiTec Ultra Turnout Standard Neck 220G,Horse Wear > Blankets & Sheets > Turnout Blankets & Sheets > Medium Weight,1029068008,Color: Navy,Size: 72-Inch,,,,Wellington Warehouse,126500,126500,126500,229990,0,0,
6,LVL 3,1770131722586,Blankets 1,3,Rhino Plus Vari-Layer Turnout (450g Heavy),Horse Wear > Blankets & Sheets > Turnout Blankets & Sheets > Heavy Weight,AABPV4-BJD0-72,Color: Navy,Size: 72-Inch,,,,Wellington Warehouse,131950,131950,131950,319950,0,0,
3,LVL 3,1770131722586,Blankets 1,3,Rhino Plus Vari-Layer Turnout (450g Heavy),Horse Wear > Blankets & Sheets > Turnout Blankets & Sheets > Heavy Weight,AABPV4-BJD0-75,Color: Navy,Size: 75-Inch,,,,Wellington Warehouse,131950,131950,131950,319950,0,0,
1,Other,1777650559284,C,1,Yagya Logo Cap,Rider > Accessories & Apparel > Hats,1000000000931,Color: Grey,,,,,Wellington Warehouse,14000,14000,14000,50000,0,0,0.013276944
0,Shirts,1777650559287,C,1,Yagya Lightweight Long Sleeve,Rider > Accessories & Apparel > Shirts,1000000001148,Size: Large,Color: Dark Brown,,,,Wellington Warehouse,55000,55000,55000,160000,0,0,
13,ROW 4 : LVL 1,1774281545041,Grooming,1,Bex Bar Soap Co. Shampoo Bar,"Horse Care > Grooming & Bathing > Shampoos, Conditioners, & Sprays > Shampoos",BBSHAMPCS,Scent: Citrus Splash,,,,,Wellington Warehouse,10000,10000,10000,19990,0,0,
0,Shirts,1777650559287,C,1,Yagya Timeless Show Shirt,Rider > Accessories & Apparel > Shirts,1000000001304,Size: Large,Color: White/White,,,,Wellington Warehouse,80000,80000,80000,230000,0,0,
0,Shirts,1777650559287,C,1,Yagya Timeless Show Shirt,Rider > Accessories & Apparel > Shirts,1000000001302,Size: Small,Color: White/White,,,,Wellington Warehouse,80000,80000,80000,230000,0,0,
23,ROW 4 : LVL 1,1774281545041,Grooming,1,Bex Bar Soap Co. Shampoo Bar,"Horse Care > Grooming & Bathing > Shampoos, Conditioners, & Sprays > Shampoos",BBSHAMPBB,Scent: Bergamot Breeze,,,,,Wellington Warehouse,10000,10000,10000,19990,0,0,
0,Shirts,1777650559287,C,1,Yagya Timeless Show Shirt,Rider > Accessories & Apparel > Shirts,1000000001303,Size: Medium,Color: White/White,,,,Wellington Warehouse,80000,80000,80000,230000,0,0,0.021374153
0,Shirts,1777650559287,C,1,Yagya Timeless Show Shirt,Rider > Accessories & Apparel > Shirts,1000000001301,Size: XS,Color: White/White,,,,Wellington Warehouse,80000,80000,80000,230000,0,0,
22,ROW 4 : LVL 1,1774281545041,Grooming,1,Bex Bar Soap Co. Shampoo Bar,"Horse Care > Grooming & Bathing > Shampoos, Conditioners, & Sprays > Shampoos",BBSHAMPER,Scent: Eucalyptus Rain,,,,,Wellington Warehouse,10000,10000,10000,19990,0,0,
0,BIN 1,1776787262019,Bits 1,1,AJR Sport Hard Rubber Mullen Baby Pelham Bit,Tack & Equipment > Bits > English Bits,PHRMB1113,Size: 135mm,,,,,Wellington Warehouse,71500,71500,71500,130000,0,0,
1,BIN 1,1776787262019,Bits 1,1,AJR Sport Hard Rubber Port D Bit,Tack & Equipment > Bits > English Bits,DHRP5026,Size: 135 mm,,,,,Wellington Warehouse,0,0,0,130000,0,0,
0,BIN 1,1776787262019,Bits 1,1,AJR Sport Hard Rubber Port Kimberwick Bit,Tack & Equipment > Bits > English Bits,KHRP1405,Size: 135 mm,,,,,Wellington Warehouse,122000,122000,122000,167000,0,0,0.014889283
0,BIN 1,1776787262019,Bits 1,1,AJR Sport Hard Rubber Mullen Full Cheek Bit,Tack & Equipment > Bits > English Bits,FCHRM3071,Size: 135mm,,,,,Wellington Warehouse,71500,71500,71500,130000,0,0,
1,BIN 1,1776787262019,Bits 1,1,AJR Sport Hard Rubber Mullen D Bit,Tack & Equipment > Bits > English Bits,DHRM5071,Size: 135mm,,,,,Wellington Warehouse,71500,71500,71500,130000,0,0,
0,BIN 1,1776787262019,Bits 1,1,AJR Sport Hard Rubber Mullen Kimberwick Bit,Tack & Equipment > Bits > English Bits,KHRM1112,Size: 135mm,,,,,Wellington Warehouse,71500,71500,71500,130000,0,0,
1,BIN 1,1776787262019,Bits 1,1,AJR Sport Hard Rubber Port Full Cheek Bit,Tack & Equipment > Bits > English Bits,FCHRP3072,Size: 135 mm,,,,,Wellington Warehouse,74250,74250,74250,135000,0,0,
2,BIN 1,1776787262019,Bits 1,1,AJR Sport Hard Rubber Mullen Pelham,Tack & Equipment > Bits > English Bits,PHRM1112,Size: 135mm,,,,,Wellington Warehouse,71500,71500,71500,130000,0,0,
0,BIN 1,1776787343289,Spurs,1,AJR Sport Block End Stainless Steel Spur,Tack & Equipment > Spurs & Straps > English Spurs,SPBE35,Size: 35mm,,,,,Wellington Warehouse,43500,43500,43500,75000,0,0,
0,BIN 1,1776787343289,Spurs,1,AJR Sport Matte Black Square End Spur (Block Design),Tack & Equipment > Spurs & Straps > English Spurs,SPMBS35,Size: 35mm,,,,,Wellington Warehouse,49500,49500,49500,90000,0,0,
0,BIN 1,1776787343289,Spurs,1,AJR Sport Matte Black Prince of Wales Spur,Tack & Equipment > Spurs & Straps > English Spurs,SPMBP35,Size: 35 mm,,,,,Wellington Warehouse,41250,41250,41250,75000,0,0,
0,BIN 1,1776787343289,Spurs,1,AJR Sport Rubber Grip Round End Spur,Tack & Equipment > Spurs & Straps > English Spurs,SPRG25,Size: 25mm,,,,,Wellington Warehouse,46400,46400,46400,80000,0,0,
0,BIN 1,1776787343289,Spurs,1,AJR Sport Matte Black Round End Spur,Tack & Equipment > Spurs & Straps > English Spurs,SPMBE25,Size: 25mm,,,,,Wellington Warehouse,46750,46750,46750,85000,0,0,
0,BIN 1,1776787343289,Spurs,1,AJR Sport Rubber Grip Round End Spur,Tack & Equipment > Spurs & Straps > English Spurs,SPRG35,Size: 35mm,,,,,Wellington Warehouse,46400,46400,46400,80000,0,0,
0,BIN 1,1776787343289,Spurs,1,AJR Sport Hammerhead Thick Spur,Tack & Equipment > Spurs & Straps > English Spurs,SPHT35,Size: 35mm,,,,,Wellington Warehouse,43500,43500,43500,75000,0,0,0.020111514
0,BIN 1,1776787343289,Spurs,1,AJR Sport Hammerhead Thin Spur,Tack & Equipment > Spurs & Straps > English Spurs,SPTHIN25,Size: 25mm,,,,,Wellington Warehouse,43500,43500,43500,75000,0,0,
1,BIN 1,1776787343289,Spurs,1,AJR Sport Rubber Grip Round End Spur,Tack & Equipment > Spurs & Straps > English Spurs,SPRG15,Size: 15mm,,,,,Wellington Warehouse,46400,46400,46400,80000,0,0,
1,BIN 1,1776787343289,Spurs,1,AJR Sport Block End Stainless Steel Spur,Tack & Equipment > Spurs & Straps > English Spurs,SPBE15,Size: 15mm,,,,,Wellington Warehouse,43500,43500,43500,75000,0,0,
0,BIN 1,1776787343289,Spurs,1,AJR Sport Matte Black Prince of Wales Spur,Tack & Equipment > Spurs & Straps > English Spurs,SPMBP15,Size: 15 mm,,,,,Wellington Warehouse,41250,41250,41250,75000,0,0,
0,BIN 1,1776787343289,Spurs,1,AJR Sport Block End Stainless Steel Spur,Tack & Equipment > Spurs & Straps > English Spurs,SPBE25,Size: 25mm,,,,,Wellington Warehouse,43500,43500,43500,75000,0,0,
1,BIN 1,1776787343289,Spurs,1,AJR Sport Hammerhead Thin Spur,Tack & Equipment > Spurs & Straps > English Spurs,SPTHIN15,Size: 15mm,,,,,Wellington Warehouse,43500,43500,43500,75000,0,0,
0,BIN 1,1776787343289,Spurs,1,AJR Sport Matte Black Square End Spur (Block Design),Tack & Equipment > Spurs & Straps > English Spurs,SPMBS25,Size: 25mm,,,,,Wellington Warehouse,49500,49500,49500,90000,0,0,
0,BIN 1,1776787343289,Spurs,1,AJR Sport Rubber Covered Block Spur,Tack & Equipment > Spurs & Straps > English Spurs,SPRCB15,Size: 15mm,,,,,Wellington Warehouse,50460,50460,50460,87000,0,0,
0,BIN 1,1776787343289,Spurs,1,AJR Sport Hammerhead Thin Spur,Tack & Equipment > Spurs & Straps > English Spurs,SPTHIN35,Size: 35mm,,,,,Wellington Warehouse,43500,43500,43500,75000,0,0,
1,BIN 1,1776787343289,Spurs,1,AJR Sport Hammerhead Thick Spur,Tack & Equipment > Spurs & Straps > English Spurs,SPHT15,Size: 15mm,,,,,Wellington Warehouse,43500,43500,43500,75000,0,0,
0,BIN 1,1776787343289,Spurs,1,AJR Sport Matte Black Square End Spur (Block Design),Tack & Equipment > Spurs & Straps > English Spurs,SPMBS15,Size: 15mm,,,,,Wellington Warehouse,49500,49500,49500,90000,0,0,
0,BIN 1,1776787343289,Spurs,1,AJR Sport Matte Black Prince of Wales Spur,Tack & Equipment > Spurs & Straps > English Spurs,SPMBP25,Size: 25 mm,,,,,Wellington Warehouse,41250,41250,41250,75000,0,0,
0,BIN 1,1776787343289,Spurs,1,AJR Sport Rubber Covered Block Spur,Tack & Equipment > Spurs & Straps > English Spurs,SPRCB35,Size: 35mm,,,,,Wellington Warehouse,50460,50460,50460,87000,0,0,
0,BIN 1,1776787343289,Spurs,1,AJR Sport Matte Black Round End Spur,Tack & Equipment > Spurs & Straps > English Spurs,SPMBE15,Size: 15mm,,,,,Wellington Warehouse,46750,46750,46750,85000,0,0,
0,BIN 1,1776787343289,Spurs,1,AJR Sport UFO Spur,Tack & Equipment > Spurs & Straps > English Spurs,SPUFO30,Size: 30mm,,,,,Wellington Warehouse,46400,46400,46400,80000,0,0,
1,BIN 1,1776787343289,Spurs,1,AJR Sport Stainless Steel Roller Ball Horizontal Spur,Tack & Equipment > Spurs & Straps > English Spurs,SPRBH25,Size: 25mm,,,,,Wellington Warehouse,37700,37700,37700,65000,0,0,0.01245373
1,BIN 1,1776787343289,Spurs,1,AJR Sport Smooth Rowel Spur Vertical,Tack & Equipment > Spurs & Straps > English Spurs,SPSRSV25,Size: 25mm,,,,,Wellington Warehouse,46400,46400,46400,80000,0,0,
0,BIN-04,1768845014312,Shelf 13,4,AJR Sport Anatomic Jumper Bridle,"Tack & Equipment > Bridles, Headstalls & Reins > English Bridles & Reins > Bridles",BRD-019-C,Color: Brown,Size: Cob,,,,Wellington Warehouse,196620,196620,196620,339000,0,0,
1,BIN 1,1776787343289,Spurs,1,AJR Sport TeffleX Vertical Roller Spur,Tack & Equipment > Spurs & Straps > English Spurs,SPTV35,Size: 35mm,,,,,Wellington Warehouse,50460,50460,50460,87000,0,0,
0,BIN 1,1776787343289,Spurs,1,AJR Sport Stainless Steel Roller Ball Vertical Spur,Tack & Equipment > Spurs & Straps > English Spurs,SPRBV35,SIze: 35mm,,,,,Wellington Warehouse,37700,37700,37700,65000,0,0,
0,BIN 1,1776787343289,Spurs,1,AJR Sport TeffleX Horizontal Roller Spur,Tack & Equipment > Spurs & Straps > English Spurs,SPTH35,Size: 35mm,,,,,Wellington Warehouse,50460,50460,50460,87000,0,0,
0,BIN 1,1776787343289,Spurs,1,AJR Sport Stainless Steel Roller Ball Vertical Spur,Tack & Equipment > Spurs & Straps > English Spurs,SPRBV30,SIze: 30mm,,,,,Wellington Warehouse,37700,37700,37700,65000,0,0,
0,BIN 1,1776787343289,Spurs,1,AJR Sport UFO Spur,Tack & Equipment > Spurs & Straps > English Spurs,SPUFO35,Size: 35mm,,,,,Wellington Warehouse,46400,46400,46400,80000,0,0,
0,BIN 1,1776787343289,Spurs,1,AJR Sport Smooth Rowel Spur Vertical,Tack & Equipment > Spurs & Straps > English Spurs,SPSRSV35,Size: 35mm,,,,,Wellington Warehouse,46400,46400,46400,80000,0,0,
1,BIN 1,1776787343289,Spurs,1,AJR Sport Stainless Steel Roller Ball Vertical Spur,Tack & Equipment > Spurs & Straps > English Spurs,SPRBV25,SIze: 25mm,,,,,Wellington Warehouse,37700,37700,37700,65000,0,0,
0,BIN 1,1776787343289,Spurs,1,AJR Sport Stainless Steel Roller Ball Horizontal Spur,Tack & Equipment > Spurs & Straps > English Spurs,SPRBH035,Size: 35mm,,,,,Wellington Warehouse,37700,37700,37700,65000,0,0,
0,BIN 1,1776787343289,Spurs,1,AJR Sport Stainless Steel Roller Ball Horizontal Spur,Tack & Equipment > Spurs & Straps > English Spurs,SPRBH30,Size: 30mm,,,,,Wellington Warehouse,37700,37700,37700,65000,0,0,
0,BIN 1,1776787343289,Spurs,1,AJR Sport Smooth Rowel Spur Vertical,Tack & Equipment > Spurs & Straps > English Spurs,SPSRSV30,Size: 30mm,,,,,Wellington Warehouse,46400,46400,46400,80000,0,0,
0,BIN 1,1776787343289,Spurs,1,AJR Sport Smooth Rowel Horizontal Spur,Tack & Equipment > Spurs & Straps > English Spurs,SPRH25,Size: 25mm,,,,,Wellington Warehouse,46400,46400,46400,80000,0,0,
0,BIN-04,1768845014312,Shelf 13,4,AJR Sport Anatomic Jumper Bridle,"Tack & Equipment > Bridles, Headstalls & Reins > English Bridles & Reins > Bridles",BRD-019-F,Color: Brown,Size: Full,,,,Wellington Warehouse,196620,196620,196620,339000,0,0,
0,BIN 1,1776787343289,Spurs,1,AJR Sport Smooth Rowel Horizontal Spur,Tack & Equipment > Spurs & Straps > English Spurs,SPRH35,Size: 35mm,,,,,Wellington Warehouse,46400,46400,46400,80000,0,0,
0,BIN 1,1776787343289,Spurs,1,AJR Sport TeffleX Vertical Roller Spur,Tack & Equipment > Spurs & Straps > English Spurs,SPTV30,Size: 30mm,,,,,Wellington Warehouse,50460,50460,50460,87000,0,0,
0,BIN 1,1776787343289,Spurs,1,AJR Sport Smooth Rowel Horizontal Spur,Tack & Equipment > Spurs & Straps > English Spurs,SPRH30,Size: 30mm,,,,,Wellington Warehouse,46400,46400,46400,80000,0,0,
0,BIN 1,1776787343289,Spurs,1,AJR Sport Stainless Steel Square End Spur (Block Design),Tack & Equipment > Spurs & Straps > English Spurs,SPSSE35,Size: 35mm,,,,,Wellington Warehouse,49300,49300,49300,85000,0,0,
1,BIN 1,1776787343289,Spurs,1,AJR Sport TeffleX Horizontal Roller Spur,Tack & Equipment > Spurs & Straps > English Spurs,SPTH25,Size: 25mm,,,,,Wellington Warehouse,50460,50460,50460,87000,0,0,
0,BIN 1,1776787343289,Spurs,1,AJR Sport Stainless Steel Square End Spur (Block Design),Tack & Equipment > Spurs & Straps > English Spurs,SPSSE25,Size: 25mm,,,,,Wellington Warehouse,49300,49300,49300,85000,0,0,
0,BIN 1,1776787343289,Spurs,1,AJR Sport TeffleX Horizontal Roller Spur,Tack & Equipment > Spurs & Straps > English Spurs,SPTH30,Size: 30mm,,,,,Wellington Warehouse,50460,50460,50460,87000,0,0,
1,BIN 1,1776787343289,Spurs,1,AJR Sport Stainless Steel Square End Spur (Block Design),Tack & Equipment > Spurs & Straps > English Spurs,SPSSE15,Size: 15mm,,,,,Wellington Warehouse,49300,49300,49300,85000,0,0,
1,BIN 1,1776787343289,Spurs,1,AJR Sport UFO Spur,Tack & Equipment > Spurs & Straps > English Spurs,SPUFO25,Size: 25mm,,,,,Wellington Warehouse,46400,46400,46400,80000,0,0,
0,BIN-03,1768845014311,Shelf 13,3,"AJR Sport 4/8"" Flat Curb Rein - Jumper Collection","Tack & Equipment > Bridles, Headstalls & Reins > English Bridles & Reins > Reins",REIN-003-C,Color: Brown,Size: Cob,,,,Wellington Warehouse,71340,71340,71340,123000,0,0,
1,BIN-03,1768845014311,Shelf 13,3,"AJR Sport 4/8"" Flat Curb Rein - Jumper Collection","Tack & Equipment > Bridles, Headstalls & Reins > English Bridles & Reins > Reins",REIN-003-F,Color: Brown,Size: Full,,,,Wellington Warehouse,71340,71340,71340,123000,0,0,
4,BIN 1,1776787211212,Gloves,1,AJR Sport Stirrup Leathers,Tack & Equipment > Stirrups & Leathers > Stirrup Leathers & Accessories,STIR-58- 135,Color: Brown,"Size: 135/53""",,,,Wellington Warehouse,124410,124410,124410,214500,0,0,
1,BIN-03,1768845014311,Shelf 13,3,AJR Sport Raised Running Martingale,Tack & Equipment > Martingales & Breastplates,MRTG-014-F,Size: Full,Color: Brown,,,,Wellington Warehouse,137170,137170,137170,236500,0,0,
0,BIN-03,1768845014311,Shelf 13,3,AJR Sport Anatomic Breastplate with Attachment to Billets & Running Attachment - Jumper Collection,Tack & Equipment > Martingales & Breastplates,BRST-016-C,Color: Brown,Size: Cob,,,,Wellington Warehouse,188790,188790,188790,325500,0,0,
0,BIN-03,1768845014311,Shelf 13,3,AJR Sport Raised Running Martingale,Tack & Equipment > Martingales & Breastplates,MRTG-014-C,Size: Cob,Color: Brown,,,,Wellington Warehouse,137170,137170,137170,236500,0,0,
0,BIN-03,1768845014311,Shelf 13,3,"AJR Sport 5/8"" Leather Rein with Inner Rubber Strip & Leather Grips - Jumper Collection","Tack & Equipment > Bridles, Headstalls & Reins > English Bridles & Reins > Reins",REIN-005-C,Size: Cob,Color: Brown,,,,Wellington Warehouse,84970,84970,84970,146500,0,0,
0,BIN-03,1768845014311,Shelf 13,3,AJR Sport Fancy Raised Laced Leather Rein - Hunter Collection,"Tack & Equipment > Bridles, Headstalls & Reins > English Bridles & Reins > Reins",REIN-009-C,Color: Brown,Size: Cob,,,,Wellington Warehouse,107880,107880,107880,186000,0,0,
0,BIN-03,1768845014311,Shelf 13,3,AJR Sport Anatomic Breastplate with Attachment to Billets & Running Attachment - Jumper Collection,Tack & Equipment > Martingales & Breastplates,BRST-016-F,Color: Brown,Size: Full,,,,Wellington Warehouse,188790,188790,188790,325500,0,0,
1,BIN-03,1768845014311,Shelf 13,3,"AJR Sport 5/8"" Leather Rein with Inner Rubber Strip & Leather Grips - Jumper Collection","Tack & Equipment > Bridles, Headstalls & Reins > English Bridles & Reins > Reins",REIN-005-F,Size: Full,Color: Brown,,,,Wellington Warehouse,84970,84970,84970,146500,0,0,
1,BIN-03,1768845014311,Shelf 13,3,AJR Sport Fancy Raised Laced Leather Rein - Hunter Collection,"Tack & Equipment > Bridles, Headstalls & Reins > English Bridles & Reins > Reins",REIN-009-F,Color: Brown,Size: Full,,,,Wellington Warehouse,107880,107880,107880,186000,0,0,
0,BIN-03,1768845014311,Shelf 13,3,AJR Sport Anatomic Breastplate with Clips & Running Attachment - Jumper Collection,Tack & Equipment > Martingales & Breastplates,BRST-017-C,Color: Brown,Size: Cob,,,,Wellington Warehouse,188790,188790,188790,325500,0,0,
1,BIN 1,1776787211212,Gloves,1,AJR Sport Stirrup Leathers,Tack & Equipment > Stirrups & Leathers > Stirrup Leathers & Accessories,STIR-58- 145,Color: Brown,"Size: 145/57""",,,,Wellington Warehouse,124410,124410,124410,214500,0,0,
2,BIN 1,1776787211212,Gloves,1,AJR Sport Stirrup Leathers,Tack & Equipment > Stirrups & Leathers > Stirrup Leathers & Accessories,STIR-58- 125,Color: Brown,"Size: 125/49""",,,,Wellington Warehouse,124410,124410,124410,214500,0,0,
1,BIN-03,1768845014311,Shelf 13,3,AJR Sport Anatomic Breastplate with Clips & Running Attachment - Jumper Collection,Tack & Equipment > Martingales & Breastplates,BRST-017-F,Color: Brown,Size: Full,,,,Wellington Warehouse,188790,188790,188790,325500,0,0,
0,BIN-04,1768845014312,Shelf 13,4,AJR Sport Training Bridle with Pad and Rubber Reins with Clips,"Tack & Equipment > Bridles, Headstalls & Reins > English Bridles & Reins > Bridles",BRD-020-F,Color: Brown,Size: Full,,,,Wellington Warehouse,223300,223300,223300,385000,0,0,
0,BIN-03,1768845014311,Shelf 13,3,"AJR Sport 5/8"" Normal Rubber Reins - Jumper Collection","Tack & Equipment > Bridles, Headstalls & Reins > English Bridles & Reins > Reins",REIN-011-C,Color: Brown,Size: Cob,,,,Wellington Warehouse,105850,105850,105850,182500,0,0,
0,BIN-04,1768845014312,Shelf 13,4,AJR Sport Training Bridle with Pad and Rubber Reins with Clips,"Tack & Equipment > Bridles, Headstalls & Reins > English Bridles & Reins > Bridles",BRD-020-C,Color: Brown,Size: Cob,,,,Wellington Warehouse,223300,223300,223300,385000,0,0,
0,BIN-03,1768845014311,Shelf 13,3,AJR Sport Padded Drop Noseband - Jumper Collection,"Tack & Equipment > Bridles, Headstalls & Reins > English Bridles & Reins > Bridle Accessories",NSBD-035-F,Color: Brown,Size: Full,,,,Wellington Warehouse,73370,73370,73370,126500,0,0,
0,BIN-03,1768845014311,Shelf 13,3,AJR Sport Invisible Rope Noseband - Hunter Collection,"Tack & Equipment > Bridles, Headstalls & Reins > English Bridles & Reins > Bridle Accessories",NSBD-022-C,Size: Cob,Color: Brown,,,,Wellington Warehouse,113680,113680,113680,196000,0,0,
1,BIN-03,1768845014311,Shelf 13,3,AJR Sport Mexican Noseband without Rings - Jumper Collection,"Tack & Equipment > Bridles, Headstalls & Reins > English Bridles & Reins > Bridle Accessories",NSBD-036-F,Color: Brown,Size: Full,,,,Wellington Warehouse,95700,95700,95700,165000,0,0,
1,BIN-03,1768845014311,Shelf 13,3,AJR Sport Yoke - Jumper Collection,Tack & Equipment > Martingales & Breastplates,ATT-052-F,Color: Brown,Size: Full,,,,Wellington Warehouse,142970,142970,142970,246500,0,0,
1,BIN-03,1768845014311,Shelf 13,3,AJR Sport Leather Covered Rope Double Noseband - Jumper Collection,"Tack & Equipment > Bridles, Headstalls & Reins > English Bridles & Reins > Bridle Accessories",NSBD-031-F,Size: Full,Color: Brown,,,,Wellington Warehouse,126440,126440,126440,218000,0,0,0.018681923
0,BIN-03,1768845014311,Shelf 13,3,AJR Sport Leather Pelham Roundings Bit Converter,"Tack & Equipment > Bridles, Headstalls & Reins > English Bridles & Reins > Bridle Accessories",CNV-040,Color: Brown,Size: Short,,,,Wellington Warehouse,44080,44080,44080,76000,0,0,0.06871702
0,BIN-03,1768845014311,Shelf 13,3,AJR Sport Rope Gag Cheekpieces,"Tack & Equipment > Bridles, Headstalls & Reins > English Bridles & Reins > Bridle Accessories",ATT-044-F,Color: Brown,Size: Full,,,,Wellington Warehouse,44660,44660,44660,77000,0,0,
0,BIN-03,1768845014311,Shelf 13,3,AJR Sport Bib Martingale Attachment in Soft Leather,Tack & Equipment > Martingales & Breastplates,ATT-045-F,Size: Full,Color: Brown,,,,Wellington Warehouse,86130,86130,86130,148500,0,0,
0,BIN-03,1768845014311,Shelf 13,3,AJR Sport Bib Martingale Attachment in Soft Leather,Tack & Equipment > Martingales & Breastplates,ATT-045-C,Size: Cob,Color: Brown,,,,Wellington Warehouse,86130,86130,86130,148500,0,0,
0,BIN-03,1768845014311,Shelf 13,3,AJR Sport Leather Covered Rope Double Noseband - Jumper Collection,"Tack & Equipment > Bridles, Headstalls & Reins > English Bridles & Reins > Bridle Accessories",NSBD-031-C,Size: Cob,Color: Brown,,,,Wellington Warehouse,126440,126440,126440,218000,0,0,0.018681923
0,BIN-03,1768845014311,Shelf 13,3,AJR Sport Mexican Noseband without Rings - Jumper Collection,"Tack & Equipment > Bridles, Headstalls & Reins > English Bridles & Reins > Bridle Accessories",NSBD-036-C,Color: Brown,Size: Cob,,,,Wellington Warehouse,95700,95700,95700,165000,0,0,
0,BIN-03,1768845014311,Shelf 13,3,AJR Sport Yoke - Jumper Collection,Tack & Equipment > Martingales & Breastplates,ATT-052-C,Color: Brown,Size: Cob,,,,Wellington Warehouse,142970,142970,142970,246500,0,0,
1,BIN-03,1768845014311,Shelf 13,3,"AJR Sport 5/8"" Softy Leather Rein Jumper Collection","Tack & Equipment > Bridles, Headstalls & Reins > English Bridles & Reins > Reins",REIN-061-F,Color: Brown,Size: Full,,,,Wellington Warehouse,139200,139200,139200,240000,0,0,
0,BIN-03,1768845014311,Shelf 13,3,AJR Sport Hackamore Headpiece with Throat Latch - Jumper Collection,"Tack & Equipment > Bridles, Headstalls & Reins > English Bridles & Reins > Bridle Accessories",ATT-066-C,Color: Brown,Size: Cob,,,,Wellington Warehouse,101500,101500,101500,175000,0,0,
0,BIN-03,1768845014311,Shelf 13,3,AJR Sport Straight Browband Jumper Collection,"Tack & Equipment > Bridles, Headstalls & Reins > English Bridles & Reins > Bridle Accessories",ATT-058C,Color: Brown,Size: Cob,,,,Wellington Warehouse,41470,41470,41470,71500,0,0,
0,BIN-03,1768845014311,Shelf 13,3,AJR Sport 5/8 Softy Leather Rein with Leather Grip - Jumper Collection,"Tack & Equipment > Bridles, Headstalls & Reins > English Bridles & Reins > Reins",REIN-059-C,Color: Brown,Size: Cob,,,,Wellington Warehouse,142100,142100,142100,245000,0,0,
1,BIN-03,1768845014311,Shelf 13,3,AJR Sport Standing Martingale Attachment - Jumper Collection,Tack & Equipment > Martingales & Breastplates,ATT-070-C,Color: Brown,Size: Cob,,,,Wellington Warehouse,51040,51040,51040,88000,0,0,
0,BIN-03,1768845014311,Shelf 13,3,AJR Sport Hackamore Headpiece with Throat Latch - Jumper Collection,"Tack & Equipment > Bridles, Headstalls & Reins > English Bridles & Reins > Bridle Accessories",ATT-066-F,Color: Brown,Size: Full,,,,Wellington Warehouse,101500,101500,101500,175000,0,0,
0,BIN-03,1768845014311,Shelf 13,3,AJR Sport Running Attachment with Elastic Cord,Tack & Equipment > Martingales & Breastplates,ATT-037-F,Color: Brown,Size: Full,,,,Wellington Warehouse,57420,57420,57420,99000,0,0,
0,BIN-03,1768845014311,Shelf 13,3,AJR Sport Nylon Bit Converters,"Tack & Equipment > Bridles, Headstalls & Reins > English Bridles & Reins > Bridle Accessories",CNV-042,Color: Brown,Size: Short,,,,Wellington Warehouse,18560,18560,18560,32000,0,0,
1,BIN-03,1768845014311,Shelf 13,3,AJR Sport Straight Browband Jumper Collection,"Tack & Equipment > Bridles, Headstalls & Reins > English Bridles & Reins > Bridle Accessories",ATT-058F,Color: Brown,Size: Full,,,,Wellington Warehouse,41470,41470,41470,71500,0,0,
2,BIN-03,1768845014311,Shelf 13,3,AJR Sport Standing Martingale Attachment - Jumper Collection,Tack & Equipment > Martingales & Breastplates,ATT-070-F,Color: Brown,Size: Full,,,,Wellington Warehouse,51040,51040,51040,88000,0,0,
1,BIN-03,1768845014311,Shelf 13,3,AJR Sport 5/8 Softy Leather Rein with Leather Grip - Jumper Collection,"Tack & Equipment > Bridles, Headstalls & Reins > English Bridles & Reins > Reins",REIN-059-F,Color: Brown,Size: Full,,,,Wellington Warehouse,142100,142100,142100,245000,0,0,0.17868021
0,BIN-03,1768845014311,Shelf 13,3,"AJR Sport 5/8"" Softy Leather Rein Jumper Collection","Tack & Equipment > Bridles, Headstalls & Reins > English Bridles & Reins > Reins",REIN-061-C,Color: Brown,Size: Cob,,,,Wellington Warehouse,139200,139200,139200,240000,0,0,
1,BIN-03,1768845014311,Shelf 13,3,"AJR Sport 1"" Web Rein, Raised, with Stopper and Leather Grip - Jumper Collection","Tack & Equipment > Bridles, Headstalls & Reins > English Bridles & Reins > Reins",REIN-060-F,Color: Brown,Size: Full,,,,Wellington Warehouse,99760,99760,99760,172000,0,0,
1,BIN 1,1776787343289,Spurs,1,Jake Adams Equestrian Tactiq Model G Gloves,Rider > Accessories & Apparel > Gloves,TQ-G-B-8.5,Color: Black,Size: 8.5,,,,Wellington Warehouse,27500,27500,27500,49990,0,0,
4,LVL 2,1769968298842,Blankets 4,2,WeatherBeeta ComFiTec Plus Dynamic Turnout Detach-A-Neck 360G,Horse Wear > Blankets & Sheets > Turnout Blankets & Sheets > Heavy Weight,1029001005,Color: Forest Green/Navy,Size: 78,,,,Wellington Warehouse,126500,126500,126500,229000,0,0,
1,BIN 1,1776787343289,Spurs,1,Jake Adams Equestrian Tactiq Model G Gloves,Rider > Accessories & Apparel > Gloves,TQ-G-B-9,Color: Black,Size: 9,,,,Wellington Warehouse,27500,27500,27500,49990,0,0,
2,BIN 1,1776787343289,Spurs,1,Jake Adams Equestrian Tactiq Model V Gloves,Rider > Accessories & Apparel > Gloves,TQ-V-B-6.5,Color: Black,Size: 6.5,,,,Wellington Warehouse,27500,27500,27500,49990,0,0,
4,LVL 2,1769968298842,Blankets 4,2,WeatherBeeta ComFiTec Plus Dynamic Turnout Detach-A-Neck 360G,Horse Wear > Blankets & Sheets > Turnout Blankets & Sheets > Heavy Weight,1029001011,Color: Navy/Forest Green,Size: 75,,,,Wellington Warehouse,126500,126500,126500,229000,0,0,
0,BIN 1,1776787343289,Spurs,1,Jake Adams Equestrian Tactiq Model V Gloves,Rider > Accessories & Apparel > Gloves,TQ-V-B-7.5,Color: Black,Size: 7.5,,,,Wellington Warehouse,27500,27500,27500,49990,0,0,0.014168084
1,BIN 1,1776787343289,Spurs,1,Jake Adams Equestrian Tactiq Model G Gloves,Rider > Accessories & Apparel > Gloves,TQ-G-B-8,Color: Black,Size: 8,,,,Wellington Warehouse,27500,27500,27500,49990,0,0,
2,BIN 1,1776787343289,Spurs,1,Jake Adams Equestrian Tactiq Model G Gloves,Rider > Accessories & Apparel > Gloves,TQ-G-B-6.5,Color: Black,Size: 6.5,,,,Wellington Warehouse,27500,27500,27500,49990,0,0,
5,LVL 2,1769968298842,Blankets 4,2,WeatherBeeta ComFiTec Plus Dynamic Turnout Detach-A-Neck 360G,Horse Wear > Blankets & Sheets > Turnout Blankets & Sheets > Heavy Weight,1029001004,Color: Forest Green/Navy,Size: 75,,,,Wellington Warehouse,126500,126500,126500,229000,0,0,
0,BIN 1,1776787343289,Spurs,1,Jake Adams Equestrian Tactiq Model G Gloves,Rider > Accessories & Apparel > Gloves,TQ-G-B-7.5,Color: Black,Size: 7.5,,,,Wellington Warehouse,27500,27500,27500,49990,0,0,0.34148926
5,LVL 2,1769968298842,Blankets 4,2,WeatherBeeta ComFiTec Plus Dynamic Turnout Detach-A-Neck 360G,Horse Wear > Blankets & Sheets > Turnout Blankets & Sheets > Heavy Weight,1029001012,Color: Navy/Forest Green,Size: 78,,,,Wellington Warehouse,126500,126500,126500,229000,0,0,
3,LVL 2,1769968298842,Blankets 4,2,WeatherBeeta ComFiTec Plus Dynamic Turnout Detach-A-Neck 360G,Horse Wear > Blankets & Sheets > Turnout Blankets & Sheets > Heavy Weight,1029001013,Color: Navy/Forest Green,Size: 81,,,,Wellington Warehouse,126500,126500,126500,229000,0,0,
0,BIN-03,1768845014311,Shelf 13,3,AJR Sport Hybrid Padded Noseband - Jumper Collection,"Tack & Equipment > Bridles, Headstalls & Reins > English Bridles & Reins > Bridle Accessories",NSBD-065F,Color: Brown,Size: Full,,,,Wellington Warehouse,144420,144420,144420,249000,0,0,
0,BIN-03,1768845014311,Shelf 13,3,AJR Sport Hybrid Padded Noseband - Jumper Collection,"Tack & Equipment > Bridles, Headstalls & Reins > English Bridles & Reins > Bridle Accessories",NSBD-065C,Color: Brown,Size: Cob,,,,Wellington Warehouse,144420,144420,144420,249000,0,0,
1,BIN 1,1776787343289,Spurs,1,Jake Adams Equestrian Tactiq Model V Gloves,Rider > Accessories & Apparel > Gloves,TQ-V-B-8,Color: Black,Size: 8,,,,Wellington Warehouse,27500,27500,27500,49990,0,0,
5,LVL 2,1769968298842,Blankets 4,2,WeatherBeeta ComFiTec Plus Dynamic Turnout Detach-A-Neck 360G,Horse Wear > Blankets & Sheets > Turnout Blankets & Sheets > Heavy Weight,1029001003,Color: Forest Green/Navy,Size: 72,,,,Wellington Warehouse,126500,126500,126500,229000,0,0,
3,LVL 2,1769968298842,Blankets 4,2,WeatherBeeta ComFiTec Plus Dynamic Turnout Detach-A-Neck 360G,Horse Wear > Blankets & Sheets > Turnout Blankets & Sheets > Heavy Weight,1029001010,Color: Navy/Forest Green,Size: 72,,,,Wellington Warehouse,126500,126500,126500,229000,0,0,
1,BIN 1,1776787343289,Spurs,1,Jake Adams Equestrian Tactiq Model G Gloves,Rider > Accessories & Apparel > Gloves,TQ-G-B-6,Color: Black,Size: 6,,,,Wellington Warehouse,27500,27500,27500,49990,0,0,
5,LVL 2,1769968298842,Blankets 4,2,WeatherBeeta ComFiTec Plus Dynamic Turnout Detach-A-Neck 360G,Horse Wear > Blankets & Sheets > Turnout Blankets & Sheets > Heavy Weight,1029001006,Color: Forest Green/Navy,Size: 81,,,,Wellington Warehouse,126500,126500,126500,229000,0,0,
10,ROW 1 : LVL 2,1767888398016,Supplements 1,2,Atletix Horse,Horse Care > Supplements > Joint Health,ATLETIX60,Size: 60 Doses,,,Lot# 161771015,2028-10-15,Wellington Warehouse,89000,89000,89000,199990,0,0,0.24403249
0,BIN-01,1768845014309,Shelf 13,1,Equiline Belair Allshot Unisex Air Bag Vest,Rider > Accessories & Apparel > Safety Vest,EC018-Q11104-BL-M,Color: Black,Size: M,,,,Wellington Warehouse,400000,400000,400000,799000,0,0,
1,BIN-01,1768845014309,Shelf 13,1,Equiline Belair Allshot Unisex Air Bag Vest,Rider > Accessories & Apparel > Safety Vest,EC018-Q11104-BL-XXS,Color: Black,Size: XXS,,,,Wellington Warehouse,400000,400000,400000,799000,0,0,
1,BIN-01,1768845014309,Shelf 13,1,Equiline Belair Allshot Unisex Air Bag Vest,Rider > Accessories & Apparel > Safety Vest,EC018-Q11104-BL-XS,Color: Black,Size: XS,,,,Wellington Warehouse,400000,400000,400000,799000,0,0,
0,BIN-01,1768845014309,Shelf 13,1,Equiline Belair Allshot Unisex Air Bag Vest,Rider > Accessories & Apparel > Safety Vest,EC018-Q11104-BL-L,Color: Black,Size: L,,,,Wellington Warehouse,400000,400000,400000,799000,0,0,
1,BIN-01,1768845014309,Shelf 13,1,Equiline Belair Allshot Unisex Air Bag Vest,Rider > Accessories & Apparel > Safety Vest,EC018-Q11104-BL-XXL,Color: Black,Size: XXL,,,,Wellington Warehouse,400000,400000,400000,799000,0,0,
1,BIN-01,1768845014309,Shelf 13,1,Equiline Belair Allshot Unisex Air Bag Vest,Rider > Accessories & Apparel > Safety Vest,EC018-Q11104-BL-S,Color: Black,Size: S,,,,Wellington Warehouse,400000,400000,400000,799000,0,0,
0,Breeches,1777650559285,C,1,Equiline Ernaek-W Women's High-Waist Knee Grip Breeches in Standard Weight B-Move,Rider > Accessories & Apparel > Breeches,EC900-N09148W-005-38,Color: Beige,Size: 38,,,,Wellington Warehouse,195000,195000,195000,389000,0,0,0.0120849395
0,Breeches,1777650559285,C,1,Equiline Ernaek-W Women's High-Waist Knee Grip Breeches in Standard Weight B-Move,Rider > Accessories & Apparel > Breeches,EC900-N09148W-005-48,Color: Beige,Size: 46,,,,Wellington Warehouse,195000,195000,195000,389000,2,0,
0,Breeches,1777650559285,C,1,Equiline Ernaek-W Women's High-Waist Knee Grip Breeches in Standard Weight B-Move,Rider > Accessories & Apparel > Breeches,EC900-N09148W-005-40,Color: Beige,Size: 40,,,,Wellington Warehouse,195000,195000,195000,389000,0,0,0.13122752
0,Breeches,1777650559285,C,1,Equiline Ernaek-W Women's High-Waist Knee Grip Breeches in Standard Weight B-Move,Rider > Accessories & Apparel > Breeches,EC900-N09148W-005-42,Color: Beige,Size: 42,,,,Wellington Warehouse,195000,195000,195000,389000,0,0,0.011816615
0,Breeches,1777650559285,C,1,Equiline Ernaek-W Women's High-Waist Knee Grip Breeches in Standard Weight B-Move,Rider > Accessories & Apparel > Breeches,EC900-N09148W-005-44,Color: Beige,Size: 44,,,,Wellington Warehouse,195000,195000,195000,389000,1,0,0.14587265
1,Breeches,1777650559285,C,1,Equiline Grafton B-MOVE - Men's Knee Patch Riding Breeches in B-Move Fabric,Rider > Accessories & Apparel > Breeches,EC018-N08200-005-50,Color: Beige,Size: 50,,,,Wellington Warehouse,190000,190000,190000,379000,0,0,
0,Breeches,1777650559285,C,1,Equiline Grafton B-MOVE - Men's Knee Patch Riding Breeches in B-Move Fabric,Rider > Accessories & Apparel > Breeches,EC018-N08200-005-46,Color: Beige,Size: 46,,,,Wellington Warehouse,190000,190000,190000,379000,0,0,
1,Breeches,1777650559285,C,1,Equiline Grafton B-MOVE - Men's Knee Patch Riding Breeches in B-Move Fabric,Rider > Accessories & Apparel > Breeches,EC018-N08200-005-52,Color: Beige,Size: 52,,,,Wellington Warehouse,190000,190000,190000,379000,0,0,
1,Breeches,1777650559285,C,1,Equiline Grafton B-MOVE - Men's Knee Patch Riding Breeches in B-Move Fabric,Rider > Accessories & Apparel > Breeches,EC018-N08200-005-48,Color: Beige,Size: 48,,,,Wellington Warehouse,190000,190000,190000,379000,0,0,
1,Breeches,1777650559285,C,1,Equiline Grafton B-MOVE - Men's Knee Patch Riding Breeches in B-Move Fabric,Rider > Accessories & Apparel > Breeches,EC018-N08200-005-54,Color: Beige,Size: 54,,,,Wellington Warehouse,190000,190000,190000,379000,0,0,
0,BIN-03,1774887638159,Cavali 2,3,Equiline Silver Plus Light Socks,Rider > Accessories & Apparel > Socks,EC018-T11203-006-BL-39-42,Color: Black,Size: 39/42,,,,Wellington Warehouse,25000,25000,25000,49000,0,0,0.04726646
0,BIN-03,1774887638159,Cavali 2,3,Equiline Silver Plus Light Socks,Rider > Accessories & Apparel > Socks,EC018-T11203-006-BL-35-38,Color: Black,Size: 35/38,,,,Wellington Warehouse,25000,25000,25000,49000,0,0,
0,Shirts,1777650559287,C,1,Equiline Lily - Women's Show Shirt in Technical Fabric,Rider > Accessories & Apparel > Shirts,EC018-H00702-001-XS,Color: White,Size: XS,,,,Wellington Warehouse,107000,107000,107000,215000,0,0,0.115974486
0,Shirts,1777650559287,C,1,Equiline Lily - Women's Show Shirt in Technical Fabric,Rider > Accessories & Apparel > Shirts,EC018-H00702-001-M,Color: White,Size: M,,,,Wellington Warehouse,107000,107000,107000,215000,0,0,
0,Shirts,1777650559287,C,1,Equiline Lily - Women's Show Shirt in Technical Fabric,Rider > Accessories & Apparel > Shirts,EC018-H00702-001-S,Color: White,Size: S,,,,Wellington Warehouse,107000,107000,107000,215000,0,0,
1464,ROW 5 : LVL 4,1774281422022,Supplements 3,4,Corro Mud Fever Foam Cleanser,Horse Care > First Aid & Wellness > Wound Care & Topicals,MUDF6.7,Size: 6.7 ounces,,,,,Wellington Warehouse,16000,16000,16000,44990,0,0,0.33395502
1,ROW 1 : LVL 2,1768938712710,First Aid,2,Corro Mud Fever Foam Cleanser,Horse Care > First Aid & Wellness > Wound Care & Topicals,MUDF6.7,Size: 6.7 ounces,,,,,Wellington Warehouse,16000,16000,16000,44990,0,0,0.33395502
1,BIN 1,1776787262020,Bits 2,1,AJR Sport Iron Waterford Elevator Bit,Tack & Equipment > Bits > Western Bits,ESIWL1562,Size: 125mm,Shank Length: Long,,,,Wellington Warehouse,0,0,0,0,0,0,
1,BIN 1,1776787262020,Bits 2,1,AJR Sport Rubber Elliptical Elevator Bit,Tack & Equipment > Bits > Western Bits,ERES1563,Size: 125mm,,,,,Wellington Warehouse,107300,107300,107300,185000,0,0,
1,BIN 1,1776787262020,Bits 2,1,AJR Sport Copper Roller Hartford Elevator Bit,Tack & Equipment > Bits > Western Bits,ECRHS1566,Size: 125mm,,,,,Wellington Warehouse,136300,136300,136300,235000,0,0,
1,BIN 1,1776787262020,Bits 2,1,AJR Cut Off Segunda Elevator Bit,Tack & Equipment > Bits > Western Bits,ECOSS1567,Size: 125mm,Shank Length: Short,,,,Wellington Warehouse,136300,136300,136300,235000,0,0,
1,BIN 1,1776787262020,Bits 2,1,AJR Sport Rubber Twist Elevator Bit,Tack & Equipment > Bits > Western Bits,ERTS1569,Size: 125mm,,,,,Wellington Warehouse,125280,125280,125280,216000,0,0,
1,BIN 1,1776787262020,Bits 2,1,AJR Sport Tefflex Six Roller Elevator Bit,Tack & Equipment > Bits > Western Bits,ETFLXR6S1551,Size: 125mm,,,,,Wellington Warehouse,118900,118900,118900,205000,0,0,
1,BIN 1,1776787262020,Bits 2,1,AJR Sport Leather Covered Sam Marsh Elevator Bit,Tack & Equipment > Bits > Western Bits,ELCSAMS1548,Size: 125mm,,,,,Wellington Warehouse,118900,118900,118900,270000,0,0,
1,BIN 1,1776787262020,Bits 2,1,AJR Sport Leather Covered Morph Elevator Bit,Tack & Equipment > Bits > Western Bits,ELCMS1557,Size: 125mm,,,,,Wellington Warehouse,136300,136300,136300,235000,0,0,
1,BIN 1,1776787262020,Bits 2,1,AJR Sport Sweet Iron Port Elevator Bit,Tack & Equipment > Bits > Western Bits,ESIPS1558,Size: 125mm,Shank Length: Short,,,,Wellington Warehouse,136300,136300,136300,235000,0,0,
1,BIN 1,1776787262020,Bits 2,1,AJR Sport Sweet Iron Port Elevator Bit,Tack & Equipment > Bits > Western Bits,ESIPL1559,Size: 125mm,Shank Length: Long,,,,Wellington Warehouse,136300,136300,136300,235000,0,0,
1,BIN 1,1776787262020,Bits 2,1,AJR Sport Comfort Port Elevator Bit Short Shank,Tack & Equipment > Bits > Western Bits,ECPS1541,Size: 125mm,,,,,Wellington Warehouse,113100,113100,113100,195000,0,0,
1,BIN 1,1776787262020,Bits 2,1,AJR Cut Off Segunda Elevator Bit,Tack & Equipment > Bits > Western Bits,ECOSL1542,Size: 125mm,Shank Length: Long,,,,Wellington Warehouse,136300,136300,136300,235000,0,0,
1,BIN 1,1776787262020,Bits 2,1,AJR Sport Rubber Block Flexi Elevator,Tack & Equipment > Bits > Western Bits,ERBFL1573,Size: 125mm,Shank Length: Long,,,,Wellington Warehouse,124700,124700,124700,215000,0,0,
1,BIN 1,1776787262020,Bits 2,1,AJR Sport Rubber Block Flexi Elevator,Tack & Equipment > Bits > Western Bits,ERBS1572,Size: 125mm,Shank Length: Short,,,,Wellington Warehouse,124700,124700,124700,215000,0,0,
3,BIN 1,1776787262019,Bits 1,1,AJR Sport Single Jointed Golden Ease D Bit,Tack & Equipment > Bits > English Bits,DSJGE5089,Size: 135mm,,,,,Wellington Warehouse,58000,58000,58000,100000,0,0,
3,BIN 1,1776787262019,Bits 1,1,AJR Sport Single Jointed Golden Ease Eggbutt Bit,Tack & Equipment > Bits > English Bits,ESJGE2038,Size: 135mm,,,,,Wellington Warehouse,55100,55100,55100,125000,0,0,
3,BIN 1,1776787262019,Bits 1,1,AJR Sport Single Jointed Golden Ease Full Cheek Bit,Tack & Equipment > Bits > English Bits,FCSJGE3088,Size: 135mm,,,,,Wellington Warehouse,63800,63800,63800,110000,0,0,
3,BIN 1,1776787262019,Bits 1,1,AJR Sport Single Jointed Golden Ease Loose Ring Bit,Tack & Equipment > Bits > English Bits,LRSJGE4059,Size: 135mm,,,,,Wellington Warehouse,43500,43500,43500,75000,0,0,
2,BIN 1,1776787262019,Bits 1,1,AJR Sport Single Jointed Golden Ease Pelham Bit,Tack & Equipment > Bits > English Bits,PSJGE1138,Size: 135mm,,,,,Wellington Warehouse,72500,72500,72500,125000,0,0,
1,BIN 1,1776787262019,Bits 1,1,AJR Sport Double Jointed Golden Ease Pelham Bit,Tack & Equipment > Bits > English Bits,PDJGE1129,Size: 135mm,,,,,Wellington Warehouse,78300,78300,78300,135000,0,0,
1,BIN 1,1776787262019,Bits 1,1,AJR Sport Double Jointed Golden Ease D Bit,Tack & Equipment > Bits > English Bits,DDJGE5081,Size: 135mm,,,,,Wellington Warehouse,63800,63800,63800,110000,0,0,0.17868021
2,BIN 1,1776787262019,Bits 1,1,AJR Sport Double Jointed Golden Ease Full Cheek,Tack & Equipment > Bits > English Bits,FCDJGE3081,Size: 135mm,,,,,Wellington Warehouse,63800,63800,63800,110000,0,0,
1,BIN 1,1776787262019,Bits 1,1,AJR Sport Double Jointed Golden Ease Loose Ring Bit,Tack & Equipment > Bits > English Bits,LRDJGE4057,Size: 135mm,,,,,Wellington Warehouse,49300,49300,49300,85000,0,0,
4,Shirts,1777650559287,C,1,LeMieux Classique Short Sleeve Base Layer,Rider > Accessories & Apparel > Shirts,IT08220015,Color: Fondant,Size: 10,,,,Wellington Warehouse,44390,44390,44390,74950,0,0,
2,Shirts,1777650559287,C,1,LeMieux Classique Short Sleeve Base Layer,Rider > Accessories & Apparel > Shirts,IT08220017,Color: Fondant,Size: 2,,,,Wellington Warehouse,44390,44390,44390,74950,0,0,
4,Shirts,1777650559287,C,1,LeMieux Classique Short Sleeve Base Layer,Rider > Accessories & Apparel > Shirts,IT08220014,Color: Fondant,Size: 8,,,,Wellington Warehouse,44390,44390,44390,74950,0,0,
3,Shirts,1777650559287,C,1,LeMieux Classique Short Sleeve Base Layer,Rider > Accessories & Apparel > Shirts,IT08220018,Color: Fondant,Size: 4,,,,Wellington Warehouse,44390,44390,44390,74950,0,0,0.011679558
2,Shirts,1777650559287,C,1,LeMieux Classique Short Sleeve Base Layer,Rider > Accessories & Apparel > Shirts,IT08220033,Color: Fondant,Size: 14,,,,Wellington Warehouse,44390,44390,44390,74950,0,0,
3,Shirts,1777650559287,C,1,LeMieux Classique Short Sleeve Base Layer,Rider > Accessories & Apparel > Shirts,IT08220013,Color: Fondant,Size: 6,,,,Wellington Warehouse,44390,44390,44390,74950,0,0,0.01687161
3,Shirts,1777650559287,C,1,LeMieux Classique Short Sleeve Base Layer,Rider > Accessories & Apparel > Shirts,IT08220016,Color: Fondant,Size: 12,,,,Wellington Warehouse,44390,44390,44390,74950,0,0,
12,LVL 1,1770059667422,Buckets,1,Little Giant Plastic 8 Quart Flat Back Bucket,Stable > Stable Supplies > Feed & Water Buckets,P8FBNAVY6,Size: 8 Quarts,Color: Navy,,,,Wellington Warehouse,3730,4110,4490,6990,10,0,0.107763
5,LVL 2,1770059717290,Buckets,2,Little Giant Plastic 8 Quart Flat Back Bucket,Stable > Stable Supplies > Feed & Water Buckets,P8FBNAVY6,Size: 8 Quarts,Color: Navy,,,,Wellington Warehouse,3730,4110,4490,6990,10,0,0.107763
1,Shirts,1777650559287,C,1,LeMieux Hallie Lightweight Base,Rider > Accessories & Apparel > Shirts,IT08214017,Color: Jungle,Size: 2,,,,Wellington Warehouse,49390,49390,49390,84950,0,0,
3,Shirts,1777650559287,C,1,LeMieux Hallie Lightweight Base,Rider > Accessories & Apparel > Shirts,IT08213014,Color: Powder Blue,Size: 8,,,,Wellington Warehouse,49390,49390,49390,84950,0,0,
3,Shirts,1777650559287,C,1,LeMieux Hallie Lightweight Base,Rider > Accessories & Apparel > Shirts,IT08213015,Color: Powder Blue,Size: 10,,,,Wellington Warehouse,49390,49390,49390,84950,0,0,
1,Shirts,1777650559287,C,1,LeMieux Hallie Lightweight Base,Rider > Accessories & Apparel > Shirts,IT08214016,Color: Jungle,Size: 12,,,,Wellington Warehouse,49390,49390,49390,84950,0,0,0.012930406
3,Shirts,1777650559287,C,1,LeMieux Hallie Lightweight Base,Rider > Accessories & Apparel > Shirts,IT08214015,Color: Jungle,Size: 10,,,,Wellington Warehouse,49390,49390,49390,84950,0,0,
3,Shirts,1777650559287,C,1,LeMieux Hallie Lightweight Base,Rider > Accessories & Apparel > Shirts,IT08214013,Color: Jungle,Size: 6,,,,Wellington Warehouse,49390,49390,49390,84950,0,0,
1,Shirts,1777650559287,C,1,LeMieux Hallie Lightweight Base,Rider > Accessories & Apparel > Shirts,IT08213033,Color: Powder Blue,Size: 14,,,,Wellington Warehouse,49390,49390,49390,84950,0,0,
1,Shirts,1777650559287,C,1,LeMieux Hallie Lightweight Base,Rider > Accessories & Apparel > Shirts,IT08214033,Color: Jungle,Size: 14,,,,Wellington Warehouse,49390,49390,49390,84950,0,0,0.012930406
2,Shirts,1777650559287,C,1,LeMieux Hallie Lightweight Base,Rider > Accessories & Apparel > Shirts,IT08214018,Color: Jungle,Size: 4,,,,Wellington Warehouse,49390,49390,49390,84950,0,0,
3,Shirts,1777650559287,C,1,LeMieux Hallie Lightweight Base,Rider > Accessories & Apparel > Shirts,IT08214014,Color: Jungle,Size: 8,,,,Wellington Warehouse,49390,49390,49390,84950,0,0,
1,Shirts,1777650559287,C,1,LeMieux Hallie Lightweight Base,Rider > Accessories & Apparel > Shirts,IT08213018,Color: Powder Blue,Size: 4,,,,Wellington Warehouse,49390,49390,49390,84950,0,0,
2,Shirts,1777650559287,C,1,LeMieux Hallie Lightweight Base,Rider > Accessories & Apparel > Shirts,IT08213016,Color: Powder Blue,Size: 12,,,,Wellington Warehouse,49390,49390,49390,84950,0,0,
1,Shirts,1777650559287,C,1,LeMieux Hallie Lightweight Base,Rider > Accessories & Apparel > Shirts,IT08213017,Color: Powder Blue,Size: 2,,,,Wellington Warehouse,49390,49390,49390,84950,0,0,
3,Shirts,1777650559287,C,1,LeMieux Hallie Lightweight Base,Rider > Accessories & Apparel > Shirts,IT08213013,Color: Powder Blue,Size: 6,,,,Wellington Warehouse,49390,49390,49390,84950,0,0,
2,LVL 3,1770396427445,Saddle Pads 3,3,LeMieux Loire Classic Dressage Saddle Pad,Tack & Equipment > English Saddle Pads > Dressage Saddle Pads,IT08289005,Color: Jungle,Size: Full,,,,Wellington Warehouse,0,0,0,119950,0,0,0.03661193
2,LVL 3,1770396427445,Saddle Pads 3,3,LeMieux Loire Classic Dressage Saddle Pad,Tack & Equipment > English Saddle Pads > Dressage Saddle Pads,IT08288066,Color: Powder Blue,Size: Cob,,,,Wellington Warehouse,0,0,0,119950,0,0,
4,LVL 3,1770396427445,Saddle Pads 3,3,LeMieux Loire Classic Dressage Saddle Pad,Tack & Equipment > English Saddle Pads > Dressage Saddle Pads,IT08287005,Color: Mallow,Size: Full,,,,Wellington Warehouse,0,0,0,119950,0,0,
3,LVL 3,1770396427445,Saddle Pads 3,3,LeMieux Loire Classic Dressage Saddle Pad,Tack & Equipment > English Saddle Pads > Dressage Saddle Pads,IT08288005,Color: Powder Blue,Size: Full,,,,Wellington Warehouse,0,0,0,119950,0,0,
3,LVL 3,1770396427445,Saddle Pads 3,3,LeMieux Loire Classic Dressage Saddle Pad,Tack & Equipment > English Saddle Pads > Dressage Saddle Pads,IT08287066,Color: Mallow,Size: Cob,,,,Wellington Warehouse,0,0,0,119950,0,0,
2,LVL 3,1770396427445,Saddle Pads 3,3,LeMieux Loire Classic Dressage Saddle Pad,Tack & Equipment > English Saddle Pads > Dressage Saddle Pads,IT08289066,Color: Jungle,Size: Cob,,,,Wellington Warehouse,0,0,0,119950,0,0,
2,LVL 4,1770396427446,Saddle Pads 3,4,LeMieux Classic Close Contact Loire Saddle Pad,Tack & Equipment > English Saddle Pads > All Purpose & Hunter/Jumper Saddle Pads,IT08285066,Color: Powder Blue,Size: Cob,,,,Wellington Warehouse,69390,69390,69390,119950,0,0,
2,LVL 4,1770396427446,Saddle Pads 3,4,LeMieux Classic Close Contact Loire Saddle Pad,Tack & Equipment > English Saddle Pads > All Purpose & Hunter/Jumper Saddle Pads,IT08284066,Color: Mallow,Size: Cob,,,,Wellington Warehouse,69390,69390,69390,119950,0,0,0.0405712
4,LVL 4,1770396427446,Saddle Pads 3,4,LeMieux Classic Close Contact Loire Saddle Pad,Tack & Equipment > English Saddle Pads > All Purpose & Hunter/Jumper Saddle Pads,IT08284005,Color: Mallow,Size: Full,,,,Wellington Warehouse,69390,69390,69390,119950,0,0,
3,LVL 4,1770396427446,Saddle Pads 3,4,LeMieux Classic Close Contact Loire Saddle Pad,Tack & Equipment > English Saddle Pads > All Purpose & Hunter/Jumper Saddle Pads,IT08285005,Color: Powder Blue,Size: Full,,,,Wellington Warehouse,69390,69390,69390,119950,0,0,
3,BIN-04,1777314709514,Shelf 21,4,LeMieux Classic Loire Fly Bonnet,Tack & Equipment > Ear Plugs & Bonnets > Bonnets,IT08281004,Color: Mallow,Size: Cob,,,,Wellington Warehouse,39390,39390,39390,64950,0,0,
2,BIN-04,1777314709514,Shelf 21,4,LeMieux Classic Loire Fly Bonnet,Tack & Equipment > Ear Plugs & Bonnets > Bonnets,IT08282004,Color: Powder Blue,Size: Cob,,,,Wellington Warehouse,39390,39390,39390,64950,0,0,
1,BIN-04,1777314709514,Shelf 21,4,LeMieux Classic Loire Fly Bonnet,Tack & Equipment > Ear Plugs & Bonnets > Bonnets,IT08283004,Color: Jungle,Size: Cob,,,,Wellington Warehouse,39390,39390,39390,64950,0,0,0.07430958
4,BIN-04,1777314709514,Shelf 21,4,LeMieux Classic Loire Fly Bonnet,Tack & Equipment > Ear Plugs & Bonnets > Bonnets,IT08281005,Color: Mallow,Size: Full,,,,Wellington Warehouse,39390,39390,39390,64950,0,0,
3,BIN-04,1777314709514,Shelf 21,4,LeMieux Classic Loire Fly Bonnet,Tack & Equipment > Ear Plugs & Bonnets > Bonnets,IT08283005,Color: Jungle,Size: Full,,,,Wellington Warehouse,39390,39390,39390,64950,0,0,
2,BIN-04,1777314709514,Shelf 21,4,LeMieux Classic Loire Fly Bonnet,Tack & Equipment > Ear Plugs & Bonnets > Bonnets,IT08282005,Color: Powder Blue,Size: Full,,,,Wellington Warehouse,39390,39390,39390,64950,0,0,0.011331241
1,BIN-04,1777314709514,Shelf 21,4,LeMieux Classic Loire Fly Bonnet,Tack & Equipment > Ear Plugs & Bonnets > Bonnets,IT08281006,Color: Mallow,Size: Oversize,,,,Wellington Warehouse,39390,39390,39390,64950,0,0,
2,BIN-04,1777314709514,Shelf 21,4,LeMieux Classic Loire Fly Bonnet,Tack & Equipment > Ear Plugs & Bonnets > Bonnets,IT08283006,Color: Jungle,Size: Oversize,,,,Wellington Warehouse,39390,39390,39390,64950,0,0,
2,BIN-04,1777314709514,Shelf 21,4,LeMieux Classic Loire Fly Bonnet,Tack & Equipment > Ear Plugs & Bonnets > Bonnets,IT08282006,Color: Powder Blue,Size: Oversize,,,,Wellington Warehouse,39390,39390,39390,64950,0,0,
4,LVL 3,1770396427445,Saddle Pads 3,3,LeMieux Essence Dressage Saddle Pad,Tack & Equipment > English Saddle Pads > Dressage Saddle Pads,IT08325005,Color: Fondant,Size: Full,,,,Wellington Warehouse,64390,64390,64390,109950,0,0,
3,LVL 3,1770396427445,Saddle Pads 3,3,LeMieux Essence Dressage Saddle Pad,Tack & Equipment > English Saddle Pads > Dressage Saddle Pads,IT08325066,Color: Fondant,Size: Cob,,,,Wellington Warehouse,64390,64390,64390,109950,0,0,
1,LVL 4,1770396427446,Saddle Pads 3,4,LeMieux Essence Close Contact Saddle Pad,Tack & Equipment > English Saddle Pads > All Purpose & Hunter/Jumper Saddle Pads,IT09067005,Color: Fondant,Size: Full,,,,Wellington Warehouse,0,0,0,109950,0,0,0.066207774
1,LVL 4,1770396427446,Saddle Pads 3,4,LeMieux Essence Close Contact Saddle Pad,Tack & Equipment > English Saddle Pads > All Purpose & Hunter/Jumper Saddle Pads,IT09067066,Color: Fondant,Size: Cob,,,,Wellington Warehouse,0,0,0,109950,0,0,0.047318608
4,BIN-04,1777314709514,Shelf 21,4,LeMieux Essence Fly Bonnet,Tack & Equipment > Ear Plugs & Bonnets > Bonnets,IT08328005,Size: Full,Color: Fondant,,,,Wellington Warehouse,39990,39990,39990,64950,0,0,0.03470198
2,BIN-04,1777314709514,Shelf 21,4,LeMieux Essence Fly Bonnet,Tack & Equipment > Ear Plugs & Bonnets > Bonnets,IT08328006,Size: Oversize,Color: Fondant,,,,Wellington Warehouse,39990,39990,39990,64950,0,0,
3,BIN-04,1777314709514,Shelf 21,4,LeMieux Essence Fly Bonnet,Tack & Equipment > Ear Plugs & Bonnets > Bonnets,IT08328004,Size: Cob,Color: Fondant,,,,Wellington Warehouse,39990,39990,39990,64950,0,0,
1,LVL 2,1771953347959,Fly Sheets 1,2,LeMieux Arika Shower Tek Fly Rug,Horse Wear > Fly & Insect Control > Fly Sheets,IT04127029,Color: Grey,Size: 78,,,,Wellington Warehouse,99080,99080,99080,189950,0,0,0.80158514
1,LVL 2,1771953347959,Fly Sheets 1,2,LeMieux Arika Shower Tek Fly Rug,Horse Wear > Fly & Insect Control > Fly Sheets,IT04127031,Color: Grey,Size: 84,,,,Wellington Warehouse,99080,99080,99080,189950,0,0,
3,LVL 2,1771953347959,Fly Sheets 1,2,LeMieux Arika Shower Tek Fly Rug,Horse Wear > Fly & Insect Control > Fly Sheets,IT04127028,Color: Grey,Size: 75,,,,Wellington Warehouse,99080,99080,99080,189950,0,0,
1,LVL 2,1771953347959,Fly Sheets 1,2,LeMieux Arika Shower Tek Fly Rug,Horse Wear > Fly & Insect Control > Fly Sheets,IT04127026,Color: Grey,Size: 69,,,,Wellington Warehouse,99080,99080,99080,189950,0,0,
2,LVL 2,1771953347959,Fly Sheets 1,2,LeMieux Arika Shower Tek Fly Rug,Horse Wear > Fly & Insect Control > Fly Sheets,IT04127027,Color: Grey,Size: 72,,,,Wellington Warehouse,99080,99080,99080,189950,0,0,
4,LVL 2,1771953347959,Fly Sheets 1,2,LeMieux Arika Shower Tek Fly Rug,Horse Wear > Fly & Insect Control > Fly Sheets,IT04127030,Color: Grey,Size: 81,,,,Wellington Warehouse,99080,99080,99080,189950,1,0,
2,LVL 2,1771953347959,Fly Sheets 1,2,LeMieux Kudos Shower Pro Waterproof Fly Rug,Horse Wear > Fly & Insect Control > Fly Sheets,IT04129027,Color: Grey,Size: 72,,,,Wellington Warehouse,123990,123990,123990,239950,0,0,
2,LVL 2,1771953347959,Fly Sheets 1,2,LeMieux Kudos Shower Pro Waterproof Fly Rug,Horse Wear > Fly & Insect Control > Fly Sheets,IT04129028,Color: Grey,Size: 75,,,,Wellington Warehouse,123990,123990,123990,239950,0,0,
1,LVL 2,1771953347959,Fly Sheets 1,2,LeMieux Kudos Shower Pro Waterproof Fly Rug,Horse Wear > Fly & Insect Control > Fly Sheets,IT04129026,Color: Grey,Size: 69,,,,Wellington Warehouse,123990,123990,123990,239950,0,0,
4,LVL 2,1771953347959,Fly Sheets 1,2,LeMieux Kudos Shower Pro Waterproof Fly Rug,Horse Wear > Fly & Insect Control > Fly Sheets,IT04129030,Color: Grey,Size: 81,,,,Wellington Warehouse,123990,123990,123990,239950,0,0,
1,LVL 2,1771953347959,Fly Sheets 1,2,LeMieux Kudos Shower Pro Waterproof Fly Rug,Horse Wear > Fly & Insect Control > Fly Sheets,IT04129031,Color: Grey,Size: 84,,,,Wellington Warehouse,123990,123990,123990,239950,0,0,
0,LVL 2,1771953347959,Fly Sheets 1,2,LeMieux Kudos Shower Pro Waterproof Fly Rug,Horse Wear > Fly & Insect Control > Fly Sheets,IT04129029,Color: Grey,Size: 78,,,,Wellington Warehouse,123990,123990,123990,239950,0,0,0.011824999
0,Shirts,1777650559287,C,1,Solid Citizen Coco Cap-sleeve Equestrian Show Shirt,Rider > Accessories & Apparel > Shirts,SolidCitizenCocoCapSleeveEquestrianShowShirt-Ivory-XS,Color: Ivory,Size: XS,,,,Wellington Warehouse,0,0,0,150000,0,0,0.0358931
0,Cycle Counted,1777744483593,C,1,Solid Citizen Coco Cap-sleeve Equestrian Show Shirt,Rider > Accessories & Apparel > Shirts,SolidCitizenCocoCapSleeveEquestrianShowShirt-Ivory-M,Color: Ivory,Size: M,,,,Wellington Warehouse,0,0,0,150000,0,0,
0,Shirts,1777650559287,C,1,Solid Citizen Coco Cap-sleeve Equestrian Show Shirt,Rider > Accessories & Apparel > Shirts,SolidCitizenCocoCapSleeveEquestrianShowShirt-Ivory-L,Color: Ivory,Size: L,,,,Wellington Warehouse,0,0,0,150000,0,0,
0,Shirts,1777650559287,C,1,Solid Citizen Coco Cap-sleeve Equestrian Show Shirt,Rider > Accessories & Apparel > Shirts,SolidCitizenCocoCapSleeveEquestrianShowShirt-Ivory-S,Color: Ivory,Size: S,,,,Wellington Warehouse,0,0,0,150000,0,0,0.018601084
0,Shirts,1777650559287,C,1,Solid Citizen Haley UV Riding Base-layer Turtleneck Sun-shirt,Rider > Accessories & Apparel > Shirts,SolidCitizenHaleyUvRidingBaseLayerTurtleneckSunShirt-Espresso-S,Color: Espresso,Size: S,,,,Wellington Warehouse,0,0,0,130000,0,0,0.011423172
0,Shirts,1777650559287,C,1,Solid Citizen Haley UV Riding Base-layer Turtleneck Sun-shirt,Rider > Accessories & Apparel > Shirts,SolidCitizenHaleyUvRidingBaseLayerTurtleneckSunShirt-Espresso-L,Color: Espresso,Size: L,,,,Wellington Warehouse,0,0,0,130000,0,0,
0,Cycle Counted,1777744483593,C,1,Solid Citizen Haley UV Riding Base-layer Turtleneck Sun-shirt,Rider > Accessories & Apparel > Shirts,SolidCitizenHaleyUvRidingBaseLayerTurtleneckSunShirt-Espresso-M,Color: Espresso,Size: M,,,,Wellington Warehouse,0,0,0,130000,0,0,
0,Shirts,1777650559287,C,1,Solid Citizen Haley UV Riding Base-layer Turtleneck Sun-shirt,Rider > Accessories & Apparel > Shirts,SolidCitizenHaleyUvRidingBaseLayerTurtleneckSunShirt-Espresso-XS,Color: Espresso,Size: XS,,,,Wellington Warehouse,0,0,0,130000,0,0,0.10233676
0,Shirts,1777650559287,C,1,Solid Citizen Haley UV Riding Base-layer Turtleneck Sun-shirt,Rider > Accessories & Apparel > Shirts,SolidCitizenHaleyUvRidingBaseLayerTurtleneckSunShirt-Stone-M,Color: Stone,Size: M,,,,Wellington Warehouse,0,0,0,130000,0,0,
0,Shirts,1777650559287,C,1,Solid Citizen Haley UV Riding Base-layer Turtleneck Sun-shirt,Rider > Accessories & Apparel > Shirts,SolidCitizenHaleyUvRidingBaseLayerTurtleneckSunShirt-Stone-XS,Color: Stone,Size: XS,,,,Wellington Warehouse,0,0,0,130000,0,0,
0,Cycle Counted,1777744483593,C,1,Solid Citizen Haley UV Riding Base-layer Turtleneck Sun-shirt,Rider > Accessories & Apparel > Shirts,SolidCitizenHaleyUvRidingBaseLayerTurtleneckSunShirt-Stone-S,Color: Stone,Size: S,,,,Wellington Warehouse,0,0,0,130000,0,0,0.0120849395
0,Shirts,1777650559287,C,1,Solid Citizen Haley UV Riding Base-layer Turtleneck Sun-shirt,Rider > Accessories & Apparel > Shirts,SolidCitizenHaleyUvRidingBaseLayerTurtleneckSunShirt-Stone-L,Color: Stone,Size: L,,,,Wellington Warehouse,0,0,0,130000,0,0,
0,Shirts,1777650559287,C,1,Solid Citizen Isabel 2.0 Long-sleeve Equestrian Show Shirt,Rider > Accessories & Apparel > Shirts,SolidCitizenIsabel20LongSleeveEquestrianShowShirt-Navy-L,Color: Navy,Size: L,,,,Wellington Warehouse,0,0,0,140000,0,0,
0,Shirts,1777650559287,C,1,Solid Citizen Isabel 2.0 Long-sleeve Equestrian Show Shirt,Rider > Accessories & Apparel > Shirts,SolidCitizenIsabel20LongSleeveEquestrianShowShirt-Navy-S,Color: Navy,Size: S,,,,Wellington Warehouse,0,0,0,140000,0,0,0.02143151
0,Shirts,1777650559287,C,1,Solid Citizen Jessica II Gingham Equestrian Button-Down Shirt,Rider > Accessories & Apparel > Shirts,SolidCitizenJessicaIiGinghamEquestrianButtonDownShirt-Cinnamon-S,Color: Cinnamon,Size: S,,,,Wellington Warehouse,0,0,0,145000,0,0,
0,Shirts,1777650559287,C,1,Solid Citizen Jessica II Gingham Equestrian Button-Down Shirt,Rider > Accessories & Apparel > Shirts,SolidCitizenJessicaIiGinghamEquestrianButtonDownShirt-Cinnamon-M,Color: Cinnamon,Size: M,,,,Wellington Warehouse,0,0,0,145000,0,0,0.04839836
0,Shirts,1777650559287,C,1,Solid Citizen Jessica II Gingham Equestrian Button-Down Shirt,Rider > Accessories & Apparel > Shirts,SolidCitizenJessicaIiGinghamEquestrianButtonDownShirt-Cinnamon-L,Color: Cinnamon,Size: L,,,,Wellington Warehouse,0,0,0,145000,0,0,
0,Shirts,1777650559287,C,1,Solid Citizen Jessica II Gingham Equestrian Button-Down Shirt,Rider > Accessories & Apparel > Shirts,SolidCitizenJessicaIiGinghamEquestrianButtonDownShirt-Cinnamon-XS,Color: Cinnamon,Size: XS,,,,Wellington Warehouse,0,0,0,145000,0,0,0.21159904
0,Jackets,1777650559286,C,1,Solid Citizen Parker Cropped Equestrian Sweater,Rider > Accessories & Apparel > Jackets,SolidCitizenParkerCroppedEquestrianSweater-Brown-M,Color: Brown,Size: M,,,,Wellington Warehouse,0,0,0,388000,0,0,
0,Jackets,1777650559286,C,1,Solid Citizen Parker Cropped Equestrian Sweater,Rider > Accessories & Apparel > Jackets,SolidCitizenParkerCroppedEquestrianSweater-Brown-L,Color: Brown,Size: L,,,,Wellington Warehouse,0,0,0,388000,0,0,0.17131694
0,Shirts,1777650559287,C,1,Solid Citizen Isabel 2.0 Long-sleeve Equestrian Show Shirt,Rider > Accessories & Apparel > Shirts,SolidCitizenIsabel20LongSleeveEquestrianShowShirt-Navy-M,Color: Navy,Size: M,,,,Wellington Warehouse,0,0,0,140000,0,0,1
0,Shirts,1777650559287,C,1,Yagya Lightweight Long Sleeve,Rider > Accessories & Apparel > Shirts,1000000001191,Size: Large,Color: Slate Blue,,,,Wellington Warehouse,55000,55000,55000,160000,0,0,0.13248883
0,Jackets,1777650559286,C,1,Yagya Performance Show Jacket,Rider > Accessories & Apparel > Jackets,1000000001282,Color: Hunter Green,Size: Large,,,,Wellington Warehouse,250000,250000,250000,580000,0,0,
0,Jackets,1777650559286,C,1,Yagya Performance Show Jacket,Rider > Accessories & Apparel > Jackets,1000000001281,Color: Hunter Green,Size: Medium,,,,Wellington Warehouse,250000,250000,250000,580000,0,0,
0,Jackets,1777650559286,C,1,Yagya Performance Show Jacket,Rider > Accessories & Apparel > Jackets,1000000001266,Color: Slate Blue,Size: Small,,,,Wellington Warehouse,250000,250000,250000,580000,0,0,0.18341908
0,Jackets,1777650559286,C,1,Yagya Performance Show Jacket,Rider > Accessories & Apparel > Jackets,1000000001267,Color: Slate Blue,Size: Medium,,,,Wellington Warehouse,250000,250000,250000,580000,0,0,
0,Jackets,1777650559286,C,1,Yagya Performance Show Jacket,Rider > Accessories & Apparel > Jackets,1000000001265,Color: Slate Blue,Size: XS,,,,Wellington Warehouse,250000,250000,250000,580000,0,0,
0,Jackets,1777650559286,C,1,Yagya Performance Show Jacket,Rider > Accessories & Apparel > Jackets,1000000001268,Color: Slate Blue,Size: Large,,,,Wellington Warehouse,250000,250000,250000,580000,0,0,
0,Cycle Counted,1777744483593,C,1,Equiline Isabel - Women's Show Shirt in Technical Fabric,Rider > Accessories & Apparel > Shirts,EC018-H00504-001,Size: S,,,,,Wellington Warehouse,49500,49500,49500,99000,0,0,
2,BIN-02,1767466772768,Shelf 3,2,LeMieux ArmourShield Pro Fly Mask,Horse Wear > Fly & Insect Control > Fly Masks,IT00815004,Size: Medium,Style: Half,Color: Navy,,,Wellington Warehouse,27810,27810,27810,46950,0,0,
1,BIN-02,1767466772768,Shelf 3,2,LeMieux ArmourShield Pro Fly Mask,Horse Wear > Fly & Insect Control > Fly Masks,IT03906005,Size: Large,Style: Half,Color: Grey,,,Wellington Warehouse,27810,27810,27810,46950,0,0,0.02813015
2,BIN-02,1767466772768,Shelf 3,2,LeMieux ArmourShield Pro Fly Mask,Horse Wear > Fly & Insect Control > Fly Masks,IT03907004,Size: Medium,Style: Full,Color: Grey,,,Wellington Warehouse,29350,29350,29350,49950,0,0,
2,BIN-02,1767466772768,Shelf 3,2,LeMieux ArmourShield Pro Fly Mask,Horse Wear > Fly & Insect Control > Fly Masks,IT03906006,Size: X-Large,Style: Half,Color: Grey,,,Wellington Warehouse,27810,27810,27810,46950,0,0,
3,BIN-02,1767466772768,Shelf 3,2,LeMieux ArmourShield Pro Fly Mask,Horse Wear > Fly & Insect Control > Fly Masks,IT03907005,Size: Large,Style: Full,Color: Grey,,,Wellington Warehouse,29350,29350,29350,49950,0,0,
2,BIN-02,1767466772768,Shelf 3,2,LeMieux ArmourShield Pro Fly Mask,Horse Wear > Fly & Insect Control > Fly Masks,IT00815006,Size: X-Large,Style: Half,Color: Navy,,,Wellington Warehouse,27810,27810,27810,46950,0,0,0.0540345
1,BIN-02,1767466772768,Shelf 3,2,LeMieux ArmourShield Pro Fly Mask,Horse Wear > Fly & Insect Control > Fly Masks,IT00816004,Size: Medium,Style: Full,Color: Navy,,,Wellington Warehouse,29350,29350,29350,49950,0,0,0.020951664
0,BIN-02,1767466772768,Shelf 3,2,LeMieux ArmourShield Pro Fly Mask,Horse Wear > Fly & Insect Control > Fly Masks,IT00816005,Size: Large,Style: Full,Color: Navy,,,Wellington Warehouse,29350,29350,29350,49950,0,0,0.14425385
2,BIN-02,1767466772768,Shelf 3,2,LeMieux ArmourShield Pro Fly Mask,Horse Wear > Fly & Insect Control > Fly Masks,IT00815005,Size: Large,Style: Half,Color: Navy,,,Wellington Warehouse,27810,27810,27810,46950,0,0,
0,BIN-02,1767466772768,Shelf 3,2,LeMieux ArmourShield Pro Fly Mask,Horse Wear > Fly & Insect Control > Fly Masks,IT03906004,Size: Medium,Style: Half,Color: Grey,,,Wellington Warehouse,27810,27810,27810,46950,0,0,0.033206422
2,BIN-02,1767466772768,Shelf 3,2,LeMieux ArmourShield Pro Fly Mask,Horse Wear > Fly & Insect Control > Fly Masks,IT00816006,Size: X-Large,Style: Full,Color: Navy,,,Wellington Warehouse,29350,29350,29350,49950,0,0,0.045900036
2,BIN-02,1767466772768,Shelf 3,2,LeMieux ArmourShield Pro Fly Mask,Horse Wear > Fly & Insect Control > Fly Masks,IT03907006,Size: X-Large,Style: Full,Color: Grey,,,Wellington Warehouse,29350,29350,29350,49950,0,0,
0,LVL 3,1767805838123,Fly Sheets 2,3,Weatherbeeta Comfitec Hexi Shield Fly Sheet Combo,Horse Wear > Fly & Insect Control > Fly Sheets,1029538006,"Size: 75""",Color: Silver,,,,Wellington Warehouse,66300,66300,66300,103990,0,5,0.05985915
4,LVL 3,1767805838123,Fly Sheets 2,3,Weatherbeeta Comfitec Hexi Shield Fly Sheet Combo,Horse Wear > Fly & Insect Control > Fly Sheets,1029538008,"Size: 81""",Color: Silver,,,,Wellington Warehouse,66300,66300,66300,103990,0,5,0.04534716
1,LVL 3,1767805838123,Fly Sheets 2,3,Weatherbeeta Comfitec Hexi Shield Fly Sheet Combo,Horse Wear > Fly & Insect Control > Fly Sheets,1029538009,"Size: 84""",Color: Silver,,,,Wellington Warehouse,66300,66300,66300,103990,0,3,0.029841844
0,LVL 3,1767805838123,Fly Sheets 2,3,Weatherbeeta Comfitec Hexi Shield Fly Sheet Combo,Horse Wear > Fly & Insect Control > Fly Sheets,1029538005,"Size: 72""",Color: Silver,,,,Wellington Warehouse,66300,66300,66300,103990,0,5,0.06146565
0,LVL 3,1767805838123,Fly Sheets 2,3,Weatherbeeta Comfitec Hexi Shield Fly Sheet Combo,Horse Wear > Fly & Insect Control > Fly Sheets,1029538004,"Size: 69""",Color: Silver,,,,Wellington Warehouse,66300,66300,66300,103990,0,3,0.03826893
0,LVL 3,1767805838123,Fly Sheets 2,3,Weatherbeeta Comfitec Hexi Shield Fly Sheet Combo,Horse Wear > Fly & Insect Control > Fly Sheets,1029538007,"Size: 78""",Color: Silver,,,,Wellington Warehouse,66300,66300,66300,103990,0,5,0.09069432
0,LVL 3,1771530839745,Blankets 9,3,Weatherbeeta Comfitec Ripshield Fly Sheet Detach-A-Neck,Horse Wear > Fly & Insect Control > Fly Sheets,1029540007,Color: Cobalt,"Size: 78""",,,,Wellington Warehouse,71400,71400,71400,111990,0,7,0.14868186
0,LVL 3,1771530839745,Blankets 9,3,Weatherbeeta Comfitec Ripshield Fly Sheet Detach-A-Neck,Horse Wear > Fly & Insect Control > Fly Sheets,1029540006,Color: Cobalt,"Size: 75""",,,,Wellington Warehouse,71400,71400,71400,111990,0,7,0.1036274
0,LVL 3,1771530839745,Blankets 9,3,Weatherbeeta Comfitec Ripshield Fly Sheet Detach-A-Neck,Horse Wear > Fly & Insect Control > Fly Sheets,1029540012,Color: Burgundy,"Size: 72""",,,,Wellington Warehouse,71400,71400,71400,111990,0,3,0.029693393
0,LVL 3,1771530839745,Blankets 9,3,Weatherbeeta Comfitec Ripshield Fly Sheet Detach-A-Neck,Horse Wear > Fly & Insect Control > Fly Sheets,1029540013,Color: Burgundy,"Size: 75""",,,,Wellington Warehouse,71400,71400,71400,111990,0,7,0.104053736
3,LVL 3,1771530839745,Blankets 9,3,Weatherbeeta Comfitec Ripshield Fly Sheet Detach-A-Neck,Horse Wear > Fly & Insect Control > Fly Sheets,1029540015,Color: Burgundy,"Size: 78""",,,,Wellington Warehouse,71400,71400,71400,111990,0,7,0.10349796
0,LVL 3,1771530839745,Blankets 9,3,Weatherbeeta Comfitec Ripshield Fly Sheet Detach-A-Neck,Horse Wear > Fly & Insect Control > Fly Sheets,1029540005,Color: Cobalt,"Size: 72""",,,,Wellington Warehouse,71400,71400,71400,111990,0,3,0.030012466
0,LVL 3,1771530839745,Blankets 9,3,Weatherbeeta Comfitec Ripshield Fly Sheet Detach-A-Neck,Horse Wear > Fly & Insect Control > Fly Sheets,1029540008,Color: Cobalt,"Size: 81""",,,,Wellington Warehouse,71400,71400,71400,111990,0,5,0.07419962
0,LVL 3,1771530839745,Blankets 9,3,Weatherbeeta Comfitec Ripshield Fly Sheet Detach-A-Neck,Horse Wear > Fly & Insect Control > Fly Sheets,1029540004,Color: Cobalt,"Size: 69""",,,,Wellington Warehouse,71400,71400,71400,111990,0,2,0.031020865
0,LVL 3,1771530839745,Blankets 9,3,Weatherbeeta Comfitec Ripshield Fly Sheet Detach-A-Neck,Horse Wear > Fly & Insect Control > Fly Sheets,1029540017,Color: Burgundy,"Size: 84""",,,,Wellington Warehouse,71400,71400,71400,111990,0,5,0.03060714
0,LVL 3,1771530839745,Blankets 9,3,Weatherbeeta Comfitec Ripshield Fly Sheet Detach-A-Neck,Horse Wear > Fly & Insect Control > Fly Sheets,1029540009,Color: Cobalt,"Size: 84""",,,,Wellington Warehouse,71400,71400,71400,111990,0,5,0.07183665
0,LVL 3,1771530839745,Blankets 9,3,Weatherbeeta Comfitec Ripshield Fly Sheet Detach-A-Neck,Horse Wear > Fly & Insect Control > Fly Sheets,1029540016,Color: Burgundy,"Size: 81""",,,,Wellington Warehouse,71400,71400,71400,111990,0,5,0.073264
0,LVL 3,1771530839745,Blankets 9,3,Weatherbeeta Comfitec Ripshield Fly Sheet Detach-A-Neck,Horse Wear > Fly & Insect Control > Fly Sheets,1029540011,Color: Burgundy,"Size: 69""",,,,Wellington Warehouse,71400,71400,71400,111990,0,2,0.029082974
3,LVL 2,1771530839744,Blankets 9,2,Weatherbeeta Comfitec Essential Sheet Combo Fly Sheet,Horse Wear > Fly & Insect Control > Fly Sheets,1029542011,Color: Burgundy,"Size: 78""",,,,Wellington Warehouse,45900,45900,45900,71990,0,4,0.013447349
2,LVL 2,1771530839744,Blankets 9,2,Weatherbeeta Comfitec Essential Sheet Combo Fly Sheet,Horse Wear > Fly & Insect Control > Fly Sheets,1029542008,Color: Burgundy,"Size: 69""",,,,Wellington Warehouse,45900,45900,45900,71990,0,2,
3,LVL 2,1771530839744,Blankets 9,2,Weatherbeeta Comfitec Essential Sheet Combo Fly Sheet,Horse Wear > Fly & Insect Control > Fly Sheets,1029542010,Color: Burgundy,"Size: 75""",,,,Wellington Warehouse,45900,45900,45900,71990,0,3,
3,LVL 2,1771530839744,Blankets 9,2,Weatherbeeta Comfitec Essential Sheet Combo Fly Sheet,Horse Wear > Fly & Insect Control > Fly Sheets,1029542009,Color: Burgundy,"Size: 72""",,,,Wellington Warehouse,45900,45900,45900,71990,0,3,
0,LVL 2,1771530839744,Blankets 9,2,Weatherbeeta Comfitec Essential Sheet Combo Fly Sheet,Horse Wear > Fly & Insect Control > Fly Sheets,1029542012,Color: Burgundy,"Size: 81""",,,,Wellington Warehouse,45900,45900,45900,71990,0,4,0.05153973
2,LVL 2,1771530839744,Blankets 9,2,Weatherbeeta Comfitec Essential Sheet Combo Fly Sheet,Horse Wear > Fly & Insect Control > Fly Sheets,1029542013,Color: Burgundy,"Size: 84""",,,,Wellington Warehouse,45900,45900,45900,71990,0,2,
13,Other,1777650559284,C,1,Corro Equestrian Boot Bag,Rider > Bags > Boot Bags,SME001,"Size: 28.3"" x 15.4"" x 10.2""",Color: Navy,,,,Wellington Warehouse,134490,134490,134490,174990,0,0,1.2383889
12,ROW 4 : LVL 2,1774281147462,Supplements 2,2,AniMed Muscle Up Powder,Horse Care > Supplements > Weight Gain & Muscle,053-90372,Size: 5 Pounds,,,,,Wellington Warehouse,47230,48470,49090,74400,0,0,
5,ROW 2 : LVL 1,1774281650391,Hoof/Treats,1,Likit Holder Refill,Horse Care > Treats & Toys > Toys & Licks,B2BAUS,Size: 650 gm,Flavor: Banana,,,,Wellington Warehouse,0,1850,3700,6990,0,0,0.0632208
3,ROW 2 : LVL 1,1774281650391,Hoof/Treats,1,Likit Holder Refill,Horse Care > Treats & Toys > Toys & Licks,B2APUS,Size: 650 gm,Flavor: Apple,,,,Wellington Warehouse,0,1850,3700,6990,0,0,0.105368
5,ROW 2 : LVL 1,1774281650391,Hoof/Treats,1,Likit Holder Refill,Horse Care > Treats & Toys > Toys & Licks,B2NAUS,Size: 650 gm,Flavor: Molasses,,,,Wellington Warehouse,0,1850,3700,6990,0,0,0.0842944
5,ROW 2 : LVL 1,1774281650391,Hoof/Treats,1,Likit Holder Refill,Horse Care > Treats & Toys > Toys & Licks,B2MIUS,Size: 650 gm,Flavor: Mint,,,,Wellington Warehouse,0,1850,3700,6990,0,0,0.0842944
4,BIN-03,1768232470958,Shelf 1,3,Weatherbeeta Comfitec Insect Guard Fly Mask with Ears and Nose,Horse Wear > Fly & Insect Control > Fly Masks,1029726002,Color: Black,Size: Medium,,,,Wellington Warehouse,14930,14930,14930,26390,0,5,0.2864903
6,BIN-03,1768232470958,Shelf 1,3,Weatherbeeta Comfitec Insect Guard Fly Mask with Ears and Nose,Horse Wear > Fly & Insect Control > Fly Masks,1029726003,Color: Black,Size: Large,,,,Wellington Warehouse,14930,14930,14930,26390,0,5,0.19099352
5,BIN-03,1768232470958,Shelf 1,3,Weatherbeeta Comfitec Insect Guard Fly Mask with Ears and Nose,Horse Wear > Fly & Insect Control > Fly Masks,1029726004,Color: Black,Size: Extra Large,,,,Wellington Warehouse,14930,14930,14930,26390,0,3,0.04774838
0,BIN-03,1768232470958,Shelf 1,3,Weatherbeeta Comfitec Insect Guard Fly Mask with Ears and Nose,Horse Wear > Fly & Insect Control > Fly Masks,1029726001,Color: Black,Size: Small,,,,Wellington Warehouse,14930,14930,14930,26390,0,2,0.19099352
6,BIN-04,1768232470959,Shelf 1,4,WeatherBeeta Comfitec Insect Fly Mask with Ears,Horse Wear > Fly & Insect Control > Fly Masks,1029724004,Color: Black,Size: Extra Large,,,,Wellington Warehouse,13580,13580,13580,23990,0,3,
7,BIN-04,1768232470959,Shelf 1,4,WeatherBeeta Comfitec Insect Fly Mask with Ears,Horse Wear > Fly & Insect Control > Fly Masks,1029724002,Color: Black,Size: Medium,,,,Wellington Warehouse,13580,13580,13580,23990,0,5,0.045588538
3,BIN-04,1768232470959,Shelf 1,4,WeatherBeeta Comfitec Insect Fly Mask with Ears,Horse Wear > Fly & Insect Control > Fly Masks,1029724003,Color: Black,Size: Large,,,,Wellington Warehouse,13580,13580,13580,23990,0,5,0.2572893
4,BIN-04,1768232470959,Shelf 1,4,WeatherBeeta Comfitec Insect Fly Mask with Ears,Horse Wear > Fly & Insect Control > Fly Masks,1029724001,Color: Black,Size: Small,,,,Wellington Warehouse,13580,13580,13580,23990,0,2,
3,BIN-01,1768232470956,Shelf 1,1,WeatherBeeta Comfitec Durable Mesh Fly Mask with Ears & Nose,Horse Wear > Fly & Insect Control > Fly Masks,1029730001,Size: Small,Color: Black,,,,Wellington Warehouse,13500,13500,13500,23990,0,2,0.048591863
0,BIN-01,1768232470956,Shelf 1,1,WeatherBeeta Comfitec Durable Mesh Fly Mask with Ears & Nose,Horse Wear > Fly & Insect Control > Fly Masks,1029730002,Size: Medium,Color: Black,,,,Wellington Warehouse,13500,13500,13500,23990,0,5,0.42932373
3,BIN-01,1768232470956,Shelf 1,1,WeatherBeeta Comfitec Durable Mesh Fly Mask with Ears & Nose,Horse Wear > Fly & Insect Control > Fly Masks,1029730003,Size: Large,Color: Black,,,,Wellington Warehouse,13500,13500,13500,23990,0,5,0.10256961
0,BIN-01,1768232470956,Shelf 1,1,WeatherBeeta Comfitec Durable Mesh Fly Mask with Ears & Nose,Horse Wear > Fly & Insect Control > Fly Masks,1029730004,Size: Extra Large,Color: Black,,,,Wellington Warehouse,13500,13500,13500,23990,0,3,0.32727057
4,BIN-01,1768232470956,Shelf 1,1,WeatherBeeta Comfitec Durable Mesh Fly Mask with Ears & Nose,Horse Wear > Fly & Insect Control > Fly Masks,1029730009,Size: Small,Color: Grey,,,,Wellington Warehouse,13500,13500,13500,23990,0,2,
10,BIN-01,1768232470956,Shelf 1,1,WeatherBeeta Comfitec Durable Mesh Fly Mask with Ears & Nose,Horse Wear > Fly & Insect Control > Fly Masks,1029730011,Size: Large,Color: Grey,,,,Wellington Warehouse,13500,13500,13500,23990,0,5,
6,BIN-01,1768232470956,Shelf 1,1,WeatherBeeta Comfitec Durable Mesh Fly Mask with Ears & Nose,Horse Wear > Fly & Insect Control > Fly Masks,1029730012,Size: Extra Large,Color: Grey,,,,Wellington Warehouse,13500,13500,13500,23990,0,3,
10,BIN-01,1768232470956,Shelf 1,1,WeatherBeeta Comfitec Durable Mesh Fly Mask with Ears & Nose,Horse Wear > Fly & Insect Control > Fly Masks,1029730010,Size: Medium,Color: Grey,,,,Wellington Warehouse,13500,13500,13500,23990,0,5,
10,BIN-02,1768232470957,Shelf 1,2,WeatherBeeta Comfitec Durable Mesh Fly Mask with Ears,Horse Wear > Fly & Insect Control > Fly Masks,1029728011,Color: Grey,Size: Large,,,,Wellington Warehouse,12530,12530,12530,22390,0,5,
5,BIN-02,1768232470957,Shelf 1,2,WeatherBeeta Comfitec Durable Mesh Fly Mask with Ears,Horse Wear > Fly & Insect Control > Fly Masks,1029728004,Color: Black,Size: Extra Large,,,,Wellington Warehouse,12530,12530,12530,22390,0,3,
4,BIN-02,1768232470957,Shelf 1,2,WeatherBeeta Comfitec Durable Mesh Fly Mask with Ears,Horse Wear > Fly & Insect Control > Fly Masks,1029728001,Color: Black,Size: Small,,,,Wellington Warehouse,12530,12530,12530,22390,0,2,
3,BIN-02,1768232470957,Shelf 1,2,WeatherBeeta Comfitec Durable Mesh Fly Mask with Ears,Horse Wear > Fly & Insect Control > Fly Masks,1029728009,Color: Grey,Size: Small,,,,Wellington Warehouse,12530,12530,12530,22390,0,2,
1,BIN-02,1768232470957,Shelf 1,2,WeatherBeeta Comfitec Durable Mesh Fly Mask with Ears,Horse Wear > Fly & Insect Control > Fly Masks,1029728002,Color: Black,Size: Medium,,,,Wellington Warehouse,12530,12530,12530,22390,0,5,0.104317985
0,BIN-02,1768232470957,Shelf 1,2,WeatherBeeta Comfitec Durable Mesh Fly Mask with Ears,Horse Wear > Fly & Insect Control > Fly Masks,1029728003,Color: Black,Size: Large,,,,Wellington Warehouse,12530,12530,12530,22390,0,5,0.14848863
5,BIN-02,1768232470957,Shelf 1,2,WeatherBeeta Comfitec Durable Mesh Fly Mask with Ears,Horse Wear > Fly & Insect Control > Fly Masks,1029728012,Color: Grey,Size: Extra Large,,,,Wellington Warehouse,12530,12530,12530,22390,0,3,0.386843
8,BIN-02,1768232470957,Shelf 1,2,WeatherBeeta Comfitec Durable Mesh Fly Mask with Ears,Horse Wear > Fly & Insect Control > Fly Masks,1029728010,Color: Grey,Size: Medium,,,,Wellington Warehouse,12530,12530,12530,22390,0,5,0.029929575
5,LVL 3,1771953347960,Fly Sheets 1,3,Horseware Ireland Amigo Bug Rug Plus,Horse Wear > Fly & Insect Control > Fly Sheets,AFRNGP-IJI0-81,Color: Silver/Titanium Gray,"Size: 81""",,,,Wellington Warehouse,65060,65060,65060,142950,0,0,0.042528994
5,LVL 3,1771953347960,Fly Sheets 1,3,Horseware Ireland Amigo Bug Rug Plus,Horse Wear > Fly & Insect Control > Fly Sheets,AFRNGP-IJI0-75,Color: Silver/Titanium Gray,"Size: 75""",,,,Wellington Warehouse,65060,65060,65060,142950,0,0,
9,LVL 3,1771953347960,Fly Sheets 1,3,Horseware Ireland Amigo Bug Rug Plus,Horse Wear > Fly & Insect Control > Fly Sheets,AFRNGP-IJI0-78,Color: Silver/Titanium Gray,"Size: 78""",,,,Wellington Warehouse,65060,65060,65060,142950,0,0,
5,LVL 3,1771953347960,Fly Sheets 1,3,Horseware Ireland Amigo Bug Rug Plus,Horse Wear > Fly & Insect Control > Fly Sheets,AFRNGP-IJI0-72,Color: Silver/Titanium Gray,"Size: 72""",,,,Wellington Warehouse,65060,65060,65060,142950,0,0,
3,LVL 3,1771953347960,Fly Sheets 1,3,Horseware Ireland Amigo Bug Rug Plus,Horse Wear > Fly & Insect Control > Fly Sheets,AFRNGP-IJI0-84,Color: Silver/Titanium Gray,"Size: 84""",,,,Wellington Warehouse,65060,65060,65060,142950,0,0,0.018251978
6,LVL 4,1771953347961,Fly Sheets 1,4,Horseware Ireland Amigo Integrated Fly Sheet,Horse Wear > Fly & Insect Control > Fly Sheets,AFRNGS-IJI0-78,"Size: 78""",Color: Silver/Titanium Gray,,,,Wellington Warehouse,40040,40040,40040,87950,0,0,0.045303214
5,LVL 4,1771953347961,Fly Sheets 1,4,Horseware Ireland Amigo Integrated Fly Sheet,Horse Wear > Fly & Insect Control > Fly Sheets,AFRNGS-IJI0-81,"Size: 81""",Color: Silver/Titanium Gray,,,,Wellington Warehouse,40040,40040,40040,87950,0,0,0.023170203
2,LVL 4,1771953347961,Fly Sheets 1,4,Horseware Ireland Amigo Integrated Fly Sheet,Horse Wear > Fly & Insect Control > Fly Sheets,AFRNGS-IJI0-84,"Size: 84""",Color: Silver/Titanium Gray,,,,Wellington Warehouse,40040,40040,40040,87950,0,0,0.029546743
6,LVL 4,1771953347961,Fly Sheets 1,4,Horseware Ireland Amigo Integrated Fly Sheet,Horse Wear > Fly & Insect Control > Fly Sheets,AFRNGS-IJI0-75,"Size: 75""",Color: Silver/Titanium Gray,,,,Wellington Warehouse,40040,40040,40040,87950,0,0,
3,LVL 4,1771953347961,Fly Sheets 1,4,Horseware Ireland Amigo Integrated Fly Sheet,Horse Wear > Fly & Insect Control > Fly Sheets,AFRNGS-IJI0-72,"Size: 72""",Color: Silver/Titanium Gray,,,,Wellington Warehouse,40040,40040,40040,87950,0,0,0.07550535
4,BIN-04,1768845069692,Shelf 15,4,Horseware Ireland Defense Fly Mask,Horse Wear > Fly & Insect Control > Fly Masks,DCHCNN-IIMA-PY,Color: Silver,Size: Pony,,,,Wellington Warehouse,17750,17750,17750,39950,0,0,
4,BIN-04,1768845069692,Shelf 15,4,Horseware Ireland Defense Fly Mask,Horse Wear > Fly & Insect Control > Fly Masks,DCHCNN-IIMA-CO,Color: Silver,Size: Cob,,,,Wellington Warehouse,17750,17750,17750,39950,0,0,0.034269515
4,BIN-04,1768845069692,Shelf 15,4,Horseware Ireland Defense Fly Mask,Horse Wear > Fly & Insect Control > Fly Masks,DCHCNN-IIMA-HO,Color: Silver,Size: Horse,,,,Wellington Warehouse,17750,17750,17750,39950,0,0,0.06853903
1,BIN-04,1768845069692,Shelf 15,4,Horseware Ireland Shield Flymask,Horse Wear > Fly & Insect Control > Fly Masks,DCHCN1-BI00-HO,Color: Navy,Size: Horse,,,,Wellington Warehouse,20020,20020,20020,43950,0,0,0.053107776
1,BIN-04,1768845069692,Shelf 15,4,Horseware Ireland Shield Flymask,Horse Wear > Fly & Insect Control > Fly Masks,DCHCN1-BI00-PY,Color: Navy,Size: Pony,,,,Wellington Warehouse,20020,20020,20020,43950,0,0,
1,BIN-04,1768845069692,Shelf 15,4,Horseware Ireland Shield Flymask,Horse Wear > Fly & Insect Control > Fly Masks,DCHCN1-BI00-CO,Color: Navy,Size: Cob,,,,Wellington Warehouse,20020,20020,20020,43950,0,0,0.028839234
6,BIN-04,1768845069692,Shelf 15,4,Horseware Ireland Amigo Fly Mask,Horse Wear > Fly & Insect Control > Fly Masks,DMRF60-IJD0-CO,Size: Cob,Color: Silver/Dark Gray,,,,Wellington Warehouse,15020,15020,15020,32950,0,0,
4,BIN-04,1768845069692,Shelf 15,4,Horseware Ireland Amigo Fly Mask,Horse Wear > Fly & Insect Control > Fly Masks,DMRF60-IJD0-PY,Size: Pony,Color: Silver/Dark Gray,,,,Wellington Warehouse,15020,15020,15020,32950,0,0,
3,BIN-04,1768845069692,Shelf 15,4,Horseware Ireland Amigo Fly Mask,Horse Wear > Fly & Insect Control > Fly Masks,DMRF60-IJD0-SP,Size: Small Pony,Color: Silver/Dark Gray,,,,Wellington Warehouse,15020,15020,15020,32950,0,0,0.015341881
10,BIN-04,1768845069692,Shelf 15,4,Horseware Ireland Amigo Fly Mask,Horse Wear > Fly & Insect Control > Fly Masks,DMRF60-IJD0-HO,Size: Horse,Color: Silver/Dark Gray,,,,Wellington Warehouse,15020,15020,15020,32950,0,0,0.076709405
0,BIN-03,1768845069691,Shelf 15,3,Horseware Ireland Rambo Tech-Fit Flyboot,Horse Wear > Fly & Insect Control > Fly Boots,DDHIM0-I000-FU,Size: Full,Color: Silver/Titanium Gray,,,,Wellington Warehouse,40040,40040,40040,87950,0,0,0.06622455
0,BIN-03,1768845069691,Shelf 15,3,Horseware Ireland Rambo Tech-Fit Flyboot,Horse Wear > Fly & Insect Control > Fly Boots,DDHIM0-I000-XF,Size: Extra Full,Color: Silver/Titanium Gray,,,,Wellington Warehouse,40040,40040,40040,87950,0,0,
0,BIN-03,1768845069691,Shelf 15,3,Horseware Ireland Fly Boots,Horse Wear > Fly & Insect Control > Fly Boots,DBHF22-IJI0-HO,Size: Horse,Color: Silver/Titanium Gray,,,,Wellington Warehouse,17740,17740,17740,39950,0,0,0.20432684
2,BIN-03,1768845069691,Shelf 15,3,Horseware Ireland Fly Boots,Horse Wear > Fly & Insect Control > Fly Boots,DBHF22-IJI0-PY,Size: Pony,Color: Silver/Titanium Gray,,,,Wellington Warehouse,17740,17740,17740,39950,0,0,0.08380212
3,BIN-03,1768845069691,Shelf 15,3,Horseware Ireland Fly Boots,Horse Wear > Fly & Insect Control > Fly Boots,DBHF22-IJI0-CO,Size: Cob,Color: Silver/Titanium Gray,,,,Wellington Warehouse,17740,17740,17740,39950,0,0,0.020432685
0,Cycle Counted,1777744483593,C,1,Equisite Alesia Long Sleeve Mockneck Officially Licensed FEI™ World Cup™ Finals Fort Worth 2026 Merchandise,Rider > Accessories & Apparel > Shirts,6596d5ce0b755-FEI,Color: White,Size: XS,,,,Wellington Warehouse,55000,55000,55000,110000,0,0,
0,Cycle Counted,1777744483593,C,1,Equisite Alesia Long Sleeve Mockneck Officially Licensed FEI™ World Cup™ Finals Fort Worth 2026 Merchandise,Rider > Accessories & Apparel > Shirts,sku-47110139576611-FEI,Color: Black,Size: XS,,,,Wellington Warehouse,55000,55000,55000,110000,0,0,0.020552915
1,Cycle Counted,1777744483593,C,1,Equisite Alesia Long Sleeve Mockneck Officially Licensed FEI™ World Cup™ Finals Fort Worth 2026 Merchandise,Rider > Accessories & Apparel > Shirts,6596d5ce0b759-FEI,Color: White,Size: M,,,,Wellington Warehouse,55000,55000,55000,110000,0,0,
1,Cycle Counted,1777744483593,C,1,Equisite Alesia Long Sleeve Mockneck Officially Licensed FEI™ World Cup™ Finals Fort Worth 2026 Merchandise,Rider > Accessories & Apparel > Shirts,6596d5c923cd8-FEI,Color: Black,Size: M,,,,Wellington Warehouse,55000,55000,55000,110000,0,0,0.044615168
1,Cycle Counted,1777744483593,C,1,Equisite Alesia Long Sleeve Mockneck Officially Licensed FEI™ World Cup™ Finals Fort Worth 2026 Merchandise,Rider > Accessories & Apparel > Shirts,sku-53634206531875-FEI,Color: Aubergine,Size: L,,,,Wellington Warehouse,55000,55000,55000,110000,0,0,
1,Cycle Counted,1777744483593,C,1,Equisite Alesia Long Sleeve Mockneck Officially Licensed FEI™ World Cup™ Finals Fort Worth 2026 Merchandise,Rider > Accessories & Apparel > Shirts,6596d5cc5e407-FEI,Color: Black,Size: XL,,,,Wellington Warehouse,55000,55000,55000,110000,0,0,
0,Cycle Counted,1777744483593,C,1,Equisite Alesia Long Sleeve Mockneck Officially Licensed FEI™ World Cup™ Finals Fort Worth 2026 Merchandise,Rider > Accessories & Apparel > Shirts,sku-53634206564643-FEI,Color: Aubergine,Size: XL,,,,Wellington Warehouse,55000,55000,55000,110000,0,0,0.034258615
1,Cycle Counted,1777744483593,C,1,Equisite Alesia Long Sleeve Mockneck Officially Licensed FEI™ World Cup™ Finals Fort Worth 2026 Merchandise,Rider > Accessories & Apparel > Shirts,6596d5cab0b72-FEI,Color: Black,Size: S,,,,Wellington Warehouse,55000,55000,55000,110000,0,0,0.04399262
1,Cycle Counted,1777744483593,C,1,Equisite Alesia Long Sleeve Mockneck Officially Licensed FEI™ World Cup™ Finals Fort Worth 2026 Merchandise,Rider > Accessories & Apparel > Shirts,sku-53634206466339-FEI,Color: Aubergine,Size: S,,,,Wellington Warehouse,55000,55000,55000,110000,0,0,0.024169879
1,Cycle Counted,1777744483593,C,1,Equisite Alesia Long Sleeve Mockneck Officially Licensed FEI™ World Cup™ Finals Fort Worth 2026 Merchandise,Rider > Accessories & Apparel > Shirts,6596d5c76b53d-FEI,Color: Black,Size: L,,,,Wellington Warehouse,55000,55000,55000,110000,0,0,0.024830239
0,Cycle Counted,1777744483593,C,1,Equisite Alesia Long Sleeve Mockneck Officially Licensed FEI™ World Cup™ Finals Fort Worth 2026 Merchandise,Rider > Accessories & Apparel > Shirts,sku-48651338318115-FEI,Color: White,Size: XL,,,,Wellington Warehouse,55000,55000,55000,110000,0,0,
0,Cycle Counted,1777744483593,C,1,Equisite Alesia Long Sleeve Mockneck Officially Licensed FEI™ World Cup™ Finals Fort Worth 2026 Merchandise,Rider > Accessories & Apparel > Shirts,sku-53634206499107-FEI,Color: Aubergine,Size: M,,,,Wellington Warehouse,55000,55000,55000,110000,0,0,
1,Cycle Counted,1777744483593,C,1,Equisite Alesia Long Sleeve Mockneck Officially Licensed FEI™ World Cup™ Finals Fort Worth 2026 Merchandise,Rider > Accessories & Apparel > Shirts,6596d5ce0b761-FEI,Color: White,Size: L,,,,Wellington Warehouse,55000,55000,55000,110000,0,0,
1,Cycle Counted,1777744483593,C,1,Equisite Alesia Long Sleeve Mockneck Officially Licensed FEI™ World Cup™ Finals Fort Worth 2026 Merchandise,Rider > Accessories & Apparel > Shirts,6596d5ce0b757-FEI,Color: White,Size: S,,,,Wellington Warehouse,55000,55000,55000,110000,0,0,0.074218236
0,Cycle Counted,1777744483593,C,1,Equisite Blaire Sleeveless Mockneck Officially Licensed FEI™ World Cup™ Finals Fort Worth 2026 Merchandise,Rider > Accessories & Apparel > Shirts,sku-53634207023395-FEI,Size: L,Color: Aubergine,,,,Wellington Warehouse,42500,42500,42500,85000,0,0,0.012127833
1,Cycle Counted,1777744483593,C,1,Equisite Blaire Sleeveless Mockneck Officially Licensed FEI™ World Cup™ Finals Fort Worth 2026 Merchandise,Rider > Accessories & Apparel > Shirts,sku-53634206957859-FEI,Size: S,Color: Aubergine,,,,Wellington Warehouse,42500,42500,42500,85000,0,0,
0,Cycle Counted,1777744483593,C,1,Equisite Blaire Sleeveless Mockneck Officially Licensed FEI™ World Cup™ Finals Fort Worth 2026 Merchandise,Rider > Accessories & Apparel > Shirts,sku-53634206925091-FEI,Size: XS,Color: Aubergine,,,,Wellington Warehouse,42500,42500,42500,85000,0,0,
1,Cycle Counted,1777744483593,C,1,Equisite Blaire Sleeveless Mockneck Officially Licensed FEI™ World Cup™ Finals Fort Worth 2026 Merchandise,Rider > Accessories & Apparel > Shirts,sku-52973387940131-FEI,Size: L,Color: White,,,,Wellington Warehouse,42500,42500,42500,85000,0,0,
1,Cycle Counted,1777744483593,C,1,Equisite Blaire Sleeveless Mockneck Officially Licensed FEI™ World Cup™ Finals Fort Worth 2026 Merchandise,Rider > Accessories & Apparel > Shirts,sku-52973387874595-FEI,Size: M,Color: White,,,,Wellington Warehouse,42500,42500,42500,85000,0,0,
1,Cycle Counted,1777744483593,C,1,Equisite Blaire Sleeveless Mockneck Officially Licensed FEI™ World Cup™ Finals Fort Worth 2026 Merchandise,Rider > Accessories & Apparel > Shirts,sku-52973387809059-FEI,Size: S,Color: White,,,,Wellington Warehouse,42500,42500,42500,85000,0,0,
0,Cycle Counted,1777744483593,C,1,Equisite Blaire Sleeveless Mockneck Officially Licensed FEI™ World Cup™ Finals Fort Worth 2026 Merchandise,Rider > Accessories & Apparel > Shirts,sku-53634206990627-FEI,Size: M,Color: Aubergine,,,,Wellington Warehouse,42500,42500,42500,85000,0,0,0.07419274
0,Cycle Counted,1777744483593,C,1,Equisite Blaire Sleeveless Mockneck Officially Licensed FEI™ World Cup™ Finals Fort Worth 2026 Merchandise,Rider > Accessories & Apparel > Shirts,sku-53634207056163-FEI,Size: XL,Color: Aubergine,,,,Wellington Warehouse,42500,42500,42500,85000,0,0,
0,Cycle Counted,1777744483593,C,1,Equisite Blaire Sleeveless Mockneck Officially Licensed FEI™ World Cup™ Finals Fort Worth 2026 Merchandise,Rider > Accessories & Apparel > Shirts,sku-52973388005667-FEI,Size: XL,Color: White,,,,Wellington Warehouse,42500,42500,42500,85000,0,0,
4,BIN-05,1768845069693,Shelf 15,5,Rambo Plus Fly Mask with Ears,Horse Wear > Fly & Insect Control > Fly Masks,DMAF15-IB00-SP,Color: Silver/Navy,Size: Small Pony,,,,Wellington Warehouse,27760,27760,27760,59950,0,0,
0,LVL 4,1771873985970,Sheets 4,4,Amigo Jersey Cooler,"Horse Wear > Blankets & Sheets > Coolers, Fleece & Covers",ACRJ44-BJI0-69,Size: 69-Inch,Color: Navy,,,,Wellington Warehouse,37760,37760,37760,82950,0,0,
190,BIN-05,1774375575874,Cavali 3,5,Equine Moscow Mule Mugs- Set of 2 - Gift,_elite_gift,WINTER405,Title: Default Title,,,,,Wellington Warehouse,9400,9400,9400,0,1,0,1.6363796
6,ROW 1 : LVL 2,1767888398016,Supplements 1,2,Kentucky Performance Elevate Maintenance Powder,Horse Care > Supplements > Vitamins & Minerals,14526-3,Size: 3 Pound Pellets,,,LOT# 0001241022,2027-09-01,Wellington Warehouse,33170,33170,33170,51570,0,0,
4,ROW 4 : LVL 2,1774281147462,Supplements 2,2,AniMed Via Calm,Horse Care > Supplements > Calming & Focus,12882-3,Size: 60 ml Gel,,,,,Wellington Warehouse,7110,7110,7110,9330,0,0,
1,Breeches,1777650559285,C,1,Equiline Grafton B-MOVE - Men's Knee Patch Riding Breeches in B-Move Fabric,Rider > Accessories & Apparel > Breeches,EC018-N08200-005-56,Color: Beige,Size: 56,,,,Wellington Warehouse,190000,190000,190000,379000,0,0,
1,Cycle Counted,1777744483593,C,1,Cadence Shirt - IN STORE,Rider > Accessories & Apparel > Shirts,C-54547185991971,Size: L,Color: Cashmere,,,,Wellington Warehouse,57000,57000,57000,95000,0,0,
1,Cycle Counted,1777744483593,C,1,Cadence Shirt - IN STORE,Rider > Accessories & Apparel > Shirts,C-54547186024739,Size: XL,Color: Cashmere,,,,Wellington Warehouse,57000,57000,57000,95000,0,0,
1,Cycle Counted,1777744483593,C,1,Cadence Shirt - IN STORE,Rider > Accessories & Apparel > Shirts,C-54547185959203,Size: M,Color: Cashmere,,,,Wellington Warehouse,57000,57000,57000,95000,0,0,
1,Cycle Counted,1777744483593,C,1,Cadence Shirt - IN STORE,Rider > Accessories & Apparel > Shirts,C-54459476181283,Size: L,Color: Cabernet,,,,Wellington Warehouse,57000,57000,57000,95000,0,0,
1,Cycle Counted,1777744483593,C,1,Cadence Shirt - IN STORE,Rider > Accessories & Apparel > Shirts,C-54459476214051,Size: XL,Color: Cabernet,,,,Wellington Warehouse,57000,57000,57000,95000,0,0,
1,Cycle Counted,1777744483593,C,1,Cadence Shirt - IN STORE,Rider > Accessories & Apparel > Shirts,C-54547185893667,Size: XS,Color: Cashmere,,,,Wellington Warehouse,57000,57000,57000,95000,0,0,
1,Cycle Counted,1777744483593,C,1,Cadence Shirt - IN STORE,Rider > Accessories & Apparel > Shirts,C-54459476082979,Size: XS,Color: Cabernet,,,,Wellington Warehouse,57000,57000,57000,95000,0,0,
1,Cycle Counted,1777744483593,C,1,Cadence Shirt - IN STORE,Rider > Accessories & Apparel > Shirts,C-54547185926435,Size: S,Color: Cashmere,,,,Wellington Warehouse,57000,57000,57000,95000,0,0,
1,Cycle Counted,1777744483593,C,1,Cadence Shirt - IN STORE,Rider > Accessories & Apparel > Shirts,C-54134706110755,Size: XXS,Color: White,,,,Wellington Warehouse,57000,57000,57000,95000,0,0,
1,Cycle Counted,1777744483593,C,1,Cadence Shirt - IN STORE,Rider > Accessories & Apparel > Shirts,C-54720014680355,Size: L,Color: Dove,,,,Wellington Warehouse,57000,57000,57000,95000,0,0,
1,Cycle Counted,1777744483593,C,1,Cadence Shirt - IN STORE,Rider > Accessories & Apparel > Shirts,C-54134706340131,Size: S,Color: Midnight Blue,,,,Wellington Warehouse,57000,57000,57000,95000,0,0,
1,Cycle Counted,1777744483593,C,1,Cadence Shirt - IN STORE,Rider > Accessories & Apparel > Shirts,C-54134706536739,Size: L,Color: Midnight Blue,,,,Wellington Warehouse,57000,57000,57000,95000,0,0,
1,Cycle Counted,1777744483593,C,1,Cadence Shirt - IN STORE,Rider > Accessories & Apparel > Shirts,C-54134706503971,Size: L,Color: White,,,,Wellington Warehouse,57000,57000,57000,95000,0,0,
1,Cycle Counted,1777744483593,C,1,Cadence Shirt - IN STORE,Rider > Accessories & Apparel > Shirts,C-54134706307363,Size: S,Color: White,,,,Wellington Warehouse,57000,57000,57000,95000,0,0,
1,Cycle Counted,1777744483593,C,1,Cadence Shirt - IN STORE,Rider > Accessories & Apparel > Shirts,C-54459476148515,Size: M,Color: Cabernet,,,,Wellington Warehouse,57000,57000,57000,95000,0,0,
1,Cycle Counted,1777744483593,C,1,Cadence Shirt - IN STORE,Rider > Accessories & Apparel > Shirts,C-54134706471203,Size: M,Color: Jet Black,,,,Wellington Warehouse,57000,57000,57000,95000,0,0,
1,Cycle Counted,1777744483593,C,1,Cadence Shirt - IN STORE,Rider > Accessories & Apparel > Shirts,C-54459476050211,Size: XXS,Color: Cabernet,,,,Wellington Warehouse,57000,57000,57000,95000,0,0,
1,Cycle Counted,1777744483593,C,1,Cadence Shirt - IN STORE,Rider > Accessories & Apparel > Shirts,C-54134706143523,Size: XXS,Color: Midnight Blue,,,,Wellington Warehouse,57000,57000,57000,95000,0,0,
1,Cycle Counted,1777744483593,C,1,Cadence Shirt - IN STORE,Rider > Accessories & Apparel > Shirts,C-54720014647587,Size: M,Color: Dove,,,,Wellington Warehouse,57000,57000,57000,95000,0,0,
1,Cycle Counted,1777744483593,C,1,Cadence Shirt - IN STORE,Rider > Accessories & Apparel > Shirts,C-54134706667811,Size: XL,Color: Jet Black,,,,Wellington Warehouse,57000,57000,57000,95000,0,0,
1,Cycle Counted,1777744483593,C,1,Cadence Shirt - IN STORE,Rider > Accessories & Apparel > Shirts,C-54720014549283,Size: XXS,Color: Dove,,,,Wellington Warehouse,57000,57000,57000,95000,0,0,
0,Cycle Counted,1777744483593,C,1,Cadence Shirt - IN STORE,Rider > Accessories & Apparel > Shirts,C-54134706372899,Size: S,Color: Jet Black,,,,Wellington Warehouse,57000,57000,57000,95000,0,0,
1,Cycle Counted,1777744483593,C,1,Cadence Shirt - IN STORE,Rider > Accessories & Apparel > Shirts,C-54134706274595,Size: XS,Color: Jet Black,,,,Wellington Warehouse,57000,57000,57000,95000,0,0,
1,Cycle Counted,1777744483593,C,1,Cadence Shirt - IN STORE,Rider > Accessories & Apparel > Shirts,C-54134706635043,Size: XL,Color: Midnight Blue,,,,Wellington Warehouse,57000,57000,57000,95000,0,0,
1,Cycle Counted,1777744483593,C,1,Cadence Shirt - IN STORE,Rider > Accessories & Apparel > Shirts,C-54720014582051,Size: XS,Color: Dove,,,,Wellington Warehouse,57000,57000,57000,95000,0,0,
1,Cycle Counted,1777744483593,C,1,Cadence Shirt - IN STORE,Rider > Accessories & Apparel > Shirts,C-54134706405667,Size: M,Color: White,,,,Wellington Warehouse,57000,57000,57000,95000,0,0,
1,Cycle Counted,1777744483593,C,1,Cadence Shirt - IN STORE,Rider > Accessories & Apparel > Shirts,C-54547185860899,Size: XXS,Color: Cashmere,,,,Wellington Warehouse,57000,57000,57000,95000,0,0,
1,Cycle Counted,1777744483593,C,1,Cadence Shirt - IN STORE,Rider > Accessories & Apparel > Shirts,C-54134706241827,Size: XS,Color: Midnight Blue,,,,Wellington Warehouse,57000,57000,57000,95000,0,0,
1,Cycle Counted,1777744483593,C,1,Cadence Shirt - IN STORE,Rider > Accessories & Apparel > Shirts,C-54134706602275,Size: XL,Color: White,,,,Wellington Warehouse,57000,57000,57000,95000,0,0,
1,Cycle Counted,1777744483593,C,1,Cadence Shirt - IN STORE,Rider > Accessories & Apparel > Shirts,C-54134706438435,Size: M,Color: Midnight Blue,,,,Wellington Warehouse,57000,57000,57000,95000,0,0,
1,Cycle Counted,1777744483593,C,1,Cadence Shirt - IN STORE,Rider > Accessories & Apparel > Shirts,C-54134706209059,Size: XS,Color: White,,,,Wellington Warehouse,57000,57000,57000,95000,0,0,
1,Cycle Counted,1777744483593,C,1,Cadence Shirt - IN STORE,Rider > Accessories & Apparel > Shirts,C-54720014614819,Size: S,Color: Dove,,,,Wellington Warehouse,57000,57000,57000,95000,0,0,
1,Cycle Counted,1777744483593,C,1,Cadence Shirt - IN STORE,Rider > Accessories & Apparel > Shirts,C-54459476115747,Size: S,Color: Cabernet,,,,Wellington Warehouse,57000,57000,57000,95000,0,0,
1,Cycle Counted,1777744483593,C,1,Cadence Shirt - IN STORE,Rider > Accessories & Apparel > Shirts,C-54134706176291,Size: XXS,Color: Jet Black,,,,Wellington Warehouse,57000,57000,57000,95000,0,0,
1,Cycle Counted,1777744483593,C,1,Cadence Shirt - IN STORE,Rider > Accessories & Apparel > Shirts,C-54720014713123,Size: XL,Color: Dove,,,,Wellington Warehouse,57000,57000,57000,95000,0,0,
1,Cycle Counted,1777744483593,C,1,Equisite Hallie Shirt - IN STORE,Rider > Accessories & Apparel > Shirts,C-50724825989411,Size: M,Color: Jet Black,,,,Wellington Warehouse,51000,51000,51000,85000,0,0,
1,Cycle Counted,1777744483593,C,1,Equisite Hallie Shirt - IN STORE,Rider > Accessories & Apparel > Shirts,C-53617714430243,Size: XXS,Color: Powder Blue,,,,Wellington Warehouse,51000,51000,51000,85000,0,0,
0,Cycle Counted,1777744483593,C,1,Equisite Hallie Shirt - IN STORE,Rider > Accessories & Apparel > Shirts,C-53322686464291,Size: S,Color: Powder Blue,,,,Wellington Warehouse,51000,51000,51000,85000,0,0,
1,Cycle Counted,1777744483593,C,1,Equisite Hallie Shirt - IN STORE,Rider > Accessories & Apparel > Shirts,C-54459475394851,Size: XXS,Color: Cabernet,,,,Wellington Warehouse,51000,51000,51000,85000,0,0,
1,Cycle Counted,1777744483593,C,1,Equisite Hallie Shirt - IN STORE,Rider > Accessories & Apparel > Shirts,C-50724826120483,Size: L,Color: White,,,,Wellington Warehouse,51000,51000,51000,85000,0,0,
1,Cycle Counted,1777744483593,C,1,Equisite Hallie Shirt - IN STORE,Rider > Accessories & Apparel > Shirts,C-54547180716323,Size: L,Color: Peony,,,,Wellington Warehouse,51000,51000,51000,85000,0,0,
1,Cycle Counted,1777744483593,C,1,Equisite Hallie Shirt - IN STORE,Rider > Accessories & Apparel > Shirts,C-50724825727267,Size: XS,Color: Graphite Grey,,,,Wellington Warehouse,51000,51000,51000,85000,0,0,
1,Cycle Counted,1777744483593,C,1,Equisite Hallie Shirt - IN STORE,Rider > Accessories & Apparel > Shirts,C-54459475525923,Size: L,Color: Cabernet,,,,Wellington Warehouse,51000,51000,51000,85000,0,0,
1,Cycle Counted,1777744483593,C,1,Equisite Hallie Shirt - IN STORE,Rider > Accessories & Apparel > Shirts,C-54312683110691,Size: XXS,Color: Forest,,,,Wellington Warehouse,51000,51000,51000,85000,0,0,
1,Cycle Counted,1777744483593,C,1,Equisite Hallie Shirt - IN STORE,Rider > Accessories & Apparel > Shirts,C-50724826022179,Size: M,Color: Midnight Blue,,,,Wellington Warehouse,51000,51000,51000,85000,0,0,
1,Cycle Counted,1777744483593,C,1,Equisite Hallie Shirt - IN STORE,Rider > Accessories & Apparel > Shirts,C-50724826087715,Size: M,Color: Eucalyptus,,,,Wellington Warehouse,51000,51000,51000,85000,0,0,
1,Cycle Counted,1777744483593,C,1,Equisite Hallie Shirt - IN STORE,Rider > Accessories & Apparel > Shirts,C-54719983255843,Size: XL,Color: Seastone,,,,Wellington Warehouse,51000,51000,51000,85000,0,0,
1,Cycle Counted,1777744483593,C,1,Equisite Hallie Shirt - IN STORE,Rider > Accessories & Apparel > Shirts,C-53617714495779,Size: XXS,Color: Midnight Blue,,,,Wellington Warehouse,51000,51000,51000,85000,0,0,
1,Cycle Counted,1777744483593,C,1,Equisite Hallie Shirt - IN STORE,Rider > Accessories & Apparel > Shirts,C-50724826349859,Size: XL,Color: Midnight Blue,,,,Wellington Warehouse,51000,51000,51000,85000,0,0,
1,Cycle Counted,1777744483593,C,1,Equisite Hallie Shirt - IN STORE,Rider > Accessories & Apparel > Shirts,C-50724826186019,Size: L,Color: Midnight Blue,,,,Wellington Warehouse,51000,51000,51000,85000,0,0,
2,Cycle Counted,1777744483593,C,1,Equisite Hallie Shirt - IN STORE,Rider > Accessories & Apparel > Shirts,C-50724825792803,Size: S,Color: White,,,,Wellington Warehouse,51000,51000,51000,85000,0,0,
2,Cycle Counted,1777744483593,C,1,Equisite Hallie Shirt - IN STORE,Rider > Accessories & Apparel > Shirts,C-50724825760035,Size: XS,Color: Eucalyptus,,,,Wellington Warehouse,51000,51000,51000,85000,0,0,
1,Cycle Counted,1777744483593,C,1,Equisite Hallie Shirt - IN STORE,Rider > Accessories & Apparel > Shirts,C-53634207449379,Size: XS,Color: Aubergine,,,,Wellington Warehouse,51000,51000,51000,85000,0,0,
1,Cycle Counted,1777744483593,C,1,Equisite Hallie Shirt - IN STORE,Rider > Accessories & Apparel > Shirts,C-54547180585251,Size: XXS,Color: Peony,,,,Wellington Warehouse,51000,51000,51000,85000,0,0,
1,Cycle Counted,1777744483593,C,1,Equisite Hallie Shirt - IN STORE,Rider > Accessories & Apparel > Shirts,C-53617714463011,Size: XXS,Color: White,,,,Wellington Warehouse,51000,51000,51000,85000,0,0,
1,Cycle Counted,1777744483593,C,1,Equisite Hallie Shirt - IN STORE,Rider > Accessories & Apparel > Shirts,C-50724826317091,Size: XL,Color: Jet Black,,,,Wellington Warehouse,51000,51000,51000,85000,0,0,
2,Cycle Counted,1777744483593,C,1,Equisite Hallie Shirt - IN STORE,Rider > Accessories & Apparel > Shirts,C-50724825858339,Size: S,Color: Midnight Blue,,,,Wellington Warehouse,51000,51000,51000,85000,0,0,
1,Cycle Counted,1777744483593,C,1,Equisite Hallie Shirt - IN STORE,Rider > Accessories & Apparel > Shirts,C-50724826284323,Size: XL,Color: White,,,,Wellington Warehouse,51000,51000,51000,85000,0,0,
1,Cycle Counted,1777744483593,C,1,Equisite Hallie Shirt - IN STORE,Rider > Accessories & Apparel > Shirts,C-54459475460387,Size: S,Color: Cabernet,,,,Wellington Warehouse,51000,51000,51000,85000,0,0,
1,Cycle Counted,1777744483593,C,1,Equisite Hallie Shirt - IN STORE,Rider > Accessories & Apparel > Shirts,C-54547180618019,Size: XS,Color: Peony,,,,Wellington Warehouse,51000,51000,51000,85000,0,0,
1,Cycle Counted,1777744483593,C,1,Equisite Hallie Shirt - IN STORE,Rider > Accessories & Apparel > Shirts,C-54719983190307,Size: L,Color: Seastone,,,,Wellington Warehouse,51000,51000,51000,85000,0,0,
1,Cycle Counted,1777744483593,C,1,Equisite Hallie Shirt - IN STORE,Rider > Accessories & Apparel > Shirts,C-50724825923875,Size: S,Color: Eucalyptus,,,,Wellington Warehouse,51000,51000,51000,85000,0,0,
1,Cycle Counted,1777744483593,C,1,Equisite Hallie Shirt - IN STORE,Rider > Accessories & Apparel > Shirts,C-50724826153251,Size: L,Color: Jet Black,,,,Wellington Warehouse,51000,51000,51000,85000,0,0,
2,Cycle Counted,1777744483593,C,1,Equisite Hallie Shirt - IN STORE,Rider > Accessories & Apparel > Shirts,C-54459475427619,Size: XS,Color: Cabernet,,,,Wellington Warehouse,51000,51000,51000,85000,0,0,
1,Cycle Counted,1777744483593,C,1,Equisite Hallie Shirt - IN STORE,Rider > Accessories & Apparel > Shirts,C-54719982895395,Size: XXS,Color: Dove,,,,Wellington Warehouse,51000,51000,51000,85000,0,0,
1,Cycle Counted,1777744483593,C,1,Equisite Hallie Shirt - IN STORE,Rider > Accessories & Apparel > Shirts,C-53617714397475,Size: XXS,Color: Eucalyptus,,,,Wellington Warehouse,51000,51000,51000,85000,0,0,
1,Cycle Counted,1777744483593,C,1,Equisite Hallie Shirt - IN STORE,Rider > Accessories & Apparel > Shirts,C-54719983223075,Size: XL,Color: Dove,,,,Wellington Warehouse,51000,51000,51000,85000,0,0,
1,Cycle Counted,1777744483593,C,1,Equisite Hallie Shirt - IN STORE,Rider > Accessories & Apparel > Shirts,C-54547180650787,Size: S,Color: Peony,,,,Wellington Warehouse,51000,51000,51000,85000,0,0,
1,Cycle Counted,1777744483593,C,1,Equisite Hallie Shirt - IN STORE,Rider > Accessories & Apparel > Shirts,C-54459475558691,Size: XL,Color: Cabernet,,,,Wellington Warehouse,51000,51000,51000,85000,0,0,
1,Cycle Counted,1777744483593,C,1,Equisite Hallie Shirt - IN STORE,Rider > Accessories & Apparel > Shirts,C-53322686529827,Size: L,Color: Powder Blue,,,,Wellington Warehouse,51000,51000,51000,85000,0,0,
1,Cycle Counted,1777744483593,C,1,Equisite Hallie Shirt - IN STORE,Rider > Accessories & Apparel > Shirts,C-54312683208995,Size: M,Color: Forest,,,,Wellington Warehouse,51000,51000,51000,85000,0,0,
1,Cycle Counted,1777744483593,C,1,Equisite Hallie Shirt - IN STORE,Rider > Accessories & Apparel > Shirts,C-54719983026467,Size: S,Color: Dove,,,,Wellington Warehouse,51000,51000,51000,85000,0,0,
1,Cycle Counted,1777744483593,C,1,Equisite Hallie Shirt - IN STORE,Rider > Accessories & Apparel > Shirts,C-54719983124771,Size: M,Color: Seastone,,,,Wellington Warehouse,51000,51000,51000,85000,0,0,
1,Cycle Counted,1777744483593,C,1,Equisite Hallie Shirt - IN STORE,Rider > Accessories & Apparel > Shirts,C-53617714528547,Size: XXS,Color: Jet Black,,,,Wellington Warehouse,51000,51000,51000,85000,0,0,
1,Cycle Counted,1777744483593,C,1,Equisite Hallie Shirt - IN STORE,Rider > Accessories & Apparel > Shirts,C-54719983157539,Size: L,Color: Dove,,,,Wellington Warehouse,51000,51000,51000,85000,0,0,
1,Cycle Counted,1777744483593,C,1,Equisite Hallie Shirt - IN STORE,Rider > Accessories & Apparel > Shirts,C-50724826415395,Size: XL,Color: Eucalyptus,,,,Wellington Warehouse,51000,51000,51000,85000,0,0,
2,Cycle Counted,1777744483593,C,1,Equisite Hallie Shirt - IN STORE,Rider > Accessories & Apparel > Shirts,C-50724825825571,Size: S,Color: Jet Black,,,,Wellington Warehouse,51000,51000,51000,85000,0,0,
1,Cycle Counted,1777744483593,C,1,Equisite Hallie Shirt - IN STORE,Rider > Accessories & Apparel > Shirts,C-53634207547683,Size: L,Color: Aubergine,,,,Wellington Warehouse,51000,51000,51000,85000,0,0,
1,Cycle Counted,1777744483593,C,1,Equisite Hallie Shirt - IN STORE,Rider > Accessories & Apparel > Shirts,C-54312683176227,Size: S,Color: Forest,,,,Wellington Warehouse,51000,51000,51000,85000,0,0,
1,Cycle Counted,1777744483593,C,1,Equisite Hallie Shirt - IN STORE,Rider > Accessories & Apparel > Shirts,C-54312683241763,Size: L,Color: Forest,,,,Wellington Warehouse,51000,51000,51000,85000,0,0,
1,Cycle Counted,1777744483593,C,1,Equisite Hallie Shirt - IN STORE,Rider > Accessories & Apparel > Shirts,C-50724825628963,Size: XS,Color: White,,,,Wellington Warehouse,51000,51000,51000,85000,0,0,
1,Cycle Counted,1777744483593,C,1,Equisite Hallie Shirt - IN STORE,Rider > Accessories & Apparel > Shirts,C-54459475493155,Size: M,Color: Cabernet,,,,Wellington Warehouse,51000,51000,51000,85000,0,0,
2,Cycle Counted,1777744483593,C,1,Equisite Hallie Shirt - IN STORE,Rider > Accessories & Apparel > Shirts,C-50724825661731,Size: XS,Color: Jet Black,,,,Wellington Warehouse,51000,51000,51000,85000,0,0,
1,Cycle Counted,1777744483593,C,1,Equisite Hallie Shirt - IN STORE,Rider > Accessories & Apparel > Shirts,C-54719982928163,Size: XXS,Color: Seastone,,,,Wellington Warehouse,51000,51000,51000,85000,0,0,
1,Cycle Counted,1777744483593,C,1,Equisite Hallie Shirt - IN STORE,Rider > Accessories & Apparel > Shirts,C-53634207580451,Size: XL,Color: Aubergine,,,,Wellington Warehouse,51000,51000,51000,85000,0,0,
1,Cycle Counted,1777744483593,C,1,Equisite Hallie Shirt - IN STORE,Rider > Accessories & Apparel > Shirts,C-53634207514915,Size: M,Color: Aubergine,,,,Wellington Warehouse,51000,51000,51000,85000,0,0,
1,Cycle Counted,1777744483593,C,1,Equisite Hallie Shirt - IN STORE,Rider > Accessories & Apparel > Shirts,C-53322686497059,Size: M,Color: Powder Blue,,,,Wellington Warehouse,51000,51000,51000,85000,0,0,
1,Cycle Counted,1777744483593,C,1,Equisite Hallie Shirt - IN STORE,Rider > Accessories & Apparel > Shirts,C-50724826218787,Size: L,Color: Graphite Grey,,,,Wellington Warehouse,51000,51000,51000,85000,0,0,
1,Cycle Counted,1777744483593,C,1,Equisite Hallie Shirt - IN STORE,Rider > Accessories & Apparel > Shirts,C-54547180749091,Size: XL,Color: Peony,,,,Wellington Warehouse,51000,51000,51000,85000,0,0,
1,Cycle Counted,1777744483593,C,1,Equisite Hallie Shirt - IN STORE,Rider > Accessories & Apparel > Shirts,C-54719982960931,Size: XS,Color: Dove,,,,Wellington Warehouse,51000,51000,51000,85000,0,0,
1,Cycle Counted,1777744483593,C,1,Equisite Hallie Shirt - IN STORE,Rider > Accessories & Apparel > Shirts,C-54312683143459,Size: XS,Color: Forest,,,,Wellington Warehouse,51000,51000,51000,85000,0,0,
1,Cycle Counted,1777744483593,C,1,Equisite Hallie Shirt - IN STORE,Rider > Accessories & Apparel > Shirts,C-50724825891107,Size: S,Color: Graphite Grey,,,,Wellington Warehouse,51000,51000,51000,85000,0,0,
1,Cycle Counted,1777744483593,C,1,Equisite Hallie Shirt - IN STORE,Rider > Accessories & Apparel > Shirts,C-53322686562595,Size: XL,Color: Powder Blue,,,,Wellington Warehouse,51000,51000,51000,85000,0,0,
2,Cycle Counted,1777744483593,C,1,Equisite Hallie Shirt - IN STORE,Rider > Accessories & Apparel > Shirts,C-50724825956643,Size: M,Color: White,,,,Wellington Warehouse,51000,51000,51000,85000,0,0,
1,Cycle Counted,1777744483593,C,1,Equisite Hallie Shirt - IN STORE,Rider > Accessories & Apparel > Shirts,C-50724826382627,Size: XL,Color: Graphite Grey,,,,Wellington Warehouse,51000,51000,51000,85000,0,0,
1,Cycle Counted,1777744483593,C,1,Equisite Hallie Shirt - IN STORE,Rider > Accessories & Apparel > Shirts,C-54312683274531,Size: XL,Color: Forest,,,,Wellington Warehouse,51000,51000,51000,85000,0,0,
1,Cycle Counted,1777744483593,C,1,Equisite Hallie Shirt - IN STORE,Rider > Accessories & Apparel > Shirts,C-53617714561315,Size: XXS,Color: Graphite Grey,,,,Wellington Warehouse,51000,51000,51000,85000,0,0,
1,Cycle Counted,1777744483593,C,1,Equisite Hallie Shirt - IN STORE,Rider > Accessories & Apparel > Shirts,C-53634207482147,Size: S,Color: Aubergine,,,,Wellington Warehouse,51000,51000,51000,85000,0,0,
1,Cycle Counted,1777744483593,C,1,Equisite Hallie Shirt - IN STORE,Rider > Accessories & Apparel > Shirts,C-54719982993699,Size: XS,Color: Seastone,,,,Wellington Warehouse,51000,51000,51000,85000,0,0,
2,Cycle Counted,1777744483593,C,1,Equisite Hallie Shirt - IN STORE,Rider > Accessories & Apparel > Shirts,C-50724825694499,Size: XS,Color: Midnight Blue,,,,Wellington Warehouse,51000,51000,51000,85000,0,0,
1,Cycle Counted,1777744483593,C,1,Equisite Hallie Shirt - IN STORE,Rider > Accessories & Apparel > Shirts,C-53322686431523,Size: XS,Color: Powder Blue,,,,Wellington Warehouse,51000,51000,51000,85000,0,0,
1,Cycle Counted,1777744483593,C,1,Equisite Hallie Shirt - IN STORE,Rider > Accessories & Apparel > Shirts,C-50724826054947,Size: M,Color: Graphite Grey,,,,Wellington Warehouse,51000,51000,51000,85000,0,0,
1,Cycle Counted,1777744483593,C,1,Equisite Hallie Shirt - IN STORE,Rider > Accessories & Apparel > Shirts,C-53634207416611,Size: XXS,Color: Aubergine,,,,Wellington Warehouse,51000,51000,51000,85000,0,0,
1,Cycle Counted,1777744483593,C,1,Equisite Hallie Shirt - IN STORE,Rider > Accessories & Apparel > Shirts,C-50724826251555,Size: L,Color: Eucalyptus,,,,Wellington Warehouse,51000,51000,51000,85000,0,0,
1,Cycle Counted,1777744483593,C,1,Equisite Hallie Shirt - IN STORE,Rider > Accessories & Apparel > Shirts,C-54719983092003,Size: M,Color: Dove,,,,Wellington Warehouse,51000,51000,51000,85000,0,0,
1,Cycle Counted,1777744483593,C,1,Equisite Blaire Shirt - IN STORE,Rider > Accessories & Apparel > Shirts,C-52973475430691,Size: XL,Color: Powder Blue,,,,Wellington Warehouse,46800,46800,46800,78000,0,0,
1,Cycle Counted,1777744483593,C,1,Equisite Blaire Shirt - IN STORE,Rider > Accessories & Apparel > Shirts,C-52973475201315,Size: S,Color: Agave,,,,Wellington Warehouse,46800,46800,46800,78000,0,0,
1,Cycle Counted,1777744483593,C,1,Equisite Blaire Shirt - IN STORE,Rider > Accessories & Apparel > Shirts,C-52973475135779,Size: XS,Color: Agave,,,,Wellington Warehouse,46800,46800,46800,78000,0,0,
1,Cycle Counted,1777744483593,C,1,Equisite Blaire Shirt - IN STORE,Rider > Accessories & Apparel > Shirts,C-52973387972899,Size: L,Color: Jet Black,,,,Wellington Warehouse,46800,46800,46800,78000,0,0,
1,Cycle Counted,1777744483593,C,1,Equisite Blaire Shirt - IN STORE,Rider > Accessories & Apparel > Shirts,C-52973475397923,Size: XL,Color: Agave,,,,Wellington Warehouse,46800,46800,46800,78000,0,0,
1,Cycle Counted,1777744483593,C,1,Equisite Blaire Shirt - IN STORE,Rider > Accessories & Apparel > Shirts,C-54719959662883,Size: M,Color: Seastone,,,,Wellington Warehouse,46800,46800,46800,78000,0,0,
1,Cycle Counted,1777744483593,C,1,Equisite Blaire Shirt - IN STORE,Rider > Accessories & Apparel > Shirts,C-52973475168547,Size: XS,Color: Powder Blue,,,,Wellington Warehouse,46800,46800,46800,78000,0,0,
1,Cycle Counted,1777744483593,C,1,Equisite Blaire Shirt - IN STORE,Rider > Accessories & Apparel > Shirts,C-52973387776291,Size: XS,Color: Jet Black,,,,Wellington Warehouse,46800,46800,46800,78000,0,0,
1,Cycle Counted,1777744483593,C,1,Equisite Blaire Shirt - IN STORE,Rider > Accessories & Apparel > Shirts,C-52973475365155,Size: L,Color: Powder Blue,,,,Wellington Warehouse,46800,46800,46800,78000,0,0,
1,Cycle Counted,1777744483593,C,1,Equisite Blaire Shirt - IN STORE,Rider > Accessories & Apparel > Shirts,C-53634206925091,Size: XS,Color: Aubergine,,,,Wellington Warehouse,46800,46800,46800,78000,0,0,
1,Cycle Counted,1777744483593,C,1,Equisite Blaire Shirt - IN STORE,Rider > Accessories & Apparel > Shirts,C-52973475266851,Size: M,Color: Agave,,,,Wellington Warehouse,46800,46800,46800,78000,0,0,
1,Cycle Counted,1777744483593,C,1,Equisite Blaire Shirt - IN STORE,Rider > Accessories & Apparel > Shirts,C-53634207056163,Size: XL,Color: Aubergine,,,,Wellington Warehouse,46800,46800,46800,78000,0,0,
1,Cycle Counted,1777744483593,C,1,Equisite Blaire Shirt - IN STORE,Rider > Accessories & Apparel > Shirts,C-54547178750243,Size: S,Color: Peony,,,,Wellington Warehouse,46800,46800,46800,78000,0,0,
1,Cycle Counted,1777744483593,C,1,Equisite Blaire Shirt - IN STORE,Rider > Accessories & Apparel > Shirts,C-52973387940131,Size: L,Color: White,,,,Wellington Warehouse,46800,46800,46800,78000,0,0,
1,Cycle Counted,1777744483593,C,1,Equisite Blaire Shirt - IN STORE,Rider > Accessories & Apparel > Shirts,C-52973387874595,Size: M,Color: White,,,,Wellington Warehouse,46800,46800,46800,78000,0,0,
1,Cycle Counted,1777744483593,C,1,Equisite Blaire Shirt - IN STORE,Rider > Accessories & Apparel > Shirts,C-53617711481123,Size: XXS,Color: Powder Blue,,,,Wellington Warehouse,46800,46800,46800,78000,0,0,
1,Cycle Counted,1777744483593,C,1,Equisite Blaire Shirt - IN STORE,Rider > Accessories & Apparel > Shirts,C-54719959597347,Size: XS,Color: Seastone,,,,Wellington Warehouse,46800,46800,46800,78000,0,0,
1,Cycle Counted,1777744483593,C,1,Equisite Blaire Shirt - IN STORE,Rider > Accessories & Apparel > Shirts,C-52973387907363,Size: M,Color: Jet Black,,,,Wellington Warehouse,46800,46800,46800,78000,0,0,
1,Cycle Counted,1777744483593,C,1,Equisite Blaire Shirt - IN STORE,Rider > Accessories & Apparel > Shirts,C-54547178881315,Size: L,Color: Peony,,,,Wellington Warehouse,46800,46800,46800,78000,0,0,
1,Cycle Counted,1777744483593,C,1,Equisite Blaire Shirt - IN STORE,Rider > Accessories & Apparel > Shirts,C-54547178684707,Size: XS,Color: Peony,,,,Wellington Warehouse,46800,46800,46800,78000,0,0,
1,Cycle Counted,1777744483593,C,1,Equisite Blaire Shirt - IN STORE,Rider > Accessories & Apparel > Shirts,C-53617711546659,Size: XXS,Color: Agave,,,,Wellington Warehouse,46800,46800,46800,78000,0,0,
1,Cycle Counted,1777744483593,C,1,Equisite Blaire Shirt - IN STORE,Rider > Accessories & Apparel > Shirts,C-54547178619171,Size: XXS,Color: Peony,,,,Wellington Warehouse,46800,46800,46800,78000,0,0,
1,Cycle Counted,1777744483593,C,1,Equisite Blaire Shirt - IN STORE,Rider > Accessories & Apparel > Shirts,C-53634206892323,Size: XXS,Color: Aubergine,,,,Wellington Warehouse,46800,46800,46800,78000,0,0,
1,Cycle Counted,1777744483593,C,1,Equisite Blaire Shirt - IN STORE,Rider > Accessories & Apparel > Shirts,C-52973475299619,Size: M,Color: Powder Blue,,,,Wellington Warehouse,46800,46800,46800,78000,0,0,
1,Cycle Counted,1777744483593,C,1,Equisite Blaire Shirt - IN STORE,Rider > Accessories & Apparel > Shirts,C-53634207023395,Size: L,Color: Aubergine,,,,Wellington Warehouse,46800,46800,46800,78000,0,0,
1,Cycle Counted,1777744483593,C,1,Equisite Blaire Shirt - IN STORE,Rider > Accessories & Apparel > Shirts,C-52973475234083,Size: S,Color: Powder Blue,,,,Wellington Warehouse,46800,46800,46800,78000,0,0,
1,Cycle Counted,1777744483593,C,1,Equisite Blaire Shirt - IN STORE,Rider > Accessories & Apparel > Shirts,C-54719959695651,Size: L,Color: Seastone,,,,Wellington Warehouse,46800,46800,46800,78000,0,0,
1,Cycle Counted,1777744483593,C,1,Equisite Blaire Shirt - IN STORE,Rider > Accessories & Apparel > Shirts,C-52973387841827,Size: S,Color: Jet Black,,,,Wellington Warehouse,46800,46800,46800,78000,0,0,
1,Cycle Counted,1777744483593,C,1,Equisite Blaire Shirt - IN STORE,Rider > Accessories & Apparel > Shirts,C-54547178815779,Size: M,Color: Peony,,,,Wellington Warehouse,46800,46800,46800,78000,0,0,
1,Cycle Counted,1777744483593,C,1,Equisite Blaire Shirt - IN STORE,Rider > Accessories & Apparel > Shirts,C-54547178783011,Size: M,Color: Cashmere,,,,Wellington Warehouse,46800,46800,46800,78000,0,0,
1,Cycle Counted,1777744483593,C,1,Equisite Blaire Shirt - IN STORE,Rider > Accessories & Apparel > Shirts,C-52973388005667,Size: XL,Color: White,,,,Wellington Warehouse,46800,46800,46800,78000,0,0,
1,Cycle Counted,1777744483593,C,1,Equisite Blaire Shirt - IN STORE,Rider > Accessories & Apparel > Shirts,C-54547178586403,Size: XXS,Color: Cashmere,,,,Wellington Warehouse,46800,46800,46800,78000,0,0,
1,Cycle Counted,1777744483593,C,1,Equisite Blaire Shirt - IN STORE,Rider > Accessories & Apparel > Shirts,C-54547178848547,Size: L,Color: Cashmere,,,,Wellington Warehouse,46800,46800,46800,78000,0,0,
1,Cycle Counted,1777744483593,C,1,Equisite Blaire Shirt - IN STORE,Rider > Accessories & Apparel > Shirts,C-53617711579427,Size: XXS,Color: Jet Black,,,,Wellington Warehouse,46800,46800,46800,78000,0,0,
1,Cycle Counted,1777744483593,C,1,Equisite Blaire Shirt - IN STORE,Rider > Accessories & Apparel > Shirts,C-54719959630115,Size: S,Color: Seastone,,,,Wellington Warehouse,46800,46800,46800,78000,0,0,
1,Cycle Counted,1777744483593,C,1,Equisite Blaire Shirt - IN STORE,Rider > Accessories & Apparel > Shirts,C-53634206957859,Size: S,Color: Aubergine,,,,Wellington Warehouse,46800,46800,46800,78000,0,0,
1,Cycle Counted,1777744483593,C,1,Equisite Blaire Shirt - IN STORE,Rider > Accessories & Apparel > Shirts,C-54547178946851,Size: XL,Color: Peony,,,,Wellington Warehouse,46800,46800,46800,78000,0,0,
1,Cycle Counted,1777744483593,C,1,Equisite Blaire Shirt - IN STORE,Rider > Accessories & Apparel > Shirts,C-52973475332387,Size: L,Color: Agave,,,,Wellington Warehouse,46800,46800,46800,78000,0,0,
1,Cycle Counted,1777744483593,C,1,Equisite Blaire Shirt - IN STORE,Rider > Accessories & Apparel > Shirts,C-53634206990627,Size: M,Color: Aubergine,,,,Wellington Warehouse,46800,46800,46800,78000,0,0,
1,Cycle Counted,1777744483593,C,1,Equisite Blaire Shirt - IN STORE,Rider > Accessories & Apparel > Shirts,C-54719959564579,Size: XXS,Color: Seastone,,,,Wellington Warehouse,46800,46800,46800,78000,0,0,
1,Cycle Counted,1777744483593,C,1,Equisite Blaire Shirt - IN STORE,Rider > Accessories & Apparel > Shirts,C-54719959728419,Size: XL,Color: Seastone,,,,Wellington Warehouse,46800,46800,46800,78000,0,0,
1,Cycle Counted,1777744483593,C,1,Equisite Blaire Shirt - IN STORE,Rider > Accessories & Apparel > Shirts,C-54547178914083,Size: XL,Color: Cashmere,,,,Wellington Warehouse,46800,46800,46800,78000,0,0,
1,Cycle Counted,1777744483593,C,1,Equisite Blaire Shirt - IN STORE,Rider > Accessories & Apparel > Shirts,C-52973388038435,Size: XL,Color: Jet Black,,,,Wellington Warehouse,46800,46800,46800,78000,0,0,
1,Cycle Counted,1777744483593,C,1,Equisite Blaire Shirt - IN STORE,Rider > Accessories & Apparel > Shirts,C-54547178717475,Size: S,Color: Cashmere,,,,Wellington Warehouse,46800,46800,46800,78000,0,0,
1,Cycle Counted,1777744483593,C,1,Equisite Pauline Shirt IN STORE,Rider > Accessories & Apparel > Shirts,C-65036fbecef50,Size: XL,Color: Cabernet,,,,Wellington Warehouse,90000,90000,90000,150000,0,0,
1,Cycle Counted,1777744483593,C,1,Equisite Pauline Shirt IN STORE,Rider > Accessories & Apparel > Shirts,C-54312683798819,Size: M,Color: Espresso,,,,Wellington Warehouse,90000,90000,90000,150000,0,0,
1,Cycle Counted,1777744483593,C,1,Equisite Pauline Shirt IN STORE,Rider > Accessories & Apparel > Shirts,C-65036fb9de9cb,Size: M,Color: White,,,,Wellington Warehouse,90000,90000,90000,150000,0,0,
1,Cycle Counted,1777744483593,C,1,Equisite Pauline Shirt IN STORE,Rider > Accessories & Apparel > Shirts,C-65036fb87c0fa,Size: L,Color: White,,,,Wellington Warehouse,90000,90000,90000,150000,0,0,
1,Cycle Counted,1777744483593,C,1,Equisite Pauline Shirt IN STORE,Rider > Accessories & Apparel > Shirts,C-65036fb7ad755,Size: L,Color: Midnight Blue,,,,Wellington Warehouse,90000,90000,90000,150000,0,0,
1,Cycle Counted,1777744483593,C,1,Equisite Pauline Shirt IN STORE,Rider > Accessories & Apparel > Shirts,C-6596d5acc49a2,Size: XL,Color: Jet Black,,,,Wellington Warehouse,90000,90000,90000,150000,0,0,
1,Cycle Counted,1777744483593,C,1,Equisite Pauline Shirt IN STORE,Rider > Accessories & Apparel > Shirts,C-65036fb938590,Size: M,Color: Midnight Blue,,,,Wellington Warehouse,90000,90000,90000,150000,0,0,
1,Cycle Counted,1777744483593,C,1,Equisite Pauline Shirt IN STORE,Rider > Accessories & Apparel > Shirts,C-65036fbecef49,Size: L,Color: Cabernet,,,,Wellington Warehouse,90000,90000,90000,150000,0,0,
1,Cycle Counted,1777744483593,C,1,Equisite Pauline Shirt IN STORE,Rider > Accessories & Apparel > Shirts,C-65036fbb56356,Size: S,Color: White,,,,Wellington Warehouse,90000,90000,90000,150000,0,0,
1,Cycle Counted,1777744483593,C,1,Equisite Pauline Shirt IN STORE,Rider > Accessories & Apparel > Shirts,C--54312683766051,Size: S,Color: Espresso,,,,Wellington Warehouse,90000,90000,90000,150000,0,0,
1,Cycle Counted,1777744483593,C,1,Equisite Pauline Shirt IN STORE,Rider > Accessories & Apparel > Shirts,C-65036fbecef47,Size: S,Color: Cabernet,,,,Wellington Warehouse,90000,90000,90000,150000,0,0,
1,Cycle Counted,1777744483593,C,1,Equisite Pauline Shirt IN STORE,Rider > Accessories & Apparel > Shirts,C-6596d5aba46e3,Size: M,Color: Jet Black,,,,Wellington Warehouse,90000,90000,90000,150000,0,0,
1,Cycle Counted,1777744483593,C,1,Equisite Pauline Shirt IN STORE,Rider > Accessories & Apparel > Shirts,C-65036fbc3dc4e,Size: XL,Color: Midnight Blue,,,,Wellington Warehouse,90000,90000,90000,150000,0,0,
1,Cycle Counted,1777744483593,C,1,Equisite Pauline Shirt IN STORE,Rider > Accessories & Apparel > Shirts,C-6596d5ab08977,Size: L,Color: Jet Black,,,,Wellington Warehouse,90000,90000,90000,150000,0,0,
2,Cycle Counted,1777744483593,C,1,Equisite Pauline Shirt IN STORE,Rider > Accessories & Apparel > Shirts,C-6596d5ad5b88a,Size: XS,Color: Jet Black,,,,Wellington Warehouse,90000,90000,90000,150000,0,0,
1,Cycle Counted,1777744483593,C,1,Equisite Pauline Shirt IN STORE,Rider > Accessories & Apparel > Shirts,C-54312683733283,Size: XS,Color: Espresso,,,,Wellington Warehouse,90000,90000,90000,150000,0,0,
1,Cycle Counted,1777744483593,C,1,Equisite Pauline Shirt IN STORE,Rider > Accessories & Apparel > Shirts,C-65036fbecef46,Size: XS,Color: Cabernet,,,,Wellington Warehouse,90000,90000,90000,150000,0,0,
0,Cycle Counted,1777744483593,C,1,Equisite Pauline Shirt IN STORE,Rider > Accessories & Apparel > Shirts,C-65036fba8d747,Size: S,Color: Midnight Blue,,,,Wellington Warehouse,90000,90000,90000,150000,0,0,
1,Cycle Counted,1777744483593,C,1,Equisite Pauline Shirt IN STORE,Rider > Accessories & Apparel > Shirts,C-54312683864355,Size: XL,Color: Espresso,,,,Wellington Warehouse,90000,90000,90000,150000,0,0,
1,Cycle Counted,1777744483593,C,1,Equisite Pauline Shirt IN STORE,Rider > Accessories & Apparel > Shirts,C-65036fbd3ddf6,Size: XL,Color: White,,,,Wellington Warehouse,90000,90000,90000,150000,0,0,
1,Cycle Counted,1777744483593,C,1,Equisite Pauline Shirt IN STORE,Rider > Accessories & Apparel > Shirts,C-65036fbecef46,Size: XS,Color: White,,,,Wellington Warehouse,90000,90000,90000,150000,0,0,
1,Cycle Counted,1777744483593,C,1,Equisite Pauline Shirt IN STORE,Rider > Accessories & Apparel > Shirts,C-65036fbe02c2a,Size: XS,Color: Midnight Blue,,,,Wellington Warehouse,90000,90000,90000,150000,0,0,
1,Cycle Counted,1777744483593,C,1,Equisite Pauline Shirt IN STORE,Rider > Accessories & Apparel > Shirts,C-65036fbecef48,Size: M,Color: Cabernet,,,,Wellington Warehouse,90000,90000,90000,150000,0,0,
1,Cycle Counted,1777744483593,C,1,Equisite Pauline Shirt IN STORE,Rider > Accessories & Apparel > Shirts,C-54312683831587,Size: L,Color: Espresso,,,,Wellington Warehouse,90000,90000,90000,150000,0,0,
1,Cycle Counted,1777744483593,C,1,Equisite Pauline Shirt IN STORE,Rider > Accessories & Apparel > Shirts,C-6596d5ac39ca4,Size: S,Color: Jet Black,,,,Wellington Warehouse,90000,90000,90000,150000,0,0,
1,Cycle Counted,1777744483593,C,1,Equisite Genevieve Shirt IN STORE,Rider > Accessories & Apparel > Shirts,C-54560705708323,Size: XS,Color: White,,,,Wellington Warehouse,81000,81000,81000,135000,0,0,
1,Cycle Counted,1777744483593,C,1,Equisite Genevieve Shirt IN STORE,Rider > Accessories & Apparel > Shirts,C-6477f75f134aa-2,Size: S,Color: Midnight Blue,,,,Wellington Warehouse,81000,81000,81000,135000,0,0,
1,Cycle Counted,1777744483593,C,1,Equisite Genevieve Shirt IN STORE,Rider > Accessories & Apparel > Shirts,C-54560705773859,Size: M,Color: White,,,,Wellington Warehouse,81000,81000,81000,135000,0,0,
1,Cycle Counted,1777744483593,C,1,Equisite Genevieve Shirt IN STORE,Rider > Accessories & Apparel > Shirts,C-6477f75d3e112,Size: XL,Color: Jet Black,,,,Wellington Warehouse,81000,81000,81000,135000,0,0,
1,Cycle Counted,1777744483593,C,1,Equisite Genevieve Shirt IN STORE,Rider > Accessories & Apparel > Shirts,C-54560705741091,Size: S,Color: White,,,,Wellington Warehouse,81000,81000,81000,135000,0,0,
1,Cycle Counted,1777744483593,C,1,Equisite Genevieve Shirt IN STORE,Rider > Accessories & Apparel > Shirts,C-6477f75f134aa,Size: XS,Color: Jet Black,,,,Wellington Warehouse,81000,81000,81000,135000,0,0,
1,Cycle Counted,1777744483593,C,1,Equisite Genevieve Shirt IN STORE,Rider > Accessories & Apparel > Shirts,C-54560705839395,Size: XL,Color: White,,,,Wellington Warehouse,81000,81000,81000,135000,0,0,
1,Cycle Counted,1777744483593,C,1,Equisite Genevieve Shirt IN STORE,Rider > Accessories & Apparel > Shirts,C-6477f75b5e69a,Size: S,Color: Jet Black,,,,Wellington Warehouse,81000,81000,81000,135000,0,0,
1,Cycle Counted,1777744483593,C,1,Equisite Genevieve Shirt IN STORE,Rider > Accessories & Apparel > Shirts,C-6477f75f134aa-4,Size: L,Color: Midnight Blue,,,,Wellington Warehouse,81000,81000,81000,135000,0,0,
1,Cycle Counted,1777744483593,C,1,Equisite Genevieve Shirt IN STORE,Rider > Accessories & Apparel > Shirts,C-6477f75f134aa-3,Size: M,Color: Midnight Blue,,,,Wellington Warehouse,81000,81000,81000,135000,0,0,
1,Cycle Counted,1777744483593,C,1,Equisite Genevieve Shirt IN STORE,Rider > Accessories & Apparel > Shirts,C-6477f75f134aa-5,Size: XL,Color: Midnight Blue,,,,Wellington Warehouse,81000,81000,81000,135000,0,0,
1,Cycle Counted,1777744483593,C,1,Equisite Genevieve Shirt IN STORE,Rider > Accessories & Apparel > Shirts,C-6477f757abfeb,Size: L,Color: Jet Black,,,,Wellington Warehouse,81000,81000,81000,135000,0,0,
1,Cycle Counted,1777744483593,C,1,Equisite Genevieve Shirt IN STORE,Rider > Accessories & Apparel > Shirts,C-54560705806627,Size: L,Color: White,,,,Wellington Warehouse,81000,81000,81000,135000,0,0,
1,Cycle Counted,1777744483593,C,1,Equisite Genevieve Shirt IN STORE,Rider > Accessories & Apparel > Shirts,C-6477f7598eaa9,Size: M,Color: Jet Black,,,,Wellington Warehouse,81000,81000,81000,135000,0,0,
0,Cycle Counted,1777744483593,C,1,Equisite Alesia Shirt IN STORE,Rider > Accessories & Apparel > Shirts,CORRO-47757021413667,Size: M,Color: Bellini,,,,Wellington Warehouse,58800,58800,58800,98000,0,0,
1,Cycle Counted,1777744483593,C,1,Equisite Alesia Shirt IN STORE,Rider > Accessories & Apparel > Shirts,C-53617717707043,Size: XXS,Color: Jet Black,,,,Wellington Warehouse,58800,58800,58800,98000,0,0,
1,Cycle Counted,1777744483593,C,1,Equisite Alesia Shirt IN STORE,Rider > Accessories & Apparel > Shirts,C-53617717838115,Size: XXS,Color: Cabernet,,,,Wellington Warehouse,58800,58800,58800,98000,0,0,
0,Cycle Counted,1777744483593,C,1,Equisite Alesia Shirt IN STORE,Rider > Accessories & Apparel > Shirts,CORRO-6596d5c7e8c01,Size: L,Color: Tuscany,,,,Wellington Warehouse,58800,58800,58800,98000,0,0,
0,Cycle Counted,1777744483593,C,1,Equisite Alesia Shirt IN STORE,Rider > Accessories & Apparel > Shirts,CORRO-6596d5cd7cd3e,Size: XS,Color: Amalfi,,,,Wellington Warehouse,58800,58800,58800,98000,0,0,0.06874824
1,Cycle Counted,1777744483593,C,1,Equisite Alesia Shirt IN STORE,Rider > Accessories & Apparel > Shirts,C-53617717739811,Size: XXS,Color: Eucalyptus,,,,Wellington Warehouse,58800,58800,58800,98000,0,0,
1,Cycle Counted,1777744483593,C,1,Equisite Alesia Shirt IN STORE,Rider > Accessories & Apparel > Shirts,C-53617717903651,Size: XXS,Color: Tuscany,,,,Wellington Warehouse,58800,58800,58800,98000,0,0,
1,Cycle Counted,1777744483593,C,1,Equisite Alesia Shirt IN STORE,Rider > Accessories & Apparel > Shirts,C-6596d5ce0b756,Size: S,Color: Lilac,,,,Wellington Warehouse,58800,58800,58800,98000,0,0,
1,Cycle Counted,1777744483593,C,1,Equisite Alesia Shirt IN STORE,Rider > Accessories & Apparel > Shirts,C-47757021348131,Size: M,Color: Powder Blue,,,,Wellington Warehouse,58800,58800,58800,98000,0,0,
1,Cycle Counted,1777744483593,C,1,Equisite Alesia Shirt IN STORE,Rider > Accessories & Apparel > Shirts,C-54312679538979,Size: XS,Color: Forest,,,,Wellington Warehouse,58800,58800,58800,98000,0,0,
0,Cycle Counted,1777744483593,C,1,Equisite Alesia Shirt IN STORE,Rider > Accessories & Apparel > Shirts,CORRO-6596d5ce99303,Size: XS,Color: Tuscany,,,,Wellington Warehouse,58800,58800,58800,98000,0,0,
1,Cycle Counted,1777744483593,C,1,Equisite Alesia Shirt IN STORE,Rider > Accessories & Apparel > Shirts,C-54312679735587,Size: L,Color: Forest,,,,Wellington Warehouse,58800,58800,58800,98000,0,0,
2,Cycle Counted,1777744483593,C,1,Equisite Alesia Shirt IN STORE,Rider > Accessories & Apparel > Shirts,C-47110139576611,Size: XS,Color: Jet Black,,,,Wellington Warehouse,58800,58800,58800,98000,0,0,
0,Cycle Counted,1777744483593,C,1,Equisite Alesia Shirt IN STORE,Rider > Accessories & Apparel > Shirts,CORRO-51085713244451,Size: M,Color: Eucalyptus,,,,Wellington Warehouse,58800,58800,58800,98000,0,0,
1,Cycle Counted,1777744483593,C,1,Equisite Alesia Shirt IN STORE,Rider > Accessories & Apparel > Shirts,C-53322656809251,Size: L,Color: Agave,,,,Wellington Warehouse,58800,58800,58800,98000,0,0,
0,Cycle Counted,1777744483593,C,1,Equisite Alesia Shirt IN STORE,Rider > Accessories & Apparel > Shirts,CORRO-51085713375523,Size: XL,Color: Eucalyptus,,,,Wellington Warehouse,0,0,0,98000,0,0,
1,Cycle Counted,1777744483593,C,1,Equisite Alesia Shirt IN STORE,Rider > Accessories & Apparel > Shirts,C-54312679833891,Size: XL,Color: Espresso,,,,Wellington Warehouse,0,0,0,98000,0,0,
1,Cycle Counted,1777744483593,C,1,Equisite Alesia Shirt IN STORE,Rider > Accessories & Apparel > Shirts,C-53634206400803,Size: XXS,Color: Aubergine,,,,Wellington Warehouse,58800,58800,58800,98000,0,0,
0,Cycle Counted,1777744483593,C,1,Equisite Alesia Shirt IN STORE,Rider > Accessories & Apparel > Shirts,CORRO-6596d5c89d84f,Size: M,Color: Amalfi,,,,Wellington Warehouse,58800,58800,58800,98000,0,0,
0,Cycle Counted,1777744483593,C,1,Equisite Alesia Shirt IN STORE,Rider > Accessories & Apparel > Shirts,CORRO-49540107141411,Size: XS,Color: Midnight Blue,,,,Wellington Warehouse,58800,58800,58800,98000,0,0,0.15783669
1,Cycle Counted,1777744483593,C,1,Equisite Alesia Shirt IN STORE,Rider > Accessories & Apparel > Shirts,C-49540107108643,Size: XS,Color: Cabernet,,,,Wellington Warehouse,58800,58800,58800,98000,0,0,
0,Cycle Counted,1777744483593,C,1,Equisite Alesia Shirt IN STORE,Rider > Accessories & Apparel > Shirts,C-54312679506211,Size: XXS,Color: Espresso,,,,Wellington Warehouse,58800,58800,58800,98000,0,0,
0,Cycle Counted,1777744483593,C,1,Equisite Alesia Shirt IN STORE,Rider > Accessories & Apparel > Shirts,C-53617717674275,Size: XXS,Color: Midnight Blue,,,,Wellington Warehouse,58800,58800,58800,98000,0,0,
0,Cycle Counted,1777744483593,C,1,Equisite Alesia Shirt IN STORE,Rider > Accessories & Apparel > Shirts,C-53322656743715,Size: S,Color: Agave,,,,Wellington Warehouse,58800,58800,58800,98000,0,0,0.011816615
2,Cycle Counted,1777744483593,C,1,Equisite Alesia Shirt IN STORE,Rider > Accessories & Apparel > Shirts,C-48651338318115,Size: XL,Color: White,,,,Wellington Warehouse,0,0,0,98000,0,0,
0,Cycle Counted,1777744483593,C,1,Equisite Alesia Shirt IN STORE,Rider > Accessories & Apparel > Shirts,C-49540107174179,Size: S,Color: Cabernet,,,,Wellington Warehouse,58800,58800,58800,98000,0,0,
1,Cycle Counted,1777744483593,C,1,Equisite Alesia Shirt IN STORE,Rider > Accessories & Apparel > Shirts,C-54312679768355,Size: L,Color: Espresso,,,,Wellington Warehouse,58800,58800,58800,98000,0,0,
0,Cycle Counted,1777744483593,C,1,Equisite Alesia Shirt IN STORE,Rider > Accessories & Apparel > Shirts,CORRO-6596d5ce0b760,Size: L,Color: Lilac,,,,Wellington Warehouse,58800,58800,58800,98000,0,0,
0,Cycle Counted,1777744483593,C,1,Equisite Alesia Shirt IN STORE,Rider > Accessories & Apparel > Shirts,CORRO-6596d5c9a51f7,Size: M,Color: Tuscany,,,,Wellington Warehouse,58800,58800,58800,98000,0,0,
0,Cycle Counted,1777744483593,C,1,Equisite Alesia Shirt IN STORE,Rider > Accessories & Apparel > Shirts,C-54312679670051,Size: M,Color: Forest,,,,Wellington Warehouse,58800,58800,58800,98000,0,0,
1,Cycle Counted,1777744483593,C,1,Equisite Alesia Shirt IN STORE,Rider > Accessories & Apparel > Shirts,C-53634206433571,Size: XS,Color: Aubergine,,,,Wellington Warehouse,58800,58800,58800,98000,0,0,
1,Cycle Counted,1777744483593,C,1,Equisite Alesia Shirt IN STORE,Rider > Accessories & Apparel > Shirts,C-53617717805347,Size: XXS,Color: White,,,,Wellington Warehouse,58800,58800,58800,98000,0,0,
0,Cycle Counted,1777744483593,C,1,Equisite Alesia Shirt IN STORE,Rider > Accessories & Apparel > Shirts,CORRO-47757021217059,Size: XS,Color: Powder Blue,,,,Wellington Warehouse,58800,58800,58800,98000,0,0,0.07425899
0,Cycle Counted,1777744483593,C,1,Equisite Alesia Shirt IN STORE,Rider > Accessories & Apparel > Shirts,CORRO-51085713309987,Size: L,Color: Eucalyptus,,,,Wellington Warehouse,58800,58800,58800,98000,0,0,
0,Cycle Counted,1777744483593,C,1,Equisite Alesia Shirt IN STORE,Rider > Accessories & Apparel > Shirts,CORRO-51085713277219,Size: M,Color: Graphite Grey,,,,Wellington Warehouse,58800,58800,58800,98000,0,0,0.07837713
0,Cycle Counted,1777744483593,C,1,Equisite Alesia Shirt IN STORE,Rider > Accessories & Apparel > Shirts,CORRO-47110140035363,Size: XL,Color: Tuscany,,,,Wellington Warehouse,0,0,0,98000,0,0,
0,Cycle Counted,1777744483593,C,1,Equisite Alesia Shirt IN STORE,Rider > Accessories & Apparel > Shirts,C-54312679604515,Size: S,Color: Forest,,,,Wellington Warehouse,58800,58800,58800,98000,0,0,
0,Cycle Counted,1777744483593,C,1,Equisite Alesia Shirt IN STORE,Rider > Accessories & Apparel > Shirts,CORRO-51085713113379,Size: XS,Color: Eucalyptus,,,,Wellington Warehouse,58800,58800,58800,98000,0,0,0.15675426
0,Cycle Counted,1777744483593,C,1,Equisite Alesia Shirt IN STORE,Rider > Accessories & Apparel > Shirts,CORRO-51085713342755,Size: L,Color: Graphite Grey,,,,Wellington Warehouse,58800,58800,58800,98000,0,0,0.15382138
1,Cycle Counted,1777744483593,C,1,Equisite Alesia Shirt IN STORE,Rider > Accessories & Apparel > Shirts,C-54312679801123,Size: XL,Color: Forest,,,,Wellington Warehouse,0,0,0,98000,0,0,
1,Cycle Counted,1777744483593,C,1,Equisite Alesia Shirt IN STORE,Rider > Accessories & Apparel > Shirts,C-6596d5ce0b759,Size: M,Color: White,,,,Wellington Warehouse,58800,58800,58800,98000,0,0,
0,Cycle Counted,1777744483593,C,1,Equisite Alesia Shirt IN STORE,Rider > Accessories & Apparel > Shirts,C-53322656710947,Size: XS,Color: Agave,,,,Wellington Warehouse,58800,58800,58800,98000,0,0,0.011423172
1,Cycle Counted,1777744483593,C,1,Equisite Alesia Shirt IN STORE,Rider > Accessories & Apparel > Shirts,C-53617717772579,Size: XXS,Color: Graphite Grey,,,,Wellington Warehouse,58800,58800,58800,98000,0,0,
1,Cycle Counted,1777744483593,C,1,Equisite Alesia Shirt IN STORE,Rider > Accessories & Apparel > Shirts,C-53634206466339,Size: S,Color: Aubergine,,,,Wellington Warehouse,58800,58800,58800,98000,0,0,
1,Cycle Counted,1777744483593,C,1,Equisite Alesia Shirt IN STORE,Rider > Accessories & Apparel > Shirts,C-53634206564643,Size: XL,Color: Aubergine,,,,Wellington Warehouse,58800,58800,58800,98000,0,0,
1,Cycle Counted,1777744483593,C,1,Equisite Alesia Shirt IN STORE,Rider > Accessories & Apparel > Shirts,C-47757021479203,Size: L,Color: Bellini,,,,Wellington Warehouse,58800,58800,58800,98000,0,0,
0,Cycle Counted,1777744483593,C,1,Equisite Alesia Shirt IN STORE,Rider > Accessories & Apparel > Shirts,CORRO-49540107305251,Size: M,Color: Midnight Blue,,,,Wellington Warehouse,58800,58800,58800,98000,0,0,0.18331517
0,Cycle Counted,1777744483593,C,1,Equisite Alesia Shirt IN STORE,Rider > Accessories & Apparel > Shirts,CORRO-51085713408291,Size: XL,Color: Graphite Grey,,,,Wellington Warehouse,0,0,0,98000,0,0,
1,Cycle Counted,1777744483593,C,1,Equisite Alesia Shirt IN STORE,Rider > Accessories & Apparel > Shirts,C-49540107239715,Size: M,Color: Cabernet,,,,Wellington Warehouse,58800,58800,58800,98000,0,0,
1,Cycle Counted,1777744483593,C,1,Equisite Alesia Shirt IN STORE,Rider > Accessories & Apparel > Shirts,C-53634206499107,Size: M,Color: Aubergine,,,,Wellington Warehouse,58800,58800,58800,98000,0,0,
0,Cycle Counted,1777744483593,C,1,Equisite Alesia Shirt IN STORE,Rider > Accessories & Apparel > Shirts,CORRO-47757021511971,Size: XL,Color: Powder Blue,,,,Wellington Warehouse,58800,58800,58800,98000,0,0,
1,Cycle Counted,1777744483593,C,1,Equisite Alesia Shirt IN STORE,Rider > Accessories & Apparel > Shirts,C-47757021249827,Size: XS,Color: Bellini,,,,Wellington Warehouse,58800,58800,58800,98000,0,0,
1,Cycle Counted,1777744483593,C,1,Equisite Alesia Shirt IN STORE,Rider > Accessories & Apparel > Shirts,C-54312679702819,Size: M,Color: Espresso,,,,Wellington Warehouse,58800,58800,58800,98000,0,0,
1,Cycle Counted,1777744483593,C,1,Equisite Alesia Shirt IN STORE,Rider > Accessories & Apparel > Shirts,C-53634206531875,Size: L,Color: Aubergine,,,,Wellington Warehouse,58800,58800,58800,98000,0,0,
1,Cycle Counted,1777744483593,C,1,Equisite Alesia Shirt IN STORE,Rider > Accessories & Apparel > Shirts,C-6596d5ce0b761,Size: L,Color: White,,,,Wellington Warehouse,58800,58800,58800,98000,0,0,
1,Cycle Counted,1777744483593,C,1,Equisite Alesia Shirt IN STORE,Rider > Accessories & Apparel > Shirts,C-6596d5ce0b755,Size: XS,Color: White,,,,Wellington Warehouse,58800,58800,58800,98000,0,0,
1,Cycle Counted,1777744483593,C,1,Equisite Alesia Shirt IN STORE,Rider > Accessories & Apparel > Shirts,C-54312679473443,Size: XXS,Color: Forest,,,,Wellington Warehouse,58800,58800,58800,98000,0,0,
0,Cycle Counted,1777744483593,C,1,Equisite Alesia Shirt IN STORE,Rider > Accessories & Apparel > Shirts,C-53617717641507,Size: XXS,Color: Powder Blue,,,,Wellington Warehouse,58800,58800,58800,98000,0,0,
1,Cycle Counted,1777744483593,C,1,Equisite Alesia Shirt IN STORE,Rider > Accessories & Apparel > Shirts,C-47757021315363,Size: S,Color: Bellini,,,,Wellington Warehouse,58800,58800,58800,98000,0,0,
0,Cycle Counted,1777744483593,C,1,Equisite Alesia Shirt IN STORE,Rider > Accessories & Apparel > Shirts,CORRO-47757021446435,Size: L,Color: Powder Blue,,,,Wellington Warehouse,58800,58800,58800,98000,0,0,0.2147003
1,Cycle Counted,1777744483593,C,1,Equisite Alesia Shirt IN STORE,Rider > Accessories & Apparel > Shirts,C-47757021282595,Size: S,Color: Powder Blue,,,,Wellington Warehouse,58800,58800,58800,98000,0,0,
1,Cycle Counted,1777744483593,C,1,Equisite Alesia Shirt IN STORE,Rider > Accessories & Apparel > Shirts,C-54312679637283,Size: S,Color: Espresso,,,,Wellington Warehouse,58800,58800,58800,98000,0,0,
1,Cycle Counted,1777744483593,C,1,Equisite Alesia Shirt IN STORE,Rider > Accessories & Apparel > Shirts,C-53322656842019,Size: XL,Color: Agave,,,,Wellington Warehouse,0,0,0,98000,0,0,
0,Cycle Counted,1777744483593,C,1,Equisite Alesia Shirt IN STORE,Rider > Accessories & Apparel > Shirts,CORRO-51085713211683,Size: S,Color: Graphite Grey,,,,Wellington Warehouse,58800,58800,58800,98000,0,0,0.03655514
0,Cycle Counted,1777744483593,C,1,Equisite Alesia Shirt IN STORE,Rider > Accessories & Apparel > Shirts,CORRO-49540107436323,Size: XL,Color: Midnight Blue,,,,Wellington Warehouse,0,0,0,98000,0,0,
1,Cycle Counted,1777744483593,C,1,Equisite Alesia Shirt IN STORE,Rider > Accessories & Apparel > Shirts,C-6596d5cc5e407,Size: XL,Color: Jet Black,,,,Wellington Warehouse,58800,58800,58800,98000,0,0,
0,Cycle Counted,1777744483593,C,1,Equisite Alesia Shirt IN STORE,Rider > Accessories & Apparel > Shirts,CORRO-49540107370787,Size: L,Color: Midnight Blue,,,,Wellington Warehouse,58800,58800,58800,98000,0,0,
0,Cycle Counted,1777744483593,C,1,Equisite Alesia Shirt IN STORE,Rider > Accessories & Apparel > Shirts,CORRO-47110140002595,Size: XL,Color: Amalfi,,,,Wellington Warehouse,0,0,0,98000,0,0,
0,Cycle Counted,1777744483593,C,1,Equisite Alesia Shirt IN STORE,Rider > Accessories & Apparel > Shirts,CORRO-51085713178915,Size: S,Color: Eucalyptus,,,,Wellington Warehouse,58800,58800,58800,98000,0,0,
1,Cycle Counted,1777744483593,C,1,Equisite Alesia Shirt IN STORE,Rider > Accessories & Apparel > Shirts,C-53617717870883,Size: XXS,Color: Amalfi,,,,Wellington Warehouse,58800,58800,58800,98000,0,0,
0,Cycle Counted,1777744483593,C,1,Equisite Alesia Shirt IN STORE,Rider > Accessories & Apparel > Shirts,CORRO-6596d5cb440ff,Size: S,Color: Tuscany,,,,Wellington Warehouse,58800,58800,58800,98000,0,0,
1,Cycle Counted,1777744483593,C,1,Equisite Alesia Shirt IN STORE,Rider > Accessories & Apparel > Shirts,C-47757021544739,Size: XL,Color: Bellini,,,,Wellington Warehouse,0,0,0,98000,0,0,
1,Cycle Counted,1777744483593,C,1,Equisite Alesia Shirt IN STORE,Rider > Accessories & Apparel > Shirts,C-53322656776483,Size: M,Color: Agave,,,,Wellington Warehouse,58800,58800,58800,98000,0,0,
0,Cycle Counted,1777744483593,C,1,Equisite Alesia Shirt IN STORE,Rider > Accessories & Apparel > Shirts,CORRO-6596d5ca300ea,Size: S,Color: Amalfi,,,,Wellington Warehouse,58800,58800,58800,98000,0,0,
0,Cycle Counted,1777744483593,C,1,Equisite Alesia Shirt IN STORE,Rider > Accessories & Apparel > Shirts,C-49540107403555,Size: XL,Color: Cabernet,,,,Wellington Warehouse,0,0,0,98000,0,0,0.21249676
1,Cycle Counted,1777744483593,C,1,Equisite Alesia Shirt IN STORE,Rider > Accessories & Apparel > Shirts,C-49540107338019,Size: L,Color: Cabernet,,,,Wellington Warehouse,58800,58800,58800,98000,0,0,
1,Cycle Counted,1777744483593,C,1,Equisite Alesia Shirt IN STORE,Rider > Accessories & Apparel > Shirts,CORRO-49540107206947,Size: S,Color: Midnight Blue,,,,Wellington Warehouse,58800,58800,58800,98000,0,0,0.018639592
1,Cycle Counted,1777744483593,C,1,Equisite Alesia Shirt IN STORE,Rider > Accessories & Apparel > Shirts,C-54312679571747,Size: XS,Color: Espresso,,,,Wellington Warehouse,58800,58800,58800,98000,0,0,
1,Cycle Counted,1777744483593,C,1,Equisite Alesia Shirt IN STORE,Rider > Accessories & Apparel > Shirts,C-53617717543203,Size: XXS,Color: Lilac,,,,Wellington Warehouse,58800,58800,58800,98000,0,0,
0,Cycle Counted,1777744483593,C,1,Equisite Alesia Shirt IN STORE,Rider > Accessories & Apparel > Shirts,CORRO-6596d5ce0b758,Size: M,Color: Lilac,,,,Wellington Warehouse,58800,58800,58800,98000,0,0,0.072637185
0,Cycle Counted,1777744483593,C,1,Equisite Alesia Shirt IN STORE,Rider > Accessories & Apparel > Shirts,CORRO-48651338285347,Size: XL,Color: Lilac,,,,Wellington Warehouse,0,0,0,98000,0,0,
1,Cycle Counted,1777744483593,C,1,Equisite Alesia Shirt IN STORE,Rider > Accessories & Apparel > Shirts,C-53617717608739,Size: XXS,Color: Agave,,,,Wellington Warehouse,58800,58800,58800,98000,0,0,
0,Cycle Counted,1777744483593,C,1,Equisite Alesia Shirt IN STORE,Rider > Accessories & Apparel > Shirts,CORRO-6596d5c6d5952,Size: L,Color: Amalfi,,,,Wellington Warehouse,58800,58800,58800,98000,0,0,0.072775215
1,Cycle Counted,1777744483593,C,1,Equisite Alesia Shirt IN STORE,Rider > Accessories & Apparel > Shirts,C-6596d5ce0b757,Size: S,Color: White,,,,Wellington Warehouse,58800,58800,58800,98000,0,0,
0,Cycle Counted,1777744483593,C,1,Equisite Alesia Shirt IN STORE,Rider > Accessories & Apparel > Shirts,CORRO-51085713146147,Size: XS,Color: Graphite Grey,,,,Wellington Warehouse,58800,58800,58800,98000,0,0,0.15722334
1,Cycle Counted,1777744483593,C,1,Equisite Alesia Shirt IN STORE,Rider > Accessories & Apparel > Shirts,C-53617717575971,Size: XXS,Color: Bellini,,,,Wellington Warehouse,58800,58800,58800,98000,0,0,
1,Cycle Counted,1777744483593,C,1,Equisite Alesia Shirt IN STORE,Rider > Accessories & Apparel > Shirts,C-6596d5ce0b754,Size: XS,Color: Lilac,,,,Wellington Warehouse,58800,58800,58800,98000,0,0,
0,Cycle Counted,1777744483593,C,1,Equisite Alesia Shirt IN STORE,Rider > Accessories & Apparel > Shirts,C-6596d5c923cd8,Size: M,Color: Jet Black,,,,Wellington Warehouse,58800,58800,58800,98000,0,0,
1,Cycle Counted,1777744483593,C,1,Equisite Alesia Shirt IN STORE,Rider > Accessories & Apparel > Shirts,C-ALESIACMXS,Size: XS,Color: Cashmere,,,,Wellington Warehouse,58800,58800,58800,98000,0,0,
1,Cycle Counted,1777744483593,C,1,Equisite Alesia Shirt IN STORE,Rider > Accessories & Apparel > Shirts,C-ALESIAPYM,Size: M,Color: Peony,,,,Wellington Warehouse,58800,58800,58800,98000,0,0,
1,Cycle Counted,1777744483593,C,1,Equisite Alesia Shirt IN STORE,Rider > Accessories & Apparel > Shirts,C-ALESIASSM,Size: M,Color: Seastone,,,,Wellington Warehouse,58800,58800,58800,98000,0,0,
0,Cycle Counted,1777744483593,C,1,Equisite Alesia Shirt IN STORE,Rider > Accessories & Apparel > Shirts,C-ALESIAPYS,Size: S,Color: Peony,,,,Wellington Warehouse,58800,58800,58800,98000,0,0,
1,Cycle Counted,1777744483593,C,1,Equisite Alesia Shirt IN STORE,Rider > Accessories & Apparel > Shirts,C-ALESIAPYL,Size: L,Color: Peony,,,,Wellington Warehouse,58800,58800,58800,98000,0,0,
1,Cycle Counted,1777744483593,C,1,Equisite Alesia Shirt IN STORE,Rider > Accessories & Apparel > Shirts,C-ALESIASSXXS,Size: XXS,Color: Seastone,,,,Wellington Warehouse,58800,58800,58800,98000,0,0,
1,Cycle Counted,1777744483593,C,1,Equisite Alesia Shirt IN STORE,Rider > Accessories & Apparel > Shirts,C-ALESIASSL,Size: L,Color: Seastone,,,,Wellington Warehouse,58800,58800,58800,98000,0,0,
1,Cycle Counted,1777744483593,C,1,Equisite Alesia Shirt IN STORE,Rider > Accessories & Apparel > Shirts,C-ALESIACMXXS,Size: XXS,Color: Cashmere,,,,Wellington Warehouse,58800,58800,58800,98000,0,0,
1,Cycle Counted,1777744483593,C,1,Equisite Alesia Shirt IN STORE,Rider > Accessories & Apparel > Shirts,C-ALESIAPYXXS,Size: XXS,Color: Peony,,,,Wellington Warehouse,58800,58800,58800,98000,0,0,
1,Cycle Counted,1777744483593,C,1,Equisite Alesia Shirt IN STORE,Rider > Accessories & Apparel > Shirts,C-ALESIASSS,Size: S,Color: Seastone,,,,Wellington Warehouse,58800,58800,58800,98000,0,0,
1,Cycle Counted,1777744483593,C,1,Equisite Alesia Shirt IN STORE,Rider > Accessories & Apparel > Shirts,C-ALESIASSXS,Size: XS,Color: Seastone,,,,Wellington Warehouse,58800,58800,58800,98000,0,0,
1,Cycle Counted,1777744483593,C,1,Equisite Alesia Shirt IN STORE,Rider > Accessories & Apparel > Shirts,C-ALESIADVS,Size: S,Color: Dove,,,,Wellington Warehouse,58800,58800,58800,98000,0,0,
1,Cycle Counted,1777744483593,C,1,Equisite Alesia Shirt IN STORE,Rider > Accessories & Apparel > Shirts,C-ALESIADVL,Size: L,Color: Dove,,,,Wellington Warehouse,58800,58800,58800,98000,0,0,
1,Cycle Counted,1777744483593,C,1,Equisite Alesia Shirt IN STORE,Rider > Accessories & Apparel > Shirts,C-ALESIADVM,Size: M,Color: Dove,,,,Wellington Warehouse,58800,58800,58800,98000,0,0,
1,Cycle Counted,1777744483593,C,1,Equisite Alesia Shirt IN STORE,Rider > Accessories & Apparel > Shirts,C-ALESIADVXXS,Size: XXS,Color: Dove,,,,Wellington Warehouse,58800,58800,58800,98000,0,0,
1,Cycle Counted,1777744483593,C,1,Equisite Alesia Shirt IN STORE,Rider > Accessories & Apparel > Shirts,C-ALESIADVXS,Size: XS,Color: Dove,,,,Wellington Warehouse,58800,58800,58800,98000,0,0,
1,Cycle Counted,1777744483593,C,1,Equisite Alesia Shirt IN STORE,Rider > Accessories & Apparel > Shirts,EquisiteAlesiaShirtInStore-XL-Seastone,Size: XL,Color: Seastone,,,,Wellington Warehouse,,,,98000,0,0,
1,Cycle Counted,1777744483593,C,1,Equisite Alesia Shirt IN STORE,Rider > Accessories & Apparel > Shirts,EquisiteAlesiaShirtInStore-XL-Cashmere,Size: XL,Color: Cashmere,,,,Wellington Warehouse,,,,98000,0,0,
1,Cycle Counted,1777744483593,C,1,Equisite Alesia Shirt IN STORE,Rider > Accessories & Apparel > Shirts,EquisiteAlesiaShirtInStore-XL-Peony,Size: XL,Color: Peony,,,,Wellington Warehouse,,,,98000,0,0,
1,Cycle Counted,1777744483593,C,1,Equisite Alesia Shirt IN STORE,Rider > Accessories & Apparel > Shirts,EquisiteAlesiaShirtInStore-XL-Dove,Size: XL,Color: Dove,,,,Wellington Warehouse,,,,98000,0,0,
4,ROW 4 : LVL 1,1774281147461,Supplements 2,1,Select the Best Legacy Pellets Advanced Joint Supplement,Horse Care > Supplements > Joint Health,011-540507,Size: 5 Pounds (40 Day Supply),,,,,Wellington Warehouse,31550,31550,31550,39990,0,0,0.011115718
4,ROW 2 : LVL 1,1767888349951,Supplements 1,1,Adeptus Allay Buffering Digestion and Calming Supplement,Horse Care > Supplements > Digestive & Gut Health,20130,Size: 20 Pounds,,,,,Wellington Warehouse,70710,70710,70710,86000,0,0,
0,Other,1777650559284,C,1,Yagya Leather Buckle Belt,Rider > Accessories & Apparel > Belts,1000000001462,Color: Black,Size: M/L,,,,Wellington Warehouse,90000,90000,90000,190000,0,0,
0,Right,1774885231987,Clothes,1,Yagya Leather Buckle Belt,Rider > Accessories & Apparel > Belts,1000000000718,Color: Brown,Size: M/L,,,,Wellington Warehouse,90000,90000,90000,190000,0,0,
0,Shirts,1777650559287,C,1,Yagya Lightweight Long Sleeve,Rider > Accessories & Apparel > Shirts,1000000001181,Size: XS,Color: Camel,,,,Wellington Warehouse,55000,55000,55000,160000,0,0,0.0130622955
0,Shirts,1777650559287,C,1,Yagya Lightweight Long Sleeve,Rider > Accessories & Apparel > Shirts,1000000001481,Size: Large,Color: Fog,,,,Wellington Warehouse,55000,55000,55000,160000,0,0,
0,Shirts,1777650559287,C,1,Yagya Lightweight Long Sleeve,Rider > Accessories & Apparel > Shirts,1000000001182,Size: Small,Color: Camel,,,,Wellington Warehouse,55000,55000,55000,160000,0,0,
0,Shirts,1777650559287,C,1,Yagya Lightweight Long Sleeve,Rider > Accessories & Apparel > Shirts,1000000001184,Size: Large,Color: Camel,,,,Wellington Warehouse,55000,55000,55000,160000,0,0,
0,Shirts,1777650559287,C,1,Yagya Lightweight Long Sleeve,Rider > Accessories & Apparel > Shirts,1000000001479,Size: Small,Color: Fog,,,,Wellington Warehouse,55000,55000,55000,160000,0,0,0.08552089
0,Shirts,1777650559287,C,1,Yagya Lightweight Long Sleeve,Rider > Accessories & Apparel > Shirts,1000000001480,Size: Medium,Color: Fog,,,,Wellington Warehouse,55000,55000,55000,160000,0,0,
0,Shirts,1777650559287,C,1,Yagya Lightweight Long Sleeve,Rider > Accessories & Apparel > Shirts,1000000001183,Size: Medium,Color: Camel,,,,Wellington Warehouse,55000,55000,55000,160000,0,0,0.08552089
0,Shirts,1777650559287,C,1,Yagya Lightweight Long Sleeve,Rider > Accessories & Apparel > Shirts,1000000001478,Size: XS,Color: Fog,,,,Wellington Warehouse,55000,55000,55000,160000,0,0,
0,Shirts,1777650559287,C,1,Yagya Timeless Short Sleeve Show Shirt,Rider > Accessories & Apparel > Shirts,1000000001437,Size: Large,Color: White/White,,,,Wellington Warehouse,90000,90000,90000,180000,0,0,
0,Shirts,1777650559287,C,1,Yagya Timeless Short Sleeve Show Shirt,Rider > Accessories & Apparel > Shirts,1000000001435,Size: Small,Color: White/White,,,,Wellington Warehouse,90000,90000,90000,180000,0,0,
0,Shirts,1777650559287,C,1,Yagya Timeless Short Sleeve Show Shirt,Rider > Accessories & Apparel > Shirts,1000000001434,Size: XS,Color: White/White,,,,Wellington Warehouse,90000,90000,90000,180000,0,0,0.06869757
0,Shirts,1777650559287,C,1,Yagya Timeless Short Sleeve Show Shirt,Rider > Accessories & Apparel > Shirts,1000000001436,Size: Medium,Color: White/White,,,,Wellington Warehouse,90000,90000,90000,180000,0,0,
100,BIN-04,1774375575873,Cavali 3,4,"Tumbling Tumbleweeds | Wool Dryer Balls",Rider > Accessories & Apparel > Accessories,STTT01,Title: Default Title,,,,,Wellington Warehouse,3500,3500,3500,15000,0,0,
0,Shirts,1777650559287,C,1,Yagya AirTech Half Zip,Rider > Accessories & Apparel > Shirts,1000000001347,Color: White/White,Size: XS,,,,Wellington Warehouse,65000,65000,65000,140000,0,0,
0,Cycle Counted,1777744483593,C,1,Yagya AirTech Half Zip,Rider > Accessories & Apparel > Shirts,1000000001348,Color: White/White,Size: Small,,,,Wellington Warehouse,65000,65000,65000,140000,0,0,
0,Cycle Counted,1777744483593,C,1,Yagya AirTech Half Zip,Rider > Accessories & Apparel > Shirts,1000000001349,Color: White/White,Size: Medium,,,,Wellington Warehouse,65000,65000,65000,140000,0,0,0.06897805
0,Cycle Counted,1777744483593,C,1,Yagya AirTech Half Zip,Rider > Accessories & Apparel > Shirts,1000000001350,Color: White/White,Size: Large,,,,Wellington Warehouse,65000,65000,65000,140000,0,0,0.12870887
0,Shirts,1777650559287,C,1,Yagya AirTech Half Zip,Rider > Accessories & Apparel > Shirts,1000000001340,Color: Black/Black,Size: XS,,,,Wellington Warehouse,65000,65000,65000,140000,0,0,
0,Cycle Counted,1777744483593,C,1,Yagya AirTech Half Zip,Rider > Accessories & Apparel > Shirts,1000000001341,Color: Black/Black,Size: Small,,,,Wellington Warehouse,65000,65000,65000,140000,0,0,
0,Cycle Counted,1777744483593,C,1,Yagya AirTech Half Zip,Rider > Accessories & Apparel > Shirts,1000000001342,Color: Black/Black,Size: Medium,,,,Wellington Warehouse,65000,65000,65000,140000,0,0,0.1550353
0,Cycle Counted,1777744483593,C,1,Yagya AirTech Half Zip,Rider > Accessories & Apparel > Shirts,1000000001343,Color: Black/Black,Size: Large,,,,Wellington Warehouse,65000,65000,65000,140000,0,0,0.013276944
154,Grid wall,1770916055031,Girths,1,Equestrian Wellness Mineral Sun Stick,Rider > Accessories & Apparel > Accessories,EquestrianWellnessMineralSunStick-35Ounces,Size: .35 ounces,,,,,Wellington Warehouse,9000,9000,9000,18000,0,0,0.13479237
112,BIN-01,1774887638157,Cavali 2,1,Cavali Club Beach Towel,Rider > Accessories & Apparel > Accessories,SUMTG,Color: Green,,,,,Wellington Warehouse,5990,5990,5990,65000,0,0,
75,BIN-01,1774887638157,Cavali 2,1,Cavali Club Beach Towel,Rider > Accessories & Apparel > Accessories,SUMTP,Color: Pink,,,,,Wellington Warehouse,5990,5990,5990,65000,0,0,
69,BIN-04,1774887638160,Cavali 2,4,Dreamers & Schemers X Cavali Club Pony Finals Socks,Rider > Accessories & Apparel > Socks,PFS25,Title: Default Title,,,,,Wellington Warehouse,0,0,0,19990,0,0,
30,ROW 4 : LVL 5,1774281226569,Supplements 2,5,Equestrian Bamboo Socks,Rider > Accessories & Apparel > Socks,MCV09365,Color: Ivory,,,,,Wellington Warehouse,2700,2700,2700,6000,0,0,0.0363835
33,BIN-04,1774887638160,Cavali 2,4,Equestrian Bamboo Socks,Rider > Accessories & Apparel > Socks,MCV09365,Color: Ivory,,,,,Wellington Warehouse,2700,2700,2700,6000,0,0,0.0363835
0,BIN-04,1774887638160,Cavali 2,4,Yagya Signature Riding Sock,Rider > Accessories & Apparel > Socks,1000000001460,Size: One size,Color: Black,,,,Wellington Warehouse,22000,22000,22000,45000,0,0,0.026360083
0,Other,1777650559284,C,1,Yagya Signature Belt,Rider > Accessories & Apparel > Belts,1000000001331,Size: XS/S,Color: Black/Gold,,,,Wellington Warehouse,120000,120000,120000,260000,0,0,
0,Other,1777650559284,C,1,Yagya Signature Belt,Rider > Accessories & Apparel > Belts,1000000001333,Size: XS/S,Color: Brown/Silver,,,,Wellington Warehouse,120000,120000,120000,260000,0,0,
0,Other,1777650559284,C,1,Yagya Signature Belt,Rider > Accessories & Apparel > Belts,1000000001332,Size: M/L,Color: Black/Gold,,,,Wellington Warehouse,120000,120000,120000,260000,0,0,
0,Other,1777650559284,C,1,Yagya Signature Belt,Rider > Accessories & Apparel > Belts,1000000001334,Size: M/L,Color: Brown/Silver,,,,Wellington Warehouse,120000,120000,120000,260000,0,0,
0,Cycle Counted,1777744483593,C,1,Yagya Half Zip Short Sleeve,Rider > Accessories & Apparel > Shirts,1000000001420,Color: Navy,Size: XS,,,,Wellington Warehouse,85000,85000,85000,180000,0,0,
0,Cycle Counted,1777744483593,C,1,Yagya Half Zip Short Sleeve,Rider > Accessories & Apparel > Shirts,1000000001421,Color: Navy,Size: S,,,,Wellington Warehouse,85000,85000,85000,180000,0,0,
0,BIN-04,1774887638160,Cavali 2,4,Yagya Riding Sock,Rider > Accessories & Apparel > Socks,1000000001459,Color: Navy,Size: One Size,,,,Wellington Warehouse,22000,22000,22000,45000,0,0,0.013276944
2,Other,1777650559284,C,1,Yagya Stockholm Cap,Rider > Accessories & Apparel > Hats,1000000001456,Size: One Size,Color: Grey,,,,Wellington Warehouse,56000,56000,56000,60000,0,0,
0,Shirts,1777650559287,C,1,Yagya Half Zip Long Sleeve,Rider > Accessories & Apparel > Shirts,1000000001406,Color: Navy,Size: XS,,,,Wellington Warehouse,95000,95000,95000,200000,0,0,
0,Cycle Counted,1777744483593,C,1,Yagya Half Zip Long Sleeve,Rider > Accessories & Apparel > Shirts,1000000001407,Color: Navy,Size: S,,,,Wellington Warehouse,95000,95000,95000,200000,0,0,
0,Cycle Counted,1777744483593,C,1,Yagya Half Zip Long Sleeve,Rider > Accessories & Apparel > Shirts,1000000001408,Color: Navy,Size: M,,,,Wellington Warehouse,95000,95000,95000,200000,0,0,
6,ROW 1 : LVL 3,1774281650389,Hoof/Treats,3,Reducine Absorbent for Horses,Horse Care > First Aid & Wellness > Wound Care & Topicals,100510714,Title: Default Title,,,,,Wellington Warehouse,17320,17320,17320,22950,0,0,
0,Cycle Counted,1777744483593,C,1,Yagya Half Zip Short Sleeve,Rider > Accessories & Apparel > Shirts,1000000001422,Color: Navy,Size: M,,,,Wellington Warehouse,85000,85000,85000,180000,0,0,
50,ROW 5 : LVL 2,1774281573048,Grooming/Cavali,2,Show the Bows - Kentucky Blues Bows,Rider > Accessories & Apparel > Accessories,PFBOW25,Title: Default Title,,,,,Wellington Warehouse,48750,48750,48750,69990,0,0,
7,BIN-01,1775240024369,Cavali 4,1,Show the Bows - Kentucky Blues Bows,Rider > Accessories & Apparel > Accessories,PFBOW25,Title: Default Title,,,,,Wellington Warehouse,48750,48750,48750,69990,0,0,
32,BIN-02,1775240098867,Cavali 4,2,Ruespari Belt,Rider > Accessories & Apparel > Belts,PFRB24SM,Size: S/M,,,,,Wellington Warehouse,30000,30000,30000,55000,0,0,
34,BIN-02,1775240098867,Cavali 4,2,Ruespari Belt,Rider > Accessories & Apparel > Belts,PFRB24ML,Size: M/L,,,,,Wellington Warehouse,30000,30000,30000,55000,0,0,
0,Shirts,1777650559287,C,1,Solid Citizen Jessica Seersucker Equestrian Button-Down Shirt,Rider > Accessories & Apparel > Shirts,SolidCitizenJessicaSeersuckerEquestrianButtonDownShirt-Ivory-XS,Color: Ivory,Size: XS,,,,Wellington Warehouse,0,0,0,145000,0,0,0.21159904
0,Shirts,1777650559287,C,1,Solid Citizen Jessica Seersucker Equestrian Button-Down Shirt,Rider > Accessories & Apparel > Shirts,SolidCitizenJessicaSeersuckerEquestrianButtonDownShirt-Ivory-S,Color: Ivory,Size: S,,,,Wellington Warehouse,0,0,0,145000,0,0,0.022830639
0,Shirts,1777650559287,C,1,Solid Citizen Jessica Seersucker Equestrian Button-Down Shirt,Rider > Accessories & Apparel > Shirts,SolidCitizenJessicaSeersuckerEquestrianButtonDownShirt-Ivory-M,Color: Ivory,Size: M,,,,Wellington Warehouse,0,0,0,145000,0,0,0.04839836
0,Shirts,1777650559287,C,1,Solid Citizen Jessica Seersucker Equestrian Button-Down Shirt,Rider > Accessories & Apparel > Shirts,SolidCitizenJessicaSeersuckerEquestrianButtonDownShirt-Ivory-L,Color: Ivory,Size: L,,,,Wellington Warehouse,0,0,0,145000,0,0,
4,ROW 3 : LVL 1,1774281545036,Grooming,1,EnviroEquine Enriched Shampoo IN STORE,"Horse Care > Grooming & Bathing > Shampoos, Conditioners, & Sprays > Shampoos",C-EEENSH032OZ,Size: 32 Ounces,,,,,Wellington Warehouse,22750,22750,22750,34950,0,0,0.08552089
4,ROW 3 : LVL 1,1774281545036,Grooming,1,EnviroEquine Show Ring Ready Shampoo IN STORE,"Horse Care > Grooming & Bathing > Shampoos, Conditioners, & Sprays > Shampoos",C-691037928002,Size: 32 Ounces,,,,,Wellington Warehouse,22720,22720,22720,34950,0,0,0.13646266
24,BIN-02,1774887638153,Cavali 1,2,Cavali Club Insulated Wine Tumbler,Rider > Accessories & Apparel > Accessories,CCWT12,Size: 12oz,,,,,Wellington Warehouse,5050,5050,5050,45000,0,0,
183,ROW 1 : LVL 4,1767974772720,Supplements 1,4,Cavali Club Insulated Wine Tumbler,Rider > Accessories & Apparel > Accessories,CCWT12,Size: 12oz,,,,,Wellington Warehouse,5050,5050,5050,45000,0,0,
29,BIN-05,1774887638161,Cavali 2,5,Western Equestrian Snaffle Bit Scarf 100% Silk,Rider > Accessories & Apparel > Accessories,PGSSIVORY,Color: Ivory,,,,,Wellington Warehouse,3490,3490,3490,15000,0,0,
70,BIN-05,1774887638161,Cavali 2,5,Western Equestrian Snaffle Bit Scarf 100% Silk,Rider > Accessories & Apparel > Accessories,PGSSGREEN,Color: Green,,,,,Wellington Warehouse,3490,3490,3490,15000,0,0,
1,Breeches,1777650559285,C,1,TKEQ Sculpt Breeches,Rider > Accessories & Apparel > Breeches,sculptBREECH-cairo-24,Color: Cairo,Size: 24,,,,Wellington Warehouse,95000,95000,95000,199000,0,0,
2,Breeches,1777650559285,C,1,TKEQ Sculpt Breeches,Rider > Accessories & Apparel > Breeches,sculptBREECH-cairo-26,Color: Cairo,Size: 26,,,,Wellington Warehouse,95000,95000,95000,199000,0,0,
2,Breeches,1777650559285,C,1,TKEQ Sculpt Breeches,Rider > Accessories & Apparel > Breeches,sculptBREECH-cairo-28,Color: Cairo,Size: 28,,,,Wellington Warehouse,95000,95000,95000,199000,0,0,
1,Breeches,1777650559285,C,1,TKEQ Sculpt Breeches,Rider > Accessories & Apparel > Breeches,sculptBREECH-cairo-30,Color: Cairo,Size: 30,,,,Wellington Warehouse,95000,95000,95000,199000,0,0,
0,Breeches,1777650559285,C,1,TKEQ Sculpt Breeches,Rider > Accessories & Apparel > Breeches,sculptBREECH-cairo-32,Color: Cairo,Size: 32,,,,Wellington Warehouse,95000,95000,95000,199000,0,0,
0,Shirts,1777650559287,C,1,TKEQ Kennedy Seamless 2.0 Long Sleeve,Rider > Accessories & Apparel > Shirts,Ken-2.0-LS-L/XL-candy,Size: XS/S,Color: Iced Out,,,,Wellington Warehouse,41000,41000,41000,85000,0,0,0.0120849395
0,Shirts,1777650559287,C,1,TKEQ Kennedy Seamless 2.0 Long Sleeve,Rider > Accessories & Apparel > Shirts,Ken-2.0-LS-XSS-candy,Size: XS/S,Color: Candy,,,,Wellington Warehouse,41000,41000,41000,85000,0,0,0.08521244
1,Shirts,1777650559287,C,1,TKEQ Kennedy Seamless 2.0 Long Sleeve,Rider > Accessories & Apparel > Shirts,Ken-2.0-LS-SM-ice,Size: S/M,Color: Iced Out,,,,Wellington Warehouse,41000,41000,41000,85000,0,0,
1,Shirts,1777650559287,C,1,TKEQ Kennedy Seamless 2.0 Long Sleeve,Rider > Accessories & Apparel > Shirts,Ken-2.0-LS-SM-candy,Size: S/M,Color: Candy,,,,Wellington Warehouse,41000,41000,41000,85000,0,0,
0,Shirts,1777650559287,C,1,TKEQ Kennedy Seamless 2.0 Long Sleeve,Rider > Accessories & Apparel > Shirts,Ken-2.0-LS-ML-ice,Size: M/L,Color: Iced Out,,,,Wellington Warehouse,41000,41000,41000,85000,0,0,0.046353165
1,Shirts,1777650559287,C,1,TKEQ Kennedy Seamless 2.0 Long Sleeve,Rider > Accessories & Apparel > Shirts,Ken-2.0-LS-ML-candy,Size: M/L,Color: Candy,,,,Wellington Warehouse,41000,41000,41000,85000,0,0,
1,Shirts,1777650559287,C,1,TKEQ Kennedy Seamless 2.0 Long Sleeve,Rider > Accessories & Apparel > Shirts,Ken-2.0-LS-L/XL-ice,Size: L/XL,Color: Iced Out,,,,Wellington Warehouse,41000,41000,41000,85000,0,0,
1,Shirts,1777650559287,C,1,TKEQ Kennedy Seamless 2.0 Long Sleeve,Rider > Accessories & Apparel > Shirts,Ken-2.0-LS-L/XL-candy,Size: L/XL,Color: Candy,,,,Wellington Warehouse,41000,41000,41000,85000,0,0,
8,ROW 3 : LVL 2,1774281614627,Grooming/Tack Cleaner,2,Fiebing's 100% Pure Neatsfoot Oil,Tack & Equipment > Leather Care,088-30060,Size: 32 Ounces,,,,,Wellington Warehouse,13440,13440,13440,24190,0,0,
7,ROW 2 : LVL 2,1767888398018,Supplements 1,2,Poseidon Stress Paste,Horse Care > Supplements > Calming & Focus,POS-STRESS-ST,Size: Single Tube,,,,,Wellington Warehouse,16630,16630,16630,26000,0,0,
0,ROW 2 : LVL 2,1767888398018,Supplements 1,2,Poseidon Stress Paste,Horse Care > Supplements > Calming & Focus,POS-STRESS-4PK,Size: 4-Pack,,,,,Wellington Warehouse,66520,66520,66520,99990,0,0,0.035449848
0,ROW 2 : LVL 2,1767888398018,Supplements 1,2,Poseidon Digestive HP,Horse Care > Supplements > Digestive & Gut Health,POS-DIGESTHP-10,Size: 10 Pound,,,,,Wellington Warehouse,93100,93100,93100,133000,0,0,0.046276525
3,ROW 2 : LVL 2,1767888398018,Supplements 1,2,Poseidon MetaboLize,Horse Care > Supplements > Metabolic,PoseidonMetabolize-180g,Size: 180g,,,,,Wellington Warehouse,98000,98000,98000,140000,0,0,
0,Cycle Counted,1777744483593,C,1,Eloveá Quito Waterproof Leather Stable Boots by Jake Adams Equestrian,Rider > Footwear > Boots,PB-QUITO-35,Size: 35,,,,,Wellington Warehouse,158950,158950,158950,289000,0,0,
0,Cycle Counted,1777744483593,C,1,Eloveá Quito Waterproof Leather Stable Boots by Jake Adams Equestrian,Rider > Footwear > Boots,PB-QUITO-36,Size: 36,,,,,Wellington Warehouse,158950,158950,158950,289000,0,0,
0,Cycle Counted,1777744483593,C,1,Eloveá Quito Waterproof Leather Stable Boots by Jake Adams Equestrian,Rider > Footwear > Boots,PB-QUITO-37,Size: 37,,,,,Wellington Warehouse,158950,158950,158950,289000,0,0,
0,Cycle Counted,1777744483593,C,1,Eloveá Quito Waterproof Leather Stable Boots by Jake Adams Equestrian,Rider > Footwear > Boots,PB-QUITO-38,Size: 38,,,,,Wellington Warehouse,158950,158950,158950,289000,0,0,
0,Cycle Counted,1777744483593,C,1,Eloveá Quito Waterproof Leather Stable Boots by Jake Adams Equestrian,Rider > Footwear > Boots,PB-QUITO-39,Size: 39,,,,,Wellington Warehouse,158950,158950,158950,289000,0,0,0.07839711
0,Cycle Counted,1777744483593,C,1,Eloveá Quito Waterproof Leather Stable Boots by Jake Adams Equestrian,Rider > Footwear > Boots,PB-QUITO-40,Size: 40,,,,,Wellington Warehouse,158950,158950,158950,289000,0,0,0.041257657
0,Cycle Counted,1777744483593,C,1,Eloveá Quito Waterproof Leather Stable Boots by Jake Adams Equestrian,Rider > Footwear > Boots,PB-QUITO-41,Size: 41,,,,,Wellington Warehouse,158950,158950,158950,289000,0,0,0.08555799
0,Cycle Counted,1777744483593,C,1,Eloveá Quito Waterproof Leather Stable Boots by Jake Adams Equestrian,Rider > Footwear > Boots,PB-QUITO-44,Size: 44,,,,,Wellington Warehouse,158950,158950,158950,289000,0,0,
0,Cycle Counted,1777744483593,C,1,Eloveá Quito Waterproof Leather Stable Boots by Jake Adams Equestrian,Rider > Footwear > Boots,PB-QUITO-45,Size: 45,,,,,Wellington Warehouse,158950,158950,158950,289000,0,0,
10,BIN-05,1768232470960,Shelf 1,5,WeatherBeeta Comfitec Fine Mesh Fly Mask,Horse Wear > Fly & Insect Control > Fly Masks,1029731005,Size: Small,Color: Grey,,,,Wellington Warehouse,10350,10350,10350,18390,0,5,
13,BIN-05,1768232470960,Shelf 1,5,WeatherBeeta Comfitec Fine Mesh Fly Mask,Horse Wear > Fly & Insect Control > Fly Masks,1029731006,Size: Medium,Color: Grey,,,,Wellington Warehouse,10350,10350,10350,18390,0,7,0.031080687
11,BIN-05,1768232470960,Shelf 1,5,WeatherBeeta Comfitec Fine Mesh Fly Mask,Horse Wear > Fly & Insect Control > Fly Masks,1029731007,Size: Large,Color: Grey,,,,Wellington Warehouse,10350,10350,10350,18390,0,7,0.04483653
9,BIN-05,1768232470960,Shelf 1,5,WeatherBeeta Comfitec Fine Mesh Fly Mask,Horse Wear > Fly & Insect Control > Fly Masks,1029731008,Size: Extra Large,Color: Grey,,,,Wellington Warehouse,10350,10350,10350,18390,0,5,
0,BIN-02,1768845069690,Shelf 15,2,Weatherbeeta ComfiTec Hexi Shield Fly Wraps,Horse Wear > Fly & Insect Control > Fly Boots,1027309003,Color: Grey/Silver,Size: Small,,,,Wellington Warehouse,26250,26250,26250,47990,0,5,0.024854429
0,BIN-02,1768845069690,Shelf 15,2,Weatherbeeta ComfiTec Hexi Shield Fly Wraps,Horse Wear > Fly & Insect Control > Fly Boots,1027309004,Color: Grey/Silver,Size: X Large,,,,Wellington Warehouse,26250,26250,26250,47990,0,5,0.05798542
1,BIN-01,1776354991786,Grooming Small,1,Tough-1 Great Grip Mane & Tail Brush,Horse Care > Grooming & Bathing > Brushes & Tools > Brushes & Combs,68-907-11-0,Color: Pink,,,,,Wellington Warehouse,3690,3690,3690,6990,0,0,0.059668202
234,ROW 4 : LVL 5,1774281614635,Grooming/Tack Cleaner,5,Tiger's Tongue Scrubby Bath Cloth,"Horse Care > Grooming & Bathing > Brushes & Tools > Grooming Gloves, Curry Combs & Deshedding Tools",1095,Title: Default Title,,,,,Wellington Warehouse,4000,4000,4000,8500,0,0,0.073359825
28,BIN-05,1776354991790,Grooming Small,5,Tiger's Tongue Scrubby Bath Cloth,"Horse Care > Grooming & Bathing > Brushes & Tools > Grooming Gloves, Curry Combs & Deshedding Tools",1095,Title: Default Title,,,,,Wellington Warehouse,4000,4000,4000,8500,0,0,0.073359825
3,BIN-02,1776354991787,Grooming Small,2,Epona Nature's Sweat Scraper,Horse Care > Grooming & Bathing > Brushes & Tools > Sweat Scrapers,1099,Title: Default Title,,,,,Wellington Warehouse,4760,4760,4760,9970,0,0,0.08244961
8,BIN-02,1776354991787,Grooming Small,2,Grooming Deluxe Mane Brush,Horse Care > Grooming & Bathing > Brushes & Tools > Brushes & Combs,82141-05,Title: Default Title,,,,,Wellington Warehouse,10410,10410,10410,49990,0,0,
4,BIN 1,1776787262019,Bits 1,1,Toklat Full Cheek Slow Twist Snaffle,Tack & Equipment > Bits > English Bits,88-15265,"Size: 5""",,,,,Wellington Warehouse,25950,25950,25950,51950,0,0,
4,BIN 1,1776787262019,Bits 1,1,Toklat Full Cheek Slow Twist Snaffle,Tack & Equipment > Bits > English Bits,88-15267,"Size: 5 1/2""",,,,,Wellington Warehouse,25950,25950,25950,51950,0,0,
3,BIN 1,1776787262019,Bits 1,1,Toklat Hunter Dee Waterford,Tack & Equipment > Bits > English Bits,88-55297,"Size: 5 1/2""",,,,,Wellington Warehouse,29950,29950,29950,59950,0,0,
3,BIN 1,1776787262019,Bits 1,1,Toklat Hunter Dee Waterford,Tack & Equipment > Bits > English Bits,88-55295,"Size: 5""",,,,,Wellington Warehouse,29950,29950,29950,59950,0,0,
16,Grid wall,1770916055031,Girths,1,My Fancy Pony Scrunchy Set,Rider > Accessories & Apparel > Accessories,SCRNCHSET,Title: Default Title,,,,,Wellington Warehouse,7500,7500,7500,15000,0,0,
6,Grid wall,1770916055031,Girths,1,The Original HorseScents ScentStrap Set,Tack & Equipment > Training & Lunging > Accessories,TheOriginalHorsescentsScentstrapSet-DefaultTitle,Title: Default Title,,,,,Wellington Warehouse,29000,29000,29000,89000,0,0,
0,Shirts,1777650559287,C,1,Yagya Lightweight Long Sleeve,Rider > Accessories & Apparel > Shirts,1000000000780,Size: Small,Color: Black,,,,Wellington Warehouse,55000,55000,55000,160000,0,0,
62,ROW 2 : LVL 1,1774281650391,Hoof/Treats,1,Snaks 5th Avenchew Cavali Club Horse Cookies,,PF25COOKIES,Title: Default Title,,,,,Wellington Warehouse,20000,20000,20000,29990,0,0,
0,Breeches,1777650559285,C,1,Yagya Timeless Riding Breeches,Rider > Accessories & Apparel > Breeches,1000000001260,Color: Tan,Size: M,,,,Wellington Warehouse,195000,195000,195000,390000,0,0,0.11717074
0,Breeches,1777650559285,C,1,Yagya Timeless Riding Breeches,Rider > Accessories & Apparel > Breeches,1000000001261,Color: Tan,Size: L,,,,Wellington Warehouse,195000,195000,195000,390000,0,0,
0,Breeches,1777650559285,C,1,Yagya Timeless Riding Breeches,Rider > Accessories & Apparel > Breeches,1000000001259,Color: Tan,Size: S,,,,Wellington Warehouse,195000,195000,195000,390000,0,0,0.13122752
0,Breeches,1777650559285,C,1,Yagya Timeless Riding Breeches,Rider > Accessories & Apparel > Breeches,1000000001258,Color: Tan,Size: XS,,,,Wellington Warehouse,195000,195000,195000,390000,0,0,0.017984457
15,LVL 1,1770059667422,Buckets,1,DuraFlex 8 Quart Plastic Round Bucket,Stable > Stable Supplies > Feed & Water Buckets,P8WHITE6,Color: White,,,,,Wellington Warehouse,4170,4170,4170,6990,0,0,0.030599536
3,LVL 1,1770059667422,Buckets,1,DuraFlex 8 Quart Plastic Round Bucket,Stable > Stable Supplies > Feed & Water Buckets,P8NAVY6,Color: Navy,,,,,Wellington Warehouse,4170,4170,4170,6990,0,0,0.019900935
1,BIN-03,1768845014311,Shelf 13,3,Dy'on 5/8 Rubber Reins - D Collection,"Tack & Equipment > Bridles, Headstalls & Reins > English Bridles & Reins > Reins",DY05BBLP,Size: Pony,Color: Black,,,,Wellington Warehouse,72660,72660,72660,234990,0,0,
0,BIN-03,1768845014311,Shelf 13,3,Dy'on 1/2 Rubber Reins With 7 Leather Loops - Working Collection,"Tack & Equipment > Bridles, Headstalls & Reins > English Bridles & Reins > Reins",WO05CBRC,Size: Cob,Color: Brown,,,,Wellington Warehouse,36680,36680,36680,100000,0,0,0.029557593
9,BIN-04,1773766441666,Shelf 16,4,Horseware Ireland Field Safe Halter,Tack & Equipment > Halters & Leads > Halters > Nylon & Rope Halters,DHHF40-BOOO-PY,Size: Pony,Color: Navy,,,,Wellington Warehouse,20000,20000,20000,39950,0,0,
0,Right,1774885231987,Clothes,1,Yagya AirTech Full Zip,Rider > Accessories & Apparel > Shirts,1000000001356,Color: Black/Black,Size: Medium,,,,Wellington Warehouse,65000,65000,65000,150000,0,0,
0,Right,1774885231987,Clothes,1,Yagya AirTech Full Zip,Rider > Accessories & Apparel > Shirts,1000000001357,Color: Black/Black,Size: Large,,,,Wellington Warehouse,65000,65000,65000,150000,0,0,
0,Right,1774885231987,Clothes,1,Yagya AirTech Full Zip,Rider > Accessories & Apparel > Shirts,1000000001354,Color: Black/Black,Size: XS,,,,Wellington Warehouse,65000,65000,65000,150000,0,0,
0,Right,1774885231987,Clothes,1,Yagya AirTech Full Zip,Rider > Accessories & Apparel > Shirts,1000000001355,Color: Black/Black,Size: Small,,,,Wellington Warehouse,65000,65000,65000,150000,0,0,
0,Breeches,1777650559285,C,1,Yagya Timeless Riding Breeches,Rider > Accessories & Apparel > Breeches,1000000001037,Color: White,Size: XS,,,,Wellington Warehouse,195000,195000,195000,390000,0,0,0.018598277
0,Breeches,1777650559285,C,1,Yagya Timeless Riding Breeches,Rider > Accessories & Apparel > Breeches,1000000001038,Color: White,Size: S,,,,Wellington Warehouse,195000,195000,195000,390000,0,0,0.020106375
0,Shirts,1777650559287,C,1,Yagya Timeless Mesh Show Shirt,Rider > Accessories & Apparel > Shirts,1000000001053,Size: Medium,Color: White/White,,,,Wellington Warehouse,80000,80000,80000,230000,0,0,0.11717074
0,Shirts,1777650559287,C,1,Yagya Timeless Mesh Show Shirt,Rider > Accessories & Apparel > Shirts,1000000001054,Size: Large,Color: White/White,,,,Wellington Warehouse,80000,80000,80000,230000,0,0,
0,Shirts,1777650559287,C,1,Yagya Timeless Mesh Show Shirt,Rider > Accessories & Apparel > Shirts,1000000001051,Size: XS,Color: White/White,,,,Wellington Warehouse,80000,80000,80000,230000,0,0,
0,Shirts,1777650559287,C,1,Yagya Timeless Mesh Show Shirt,Rider > Accessories & Apparel > Shirts,1000000001052,Size: Small,Color: White/White,,,,Wellington Warehouse,80000,80000,80000,230000,0,0,
0,Shirts,1777650559287,C,1,Yagya Timeless Mesh Show Shirt,Rider > Accessories & Apparel > Shirts,1000000001310,Size: Medium,Color: Black,,,,Wellington Warehouse,80000,80000,80000,230000,0,0,0.017933581
0,Shirts,1777650559287,C,1,Yagya Timeless Mesh Show Shirt,Rider > Accessories & Apparel > Shirts,1000000001311,Size: Large,Color: Black,,,,Wellington Warehouse,80000,80000,80000,230000,0,0,
0,Shirts,1777650559287,C,1,Yagya Timeless Mesh Show Shirt,Rider > Accessories & Apparel > Shirts,1000000001308,Size: XS,Color: Black,,,,Wellington Warehouse,80000,80000,80000,230000,0,0,
0,Shirts,1777650559287,C,1,Yagya Timeless Mesh Show Shirt,Rider > Accessories & Apparel > Shirts,1000000001309,Size: Small,Color: Black,,,,Wellington Warehouse,80000,80000,80000,230000,0,0,
1,Breeches,1777650559285,C,1,LeMieux Brilliance Knee Grip Breeches,Rider > Accessories & Apparel > Breeches,IT08826016,Color: White,Size: 12,,,,Wellington Warehouse,75680,75680,75680,149950,0,0,
1,Breeches,1777650559285,C,1,LeMieux Brilliance Knee Grip Breeches,Rider > Accessories & Apparel > Breeches,IT09156014,Color: Espresso,Size: 8,,,,Wellington Warehouse,75680,75680,75680,149950,0,0,
1,Breeches,1777650559285,C,1,LeMieux Brilliance Knee Grip Breeches,Rider > Accessories & Apparel > Breeches,IT09156018,Color: Espresso,Size: 4,,,,Wellington Warehouse,75680,75680,75680,149950,0,0,
1,Breeches,1777650559285,C,1,LeMieux Brilliance Knee Grip Breeches,Rider > Accessories & Apparel > Breeches,IT08825015,Color: Navy,Size: 10,,,,Wellington Warehouse,75680,75680,75680,149950,0,0,
1,Breeches,1777650559285,C,1,LeMieux Brilliance Knee Grip Breeches,Rider > Accessories & Apparel > Breeches,IT08826017,Color: White,Size: 2,,,,Wellington Warehouse,75680,75680,75680,149950,0,0,
1,Breeches,1777650559285,C,1,LeMieux Brilliance Knee Grip Breeches,Rider > Accessories & Apparel > Breeches,IT08826015,Color: White,Size: 10,,,,Wellington Warehouse,75680,75680,75680,149950,0,0,
1,Breeches,1777650559285,C,1,LeMieux Brilliance Knee Grip Breeches,Rider > Accessories & Apparel > Breeches,IT08825014,Color: Navy,Size: 8,,,,Wellington Warehouse,75680,75680,75680,149950,0,0,
0,Breeches,1777650559285,C,1,LeMieux Brilliance Knee Grip Breeches,Rider > Accessories & Apparel > Breeches,IT09156013,Color: Espresso,Size: 6,,,,Wellington Warehouse,75680,75680,75680,149950,0,0,0.09270633
0,Breeches,1777650559285,C,1,LeMieux Brilliance Knee Grip Breeches,Rider > Accessories & Apparel > Breeches,IT08825013,Color: Navy,Size: 6,,,,Wellington Warehouse,75680,75680,75680,149950,0,0,0.01796617
1,Breeches,1777650559285,C,1,LeMieux Brilliance Knee Grip Breeches,Rider > Accessories & Apparel > Breeches,IT09156015,Color: Espresso,Size: 10,,,,Wellington Warehouse,75680,75680,75680,149950,0,0,
1,Breeches,1777650559285,C,1,LeMieux Brilliance Knee Grip Breeches,Rider > Accessories & Apparel > Breeches,IT08825018,Color: Navy,Size: 4,,,,Wellington Warehouse,75680,75680,75680,149950,0,0,
1,Breeches,1777650559285,C,1,LeMieux Brilliance Knee Grip Breeches,Rider > Accessories & Apparel > Breeches,IT08826018,Color: White,Size: 4,,,,Wellington Warehouse,75680,75680,75680,149950,0,0,
1,Breeches,1777650559285,C,1,LeMieux Brilliance Knee Grip Breeches,Rider > Accessories & Apparel > Breeches,IT08826014,Color: White,Size: 8,,,,Wellington Warehouse,75680,75680,75680,149950,0,0,
1,Breeches,1777650559285,C,1,LeMieux Brilliance Knee Grip Breeches,Rider > Accessories & Apparel > Breeches,IT08825016,Color: Navy,Size: 12,,,,Wellington Warehouse,75680,75680,75680,149950,0,0,
1,Breeches,1777650559285,C,1,LeMieux Brilliance Knee Grip Breeches,Rider > Accessories & Apparel > Breeches,IT09156016,Color: Espresso,Size: 12,,,,Wellington Warehouse,75680,75680,75680,149950,0,0,
1,Breeches,1777650559285,C,1,LeMieux Brilliance Knee Grip Breeches,Rider > Accessories & Apparel > Breeches,IT09156017,Color: Espresso,Size: 2,,,,Wellington Warehouse,75680,75680,75680,149950,0,0,
1,Breeches,1777650559285,C,1,LeMieux Brilliance Knee Grip Breeches,Rider > Accessories & Apparel > Breeches,IT08826013,Color: White,Size: 6,,,,Wellington Warehouse,75680,75680,75680,149950,0,0,
1,Breeches,1777650559285,C,1,LeMieux Brilliance Knee Grip Breeches,Rider > Accessories & Apparel > Breeches,IT08825017,Color: Navy,Size: 2,,,,Wellington Warehouse,75680,75680,75680,149950,0,0,
1,Breeches,1777650559285,C,1,LeMieux Brilliance Knee Grip Breeches,Rider > Accessories & Apparel > Breeches,IT08824017,Color: Black,Size: 2,,,,Wellington Warehouse,75680,75680,75680,149950,0,0,
1,Breeches,1777650559285,C,1,LeMieux Brilliance Knee Grip Breeches,Rider > Accessories & Apparel > Breeches,IT08824016,Color: Black,Size: 12,,,,Wellington Warehouse,75680,75680,75680,149950,0,0,
0,Breeches,1777650559285,C,1,LeMieux Brilliance Knee Grip Breeches,Rider > Accessories & Apparel > Breeches,IT08824013,Color: Black,Size: 6,,,,Wellington Warehouse,75680,75680,75680,149950,0,0,0.07129191
1,Breeches,1777650559285,C,1,LeMieux Brilliance Knee Grip Breeches,Rider > Accessories & Apparel > Breeches,IT08824014,Color: Black,Size: 8,,,,Wellington Warehouse,75680,75680,75680,149950,0,0,
1,Breeches,1777650559285,C,1,LeMieux Brilliance Knee Grip Breeches,Rider > Accessories & Apparel > Breeches,IT08824018,Color: Black,Size: 4,,,,Wellington Warehouse,75680,75680,75680,149950,0,0,
1,Breeches,1777650559285,C,1,LeMieux Brilliance Knee Grip Breeches,Rider > Accessories & Apparel > Breeches,IT08824015,Color: Black,Size: 10,,,,Wellington Warehouse,75680,75680,75680,149950,0,0,
0,Breeches,1777650559285,C,1,LeMieux Brilliance Full Seat Breeches,Rider > Accessories & Apparel > Breeches,IT08821018,Color: Black,Size: 4,,,,Wellington Warehouse,75680,75680,75680,149950,0,0,0.036062967
1,Breeches,1777650559285,C,1,LeMieux Brilliance Full Seat Breeches,Rider > Accessories & Apparel > Breeches,IT08822018,Color: Navy,Size: 4,,,,Wellington Warehouse,75680,75680,75680,149950,0,0,
1,Breeches,1777650559285,C,1,LeMieux Brilliance Full Seat Breeches,Rider > Accessories & Apparel > Breeches,IT09157016,Color: Espresso,Size: 12,,,,Wellington Warehouse,75680,75680,75680,149950,0,0,
1,Breeches,1777650559285,C,1,LeMieux Brilliance Full Seat Breeches,Rider > Accessories & Apparel > Breeches,IT08822013,Color: Navy,Size: 6,,,,Wellington Warehouse,75680,75680,75680,149950,0,0,
1,Breeches,1777650559285,C,1,LeMieux Brilliance Full Seat Breeches,Rider > Accessories & Apparel > Breeches,IT09157013,Color: Espresso,Size: 6,,,,Wellington Warehouse,75680,75680,75680,149950,0,0,
1,Breeches,1777650559285,C,1,LeMieux Brilliance Full Seat Breeches,Rider > Accessories & Apparel > Breeches,IT08822017,Color: Navy,Size: 2,,,,Wellington Warehouse,75680,75680,75680,149950,0,0,
1,Breeches,1777650559285,C,1,LeMieux Brilliance Full Seat Breeches,Rider > Accessories & Apparel > Breeches,IT08821017,Color: Black,Size: 2,,,,Wellington Warehouse,75680,75680,75680,149950,0,0,
1,Breeches,1777650559285,C,1,LeMieux Brilliance Full Seat Breeches,Rider > Accessories & Apparel > Breeches,IT08821014,Color: Black,Size: 8,,,,Wellington Warehouse,75680,75680,75680,149950,0,0,
0,Breeches,1777650559285,C,1,LeMieux Brilliance Full Seat Breeches,Rider > Accessories & Apparel > Breeches,IT08823018,Color: White,Size: 4,,,,Wellington Warehouse,75680,75680,75680,149950,0,0,0.052901614
1,Breeches,1777650559285,C,1,LeMieux Brilliance Full Seat Breeches,Rider > Accessories & Apparel > Breeches,IT08823015,Color: White,Size: 10,,,,Wellington Warehouse,75680,75680,75680,149950,0,0,
1,Breeches,1777650559285,C,1,LeMieux Brilliance Full Seat Breeches,Rider > Accessories & Apparel > Breeches,IT08822014,Color: Navy,Size: 8,,,,Wellington Warehouse,75680,75680,75680,149950,0,0,
1,Breeches,1777650559285,C,1,LeMieux Brilliance Full Seat Breeches,Rider > Accessories & Apparel > Breeches,IT08821013,Color: Black,Size: 6,,,,Wellington Warehouse,75680,75680,75680,149950,0,0,
1,Breeches,1777650559285,C,1,LeMieux Brilliance Full Seat Breeches,Rider > Accessories & Apparel > Breeches,IT09157018,Color: Espresso,Size: 4,,,,Wellington Warehouse,75680,75680,75680,149950,0,0,
1,Breeches,1777650559285,C,1,LeMieux Brilliance Full Seat Breeches,Rider > Accessories & Apparel > Breeches,IT09157015,Color: Espresso,Size: 10,,,,Wellington Warehouse,75680,75680,75680,149950,0,0,
1,Breeches,1777650559285,C,1,LeMieux Brilliance Full Seat Breeches,Rider > Accessories & Apparel > Breeches,IT08821015,Color: Black,Size: 10,,,,Wellington Warehouse,75680,75680,75680,149950,0,0,
1,Breeches,1777650559285,C,1,LeMieux Brilliance Full Seat Breeches,Rider > Accessories & Apparel > Breeches,IT08822015,Color: Navy,Size: 10,,,,Wellington Warehouse,75680,75680,75680,149950,0,0,
1,Breeches,1777650559285,C,1,LeMieux Brilliance Full Seat Breeches,Rider > Accessories & Apparel > Breeches,IT08823013,Color: White,Size: 6,,,,Wellington Warehouse,75680,75680,75680,149950,0,0,
1,Breeches,1777650559285,C,1,LeMieux Brilliance Full Seat Breeches,Rider > Accessories & Apparel > Breeches,IT09157017,Color: Espresso,Size: 2,,,,Wellington Warehouse,75680,75680,75680,149950,0,0,
1,Breeches,1777650559285,C,1,LeMieux Brilliance Full Seat Breeches,Rider > Accessories & Apparel > Breeches,IT09157014,Color: Espresso,Size: 8,,,,Wellington Warehouse,75680,75680,75680,149950,0,0,
1,Breeches,1777650559285,C,1,LeMieux Brilliance Full Seat Breeches,Rider > Accessories & Apparel > Breeches,IT08823017,Color: White,Size: 2,,,,Wellington Warehouse,75680,75680,75680,149950,0,0,
1,Breeches,1777650559285,C,1,LeMieux Brilliance Full Seat Breeches,Rider > Accessories & Apparel > Breeches,IT08823016,Color: White,Size: 12,,,,Wellington Warehouse,75680,75680,75680,149950,0,0,
1,Breeches,1777650559285,C,1,LeMieux Brilliance Full Seat Breeches,Rider > Accessories & Apparel > Breeches,IT08821016,Color: Black,Size: 12,,,,Wellington Warehouse,75680,75680,75680,149950,0,0,
1,Breeches,1777650559285,C,1,LeMieux Brilliance Full Seat Breeches,Rider > Accessories & Apparel > Breeches,IT08823014,Color: White,Size: 8,,,,Wellington Warehouse,75680,75680,75680,149950,0,0,
1,Breeches,1777650559285,C,1,LeMieux Brilliance Full Seat Breeches,Rider > Accessories & Apparel > Breeches,IT08822016,Color: Navy,Size: 12,,,,Wellington Warehouse,75680,75680,75680,149950,0,0,
1,Shirts,1777650559287,C,1,LeMieux Brilliance Heyden Lightweight Base Layer,Rider > Accessories & Apparel > Shirts,IT08832017,Size: 2,Color: Black,,,,Wellington Warehouse,52020,52020,52020,99950,0,0,
1,Shirts,1777650559287,C,1,LeMieux Brilliance Heyden Lightweight Base Layer,Rider > Accessories & Apparel > Shirts,IT08833016,Size: 12,Color: Espresso,,,,Wellington Warehouse,52020,52020,52020,99950,0,0,
1,Shirts,1777650559287,C,1,LeMieux Brilliance Heyden Lightweight Base Layer,Rider > Accessories & Apparel > Shirts,IT08833014,Size: 8,Color: Espresso,,,,Wellington Warehouse,52020,52020,52020,99950,0,0,
1,Shirts,1777650559287,C,1,LeMieux Brilliance Heyden Lightweight Base Layer,Rider > Accessories & Apparel > Shirts,IT08834015,Size: 10,Color: Navy,,,,Wellington Warehouse,52020,52020,52020,99950,0,0,
1,Shirts,1777650559287,C,1,LeMieux Brilliance Heyden Lightweight Base Layer,Rider > Accessories & Apparel > Shirts,IT08832015,Size: 10,Color: Black,,,,Wellington Warehouse,52020,52020,52020,99950,0,0,
1,Shirts,1777650559287,C,1,LeMieux Brilliance Heyden Lightweight Base Layer,Rider > Accessories & Apparel > Shirts,IT08832013,Size: 6,Color: Black,,,,Wellington Warehouse,52020,52020,52020,99950,0,0,
1,Shirts,1777650559287,C,1,LeMieux Brilliance Heyden Lightweight Base Layer,Rider > Accessories & Apparel > Shirts,IT08834018,Size: 4,Color: Navy,,,,Wellington Warehouse,52020,52020,52020,99950,0,0,
1,Shirts,1777650559287,C,1,LeMieux Brilliance Heyden Lightweight Base Layer,Rider > Accessories & Apparel > Shirts,IT08832016,Size: 12,Color: Black,,,,Wellington Warehouse,52020,52020,52020,99950,0,0,
1,Shirts,1777650559287,C,1,LeMieux Brilliance Heyden Lightweight Base Layer,Rider > Accessories & Apparel > Shirts,IT08832018,Size: 4,Color: Black,,,,Wellington Warehouse,52020,52020,52020,99950,0,0,0.036062967
1,Shirts,1777650559287,C,1,LeMieux Brilliance Heyden Lightweight Base Layer,Rider > Accessories & Apparel > Shirts,IT08833015,Size: 10,Color: Espresso,,,,Wellington Warehouse,52020,52020,52020,99950,0,0,
0,Shirts,1777650559287,C,1,LeMieux Brilliance Heyden Lightweight Base Layer,Rider > Accessories & Apparel > Shirts,IT08833013,Size: 6,Color: Espresso,,,,Wellington Warehouse,52020,52020,52020,99950,0,0,0.046353165
1,Shirts,1777650559287,C,1,LeMieux Brilliance Heyden Lightweight Base Layer,Rider > Accessories & Apparel > Shirts,IT08833018,Size: 4,Color: Espresso,,,,Wellington Warehouse,52020,52020,52020,99950,0,0,
0,Shirts,1777650559287,C,1,LeMieux Brilliance Heyden Lightweight Base Layer,Rider > Accessories & Apparel > Shirts,IT08834013,Size: 6,Color: Navy,,,,Wellington Warehouse,52020,52020,52020,99950,0,0,0.01796617
1,Shirts,1777650559287,C,1,LeMieux Brilliance Heyden Lightweight Base Layer,Rider > Accessories & Apparel > Shirts,IT08833017,Size: 2,Color: Espresso,,,,Wellington Warehouse,52020,52020,52020,99950,0,0,
1,Shirts,1777650559287,C,1,LeMieux Brilliance Heyden Lightweight Base Layer,Rider > Accessories & Apparel > Shirts,IT08832014,Size: 8,Color: Black,,,,Wellington Warehouse,52020,52020,52020,99950,0,0,
1,Shirts,1777650559287,C,1,LeMieux Brilliance Heyden Lightweight Base Layer,Rider > Accessories & Apparel > Shirts,IT08834014,Size: 8,Color: Navy,,,,Wellington Warehouse,52020,52020,52020,99950,0,0,
1,Shirts,1777650559287,C,1,LeMieux Brilliance Heyden Lightweight Base Layer,Rider > Accessories & Apparel > Shirts,IT08834016,Size: 12,Color: Navy,,,,Wellington Warehouse,52020,52020,52020,99950,0,0,
0,Shirts,1777650559287,C,1,LeMieux Brilliance Heyden Lightweight Base Layer,Rider > Accessories & Apparel > Shirts,IT08834017,Size: 2,Color: Navy,,,,Wellington Warehouse,52020,52020,52020,99950,0,0,0.051761713
1,Shirts,1777650559287,C,1,LeMieux Brilliance T-Shirt,Rider > Accessories & Apparel > Shirts,IT08891018,Color: Navy,Size: 4,,,,Wellington Warehouse,28350,28350,28350,54950,0,0,
1,Shirts,1777650559287,C,1,LeMieux Brilliance T-Shirt,Rider > Accessories & Apparel > Shirts,IT08891016,Color: Navy,Size: 12,,,,Wellington Warehouse,28350,28350,28350,54950,0,0,
1,Shirts,1777650559287,C,1,LeMieux Brilliance T-Shirt,Rider > Accessories & Apparel > Shirts,IT08891017,Color: Navy,Size: 2,,,,Wellington Warehouse,28350,28350,28350,54950,0,0,
1,Shirts,1777650559287,C,1,LeMieux Brilliance T-Shirt,Rider > Accessories & Apparel > Shirts,IT08890018,Color: Black,Size: 4,,,,Wellington Warehouse,28350,28350,28350,54950,0,0,
1,Shirts,1777650559287,C,1,LeMieux Brilliance T-Shirt,Rider > Accessories & Apparel > Shirts,IT08890017,Color: Black,Size: 2,,,,Wellington Warehouse,28350,28350,28350,54950,0,0,
1,Shirts,1777650559287,C,1,LeMieux Brilliance T-Shirt,Rider > Accessories & Apparel > Shirts,IT08890015,Color: Black,Size: 10,,,,Wellington Warehouse,28350,28350,28350,54950,0,0,
1,Shirts,1777650559287,C,1,LeMieux Brilliance T-Shirt,Rider > Accessories & Apparel > Shirts,IT08890013,Color: Black,Size: 6,,,,Wellington Warehouse,28350,28350,28350,54950,0,0,
0,Shirts,1777650559287,C,1,LeMieux Brilliance T-Shirt,Rider > Accessories & Apparel > Shirts,IT08891013,Color: Navy,Size: 6,,,,Wellington Warehouse,28350,28350,28350,54950,0,0,0.01796617
1,Shirts,1777650559287,C,1,LeMieux Brilliance T-Shirt,Rider > Accessories & Apparel > Shirts,IT08890016,Color: Black,Size: 12,,,,Wellington Warehouse,28350,28350,28350,54950,0,0,
1,Shirts,1777650559287,C,1,LeMieux Brilliance T-Shirt,Rider > Accessories & Apparel > Shirts,IT08891015,Color: Navy,Size: 10,,,,Wellington Warehouse,28350,28350,28350,54950,0,0,
1,Shirts,1777650559287,C,1,LeMieux Brilliance T-Shirt,Rider > Accessories & Apparel > Shirts,IT08890014,Color: Black,Size: 8,,,,Wellington Warehouse,28350,28350,28350,54950,0,0,
1,Shirts,1777650559287,C,1,LeMieux Brilliance T-Shirt,Rider > Accessories & Apparel > Shirts,IT08891014,Color: Navy,Size: 8,,,,Wellington Warehouse,28350,28350,28350,54950,0,0,
2,Other,1777650559284,C,1,LeMieux Crystal Insert Belt,Rider > Accessories & Apparel > Belts,IT05552004,Size: Medium,Color: Brown,,,,Wellington Warehouse,37330,37330,37330,74950,0,0,
1,Other,1777650559284,C,1,LeMieux Crystal Insert Belt,Rider > Accessories & Apparel > Belts,IT04760005,Size: Large,Color: Black,,,,Wellington Warehouse,37330,37330,37330,74950,0,0,
1,Other,1777650559284,C,1,LeMieux Crystal Insert Belt,Rider > Accessories & Apparel > Belts,IT04760002,Size: Extra Small,Color: Black,,,,Wellington Warehouse,37330,37330,37330,74950,0,0,
1,Other,1777650559284,C,1,LeMieux Crystal Insert Belt,Rider > Accessories & Apparel > Belts,IT05552005,Size: Large,Color: Brown,,,,Wellington Warehouse,37330,37330,37330,74950,0,0,
1,BIN-03,1767722133134,Shelf 6,3,LeMieux Brilliance Fleece Edged Brushing Boot,Tack & Equipment > Boots & Wraps > Protective Boots > Front Boots,IT08957006,Color: White,Size: Extra Large,,,,Wellington Warehouse,42560,42560,42560,84950,0,0,
2,BIN-03,1767722133134,Shelf 6,3,LeMieux Brilliance Fleece Edged Brushing Boot,Tack & Equipment > Boots & Wraps > Protective Boots > Front Boots,IT08956005,Color: Black,Size: Large,,,,Wellington Warehouse,42560,42560,42560,84950,0,0,
2,BIN-03,1767722133134,Shelf 6,3,LeMieux Brilliance Fleece Edged Brushing Boot,Tack & Equipment > Boots & Wraps > Protective Boots > Front Boots,IT08957004,Color: White,Size: Medium,,,,Wellington Warehouse,42560,42560,42560,84950,0,0,
2,BIN-03,1767722133134,Shelf 6,3,LeMieux Brilliance Fleece Edged Brushing Boot,Tack & Equipment > Boots & Wraps > Protective Boots > Front Boots,IT08957005,Color: White,Size: Large,,,,Wellington Warehouse,42560,42560,42560,84950,0,0,
1,BIN-03,1767722133134,Shelf 6,3,LeMieux Brilliance Fleece Edged Brushing Boot,Tack & Equipment > Boots & Wraps > Protective Boots > Front Boots,IT08956006,Color: Black,Size: Extra Large,,,,Wellington Warehouse,42560,42560,42560,84950,0,0,
2,BIN-03,1767722133134,Shelf 6,3,LeMieux Brilliance Fleece Edged Brushing Boot,Tack & Equipment > Boots & Wraps > Protective Boots > Front Boots,IT08956004,Color: Black,Size: Medium,,,,Wellington Warehouse,42560,42560,42560,84950,0,0,
2,BIN-02,1767553027608,Shelf 4,2,LeMieux 360 Vision Fly Mask,Horse Wear > Fly & Insect Control > Fly Masks,IT08372006,Size: X-Large,Style: Half,Color: Grey,,,Wellington Warehouse,27810,27810,27810,49950,0,0,
3,BIN-02,1767553027608,Shelf 4,2,LeMieux 360 Vision Fly Mask,Horse Wear > Fly & Insect Control > Fly Masks,IT08373005,Size: Large,Style: Full,Color: Grey,,,Wellington Warehouse,29350,29350,29350,54950,0,0,
3,BIN-02,1767553027608,Shelf 4,2,LeMieux 360 Vision Fly Mask,Horse Wear > Fly & Insect Control > Fly Masks,IT08372005,Size: Large,Style: Half,Color: Grey,,,Wellington Warehouse,27810,27810,27810,49950,0,0,
2,BIN-02,1767553027608,Shelf 4,2,LeMieux 360 Vision Fly Mask,Horse Wear > Fly & Insect Control > Fly Masks,IT08372004,Size: Medium,Style: Half,Color: Grey,,,Wellington Warehouse,27810,27810,27810,49950,0,0,
2,BIN-02,1767553027608,Shelf 4,2,LeMieux 360 Vision Fly Mask,Horse Wear > Fly & Insect Control > Fly Masks,IT08373004,Size: Medium,Style: Full,Color: Grey,,,Wellington Warehouse,29350,29350,29350,54950,0,0,
0,Right,1774885231987,Clothes,1,Yagya Lightweight Long Sleeve,Rider > Accessories & Apparel > Shirts,1000000000778,Size: XXS,Color: Black,,,,Wellington Warehouse,55000,55000,55000,160000,0,0,0.04872007
4,ROW 2 : LVL 1,1767888349951,Supplements 1,1,Finish Line Total Control Plus,Horse Care > Supplements > Digestive & Gut Health,67009,Size: 9.3 Pounds,,,,,Wellington Warehouse,112380,112380,112380,149950,0,0,
1,Trailer SC Jackets,1785524151962,JUST TO COUNT,1,Solid Citizen Winnie Warm Up WindBreaker,Rider > Accessories & Apparel > Shirts,SC58-COCO-M,Color: Coco Brown,Size: M,,,,Wellington Warehouse,67000,67000,67000,190000,0,0,
1,Trailer SC Jackets,1785524151962,JUST TO COUNT,1,Solid Citizen Winnie Warm Up WindBreaker,Rider > Accessories & Apparel > Shirts,SC58-OLIVE-XS,Color: Olive Green,Size: XS,,,,Wellington Warehouse,67000,67000,67000,190000,0,0,
1,Trailer SC Jackets,1785524151962,JUST TO COUNT,1,Solid Citizen Winnie Warm Up WindBreaker,Rider > Accessories & Apparel > Shirts,SC58-COCO-L,Color: Coco Brown,Size: L,,,,Wellington Warehouse,67000,67000,67000,190000,0,0,
1,Trailer SC Jackets,1785524151962,JUST TO COUNT,1,Solid Citizen Winnie Warm Up WindBreaker,Rider > Accessories & Apparel > Shirts,SC58-OLIVE-M,Color: Olive Green,Size: M,,,,Wellington Warehouse,67000,67000,67000,190000,0,0,
1,Trailer SC Jackets,1785524151962,JUST TO COUNT,1,Solid Citizen Winnie Warm Up WindBreaker,Rider > Accessories & Apparel > Shirts,SC58-COCO-S,Color: Coco Brown,Size: S,,,,Wellington Warehouse,67000,67000,67000,190000,0,0,
1,Trailer SC Jackets,1785524151962,JUST TO COUNT,1,Solid Citizen Winnie Warm Up WindBreaker,Rider > Accessories & Apparel > Shirts,SC58-COCO-XS,Color: Coco Brown,Size: XS,,,,Wellington Warehouse,67000,67000,67000,190000,0,0,
1,Trailer SC Jackets,1785524151962,JUST TO COUNT,1,Solid Citizen Winnie Warm Up WindBreaker,Rider > Accessories & Apparel > Shirts,SC58-OLIVE-L,Color: Olive Green,Size: L,,,,Wellington Warehouse,67000,67000,67000,190000,0,0,
1,Trailer SC Jackets,1785524151962,JUST TO COUNT,1,Solid Citizen Winnie Warm Up WindBreaker,Rider > Accessories & Apparel > Shirts,SC58-OLIVE-S,Color: Olive Green,Size: S,,,,Wellington Warehouse,67000,67000,67000,190000,0,0,
1,Trailer SC Jackets,1785524151962,JUST TO COUNT,1,Solid Citizen Whitney Whipstitch,Rider > Accessories & Apparel > Shirts,SC59-BROWN-XS,Color: Brown,Size: XS,,,,Wellington Warehouse,90000,90000,90000,140000,0,0,
1,Trailer SC Jackets,1785524151962,JUST TO COUNT,1,Solid Citizen Whitney Whipstitch,Rider > Accessories & Apparel > Shirts,SC59-BROWN-S,Color: Brown,Size: S,,,,Wellington Warehouse,90000,90000,90000,140000,0,0,
1,Trailer SC Jackets,1785524151962,JUST TO COUNT,1,Solid Citizen Whitney Whipstitch,Rider > Accessories & Apparel > Shirts,SC59-BROWN-M,Color: Brown,Size: M,,,,Wellington Warehouse,90000,90000,90000,140000,0,0,
1,Trailer SC Jackets,1785524151962,JUST TO COUNT,1,Solid Citizen Whitney Whipstitch,Rider > Accessories & Apparel > Shirts,SC59-BROWN-L,Color: Brown,Size: L,,,,Wellington Warehouse,90000,90000,90000,140000,0,0,
1,Trailer SC Jackets,1785524151962,JUST TO COUNT,1,Solid Citizen Bowie Quilted Barn Jacket,Rider > Accessories & Apparel > Shirts,SC57-NAVY-S,Color: Navy,Size: S,,,,Wellington Warehouse,70000,70000,70000,250000,0,0,
1,Trailer SC Jackets,1785524151962,JUST TO COUNT,1,Solid Citizen Bowie Quilted Barn Jacket,Rider > Accessories & Apparel > Shirts,SC57-NAVY-M,Color: Navy,Size: M,,,,Wellington Warehouse,70000,70000,70000,250000,0,0,
1,Trailer SC Jackets,1785524151962,JUST TO COUNT,1,Solid Citizen Bowie Quilted Barn Jacket,Rider > Accessories & Apparel > Shirts,SC57-NAVY-L,Color: Navy,Size: L,,,,Wellington Warehouse,70000,70000,70000,250000,0,0,
1,Trailer SC Jackets,1785524151962,JUST TO COUNT,1,Solid Citizen Bowie Quilted Barn Jacket,Rider > Accessories & Apparel > Shirts,SC57-NAVY-XS,Color: Navy,Size: XS,,,,Wellington Warehouse,70000,70000,70000,250000,0,0,